playlist_name,playlist_last_modified,added_date,track_name,artist_name,album_name,track_uri,track_key
Sensual,2026-06-20,2026-06-20,SHOOK,H33RA,SHOOK,spotify:track:0wdSmyHGxoNaJmLENqcaUj,h33ra - shook
Sensual,2026-06-20,2026-06-20,Best Mistake,Ariana Grande,My Everything,spotify:track:3uDFCbWt1T19sz8zhBuaUc,ariana grande - best mistake
Sensual,2026-06-20,2026-06-20,Sex Talk,D4M $loan,I Couldn't Decide,spotify:track:0X2eq8W4o9qLoOAMil6Hce,d4m $loan - sex talk
Sensual,2026-06-20,2026-06-20,Avenue,H.E.R.,H.E.R. Volume 2,spotify:track:3qSH4NSYYOMkFTGwvGA91x,h.e.r. - avenue
Sensual,2026-06-20,2026-06-20,safety net (feat. Ty Dolla $ign),Ariana Grande,Positions,spotify:track:14gkWVFMwdxBMyqBw1wmIg,ariana grande - safety net (feat. ty dolla $ign)
Sensual,2026-06-20,2026-06-20,INVITATION (Feat. Gaeko),JUNNY,INVITATION (Feat. Gaeko),spotify:track:3ISOK4T54v6O1g1AB8FiEK,junny - invitation (feat. gaeko)
Sensual,2026-06-20,2026-06-20,back of the club,kwn,with all due respect,spotify:track:6svat6LhQXRAnALB7CkUg5,kwn - back of the club
Sensual,2026-06-20,2026-06-20,Sex With Me,Rihanna,ANTI,spotify:track:7BiELrM90hRxpozaIXbsLw,rihanna - sex with me
Sensual,2026-06-20,2026-06-20,Slow Down,Chase Atlantic,Paradise - EP,spotify:track:2VyaGJJI8dOiv36F8vHZIL,chase atlantic - slow down
Sensual,2026-06-20,2026-06-20,Love Me Back (Fayahh Beat),Trinidad Cardona,Love Me Back (Fayahh Beat),spotify:track:5ZF6l3xKi3m6YK2dDXAsR5,trinidad cardona - love me back (fayahh beat)
Sensual,2026-06-20,2026-06-20,M a k e I t T o T h e M o r n i n g,PARTYNEXTDOOR,PARTYNEXTDOOR 4 (P4),spotify:track:12VH4g5pTMZmrUVzfJq7F7,partynextdoor - m a k e i t t o t h e m o r n i n g
Sensual,2026-06-20,2026-06-20,Girl You Loud,Chris Brown,Fan of A Fan The Album (Expanded Edition),spotify:track:6dRVOzSxLqRdqUjc9mctGg,chris brown - girl you loud
Sensual,2026-06-20,2026-06-20,Let Me Love You,Mario,Let Me Love You,spotify:track:3ibKnFDaa3GhpPGlOUj7ff,mario - let me love you
Sensual,2026-06-20,2026-06-20,safety net (feat. Ty Dolla $ign),Ariana Grande,Positions,spotify:track:6IHDsLAPM17ZS5uIe3P3He,ariana grande - safety net (feat. ty dolla $ign)
Sensual,2026-06-20,2026-06-20,Loveeeeeee Song,Rihanna,Unapologetic,spotify:track:5Mk1tgVrSuoWWwPVFNS0jB,rihanna - loveeeeeee song
Sensual,2026-06-20,2026-06-20,Dreamin,PARTYNEXTDOOR,Dreamin,spotify:track:35sZOqVnTQNIGWGURrFdLh,partynextdoor - dreamin
Sensual,2026-06-20,2026-06-20,N o C h i l l,PARTYNEXTDOOR,PARTYNEXTDOOR 4 (P4),spotify:track:1zhMHgotgZXkLCXpqNRnPK,partynextdoor - n o c h i l l
Sensual,2026-06-20,2026-06-20,FIGURED YOU OUT,Devkota,FIGURED YOU OUT,spotify:track:3WQBER5AAfw8sMrQczAw95,devkota - figured you out
Sensual,2026-06-20,2026-06-20,F o r C e r t a i n,PARTYNEXTDOOR,PARTYNEXTDOOR 4 (P4),spotify:track:2d93r7U06Wx7uJfU2q9Nza,partynextdoor - f o r c e r t a i n
Sensual,2026-06-20,2026-06-20,needy,Ariana Grande,"thank u, next",spotify:track:1TEL6MlSSVLSdhOSddidlJ,ariana grande - needy
Sensual,2026-06-20,2026-06-20,Tadow,Masego,Lady Lady,spotify:track:6FMMd1fixOMmhplCevpjL7,masego - tadow
Sensual,2026-06-20,2026-06-20,Leave The Door Open,Bruno Mars,An Evening With Silk Sonic,spotify:track:02VBYrHfVwfEWXk5DXyf0T,bruno mars - leave the door open
Sensual,2026-06-20,2026-06-20,Been Like This,Doja Cat,Planet Her,spotify:track:3DyKJT2ADGzZQBhtSy19VY,doja cat - been like this
Sensual,2026-06-20,2026-06-20,Beautiful (feat. Camila Cabello),Bazzi,Beautiful (feat. Camila Cabello),spotify:track:4VUwkH455At9kENOfzTqmF,bazzi - beautiful (feat. camila cabello)
Sensual,2026-06-20,2026-06-20,WRONG,Chris Grey,FUNHOUSE / WRONG,spotify:track:3htoQPC7v5x04gWCQz1y2S,chris grey - wrong
Sensual,2026-06-20,2026-06-20,10s,Khim,10s,spotify:track:1UmjJwP1jpPWmDfR2Tebvn,khim - 10s
Sensual,2026-06-20,2026-06-20,Please Me,Cardi B,AM I THE DRAMA?,spotify:track:1Ydy1j4ooUkDvQYSvwxjoy,cardi b - please me
Sensual,2026-06-20,2026-06-20,You,Lloyd,Street Love,spotify:track:5Y77SQxEr1eiofPeUTPHxM,lloyd - you
Sensual,2026-06-20,2026-06-20,You Got It,Vedo,For You,spotify:track:4lsHZ92XCFOQfzJFBTluk8,vedo - you got it
Sensual,2026-06-20,2026-06-20,The Take (feat. Chris Brown),Tory Lanez,Chixtape 5,spotify:track:0Odu228D0yGcFySGuxU4rY,tory lanez - the take (feat. chris brown)
Sensual,2026-06-20,2026-06-20,Love Again,Alex Isley,Marigold,spotify:track:6ZwNOYjJ06J77YF1ggXtaT,alex isley - love again
Sensual,2026-06-20,2026-06-20,Only You,Ebony Riley,Only You,spotify:track:4w3MvMb3ylHkBLUIIaCQzF,ebony riley - only you
Sensual,2026-06-20,2026-06-20,Bad (feat. Rihanna) - Remix,Wale,The Gifted,spotify:track:5yhKaacMZGRo4s6evJx9vk,wale - bad (feat. rihanna) - remix
Sensual,2026-06-20,2026-06-20,M.O.T.O,X.O,M.O.T.O,spotify:track:13RrmTzCsknCAV7jb1hPnx,x.o - m.o.t.o
Sensual,2026-06-20,2026-06-20,BIRTHDAY DANCE (BONUS),Josh Levi,HYDRAULIC,spotify:track:7Bhwq9N1SH4SysU9wPKUG9,josh levi - birthday dance (bonus)
Sensual,2026-06-20,2026-06-20,DISCONNECTED,Chase Atlantic,LOST IN HEAVEN,spotify:track:2KemQ0cHDFOV2nbMVMC0UG,chase atlantic - disconnected
Sensual,2026-06-20,2026-06-20,This Is,Ella Mai,Heart On My Sleeve,spotify:track:3pdUv2fviypOdl1PTHDunH,ella mai - this is
Sensual,2026-06-20,2026-06-20,She Got Me,Sowan,She Got Me,spotify:track:28Qkb7jJQJUY6PBBjzHwzN,sowan - she got me
Sensual,2026-06-20,2026-06-20,With You in the Morning,Carl Storm,Learning from mistakes,spotify:track:5aWDkpkRc8zGZs8f41BXhH,carl storm - with you in the morning
Sensual,2026-06-20,2026-06-20,Wicked Games - Sped Up,Kiana Ledé,Wicked Games,spotify:track:2gD25C4hWZoQeGNlfqCAK2,kiana ledé - wicked games - sped up
Sensual,2026-06-20,2026-06-20,next door (feat. ASTN),Amelia Moore,next door (feat. ASTN),spotify:track:08HGey7e94Ez3ZurG1IXTP,amelia moore - next door (feat. astn)
Sensual,2026-06-20,2026-06-20,Sure Thing,Miguel,All I Want Is You,spotify:track:0JXXNGljqupsJaZsgSbMZV,miguel - sure thing
Sensual,2026-06-20,2026-06-20,No Guidance,Ayzha Nyree,No Guidance,spotify:track:27YDNS5SXjXQpGir8g0ilW,ayzha nyree - no guidance
Sensual,2026-06-20,2026-06-20,Girls Need Love,Summer Walker,Last Day Of Summer,spotify:track:644rGY6maSElnKVsAg1gJj,summer walker - girls need love
Sensual,2026-06-20,2026-06-20,Girls Need Love (with Drake) - Remix,Summer Walker,Last Day Of Summer,spotify:track:14SaZBTjxlorHJQxXh01Hu,summer walker - girls need love (with drake) - remix
Sensual,2026-06-20,2026-06-20,Slow Motion,AMARIA BB,Slow Motion,spotify:track:2pN5GwdTWbFZNRgFIRlW7J,amaria bb - slow motion
Sensual,2026-06-20,2026-06-20,Drugs & Money - New Mix,Chase Atlantic,Chase Atlantic,spotify:track:4SRyrhBJ5mq8fEa3bsdZn6,chase atlantic - drugs & money - new mix
Sensual,2026-06-20,2026-06-20,US AGAINST THE WORLD,Chris Grey,US AGAINST THE WORLD,spotify:track:3aBZqqx8ghkjUooKzROEkl,chris grey - us against the world
Sensual,2026-06-20,2026-06-20,Curse,Dxvn.,Curse,spotify:track:5ZfZIEPawrZUWdsswd9Mxc,dxvn. - curse
Sensual,2026-06-20,2026-06-20,need to know,zandros,need to know,spotify:track:5Cw6hiPWth7Z5lr8qeCgDS,zandros - need to know
Sensual,2026-06-20,2026-06-20,Alive,SWIM,Alive,spotify:track:4EPyMb4VLLdaN8JA5Eg3Ys,swim - alive
Sensual,2026-06-20,2026-06-20,LOYALTY,Daniel Di Angelo,LOYALTY,spotify:track:2i5Tv2YmhhSyyKsnT5zjHR,daniel di angelo - loyalty
Sensual,2026-06-20,2026-06-20,Liability,SWIM,Liability,spotify:track:0G9mO6C83cN5IS8kWiHBjx,swim - liability
Sensual,2026-06-20,2026-06-20,The Way (feat. Chance the Rapper),Kehlani,You Should Be Here,spotify:track:6mzaCRuLTRiz1caGOum3zT,kehlani - the way (feat. chance the rapper)
Sensual,2026-06-20,2026-06-20,Better,Khalid,Suncity,spotify:track:6zeeWid2sgw4lap2jV61PZ,khalid - better
Sensual,2026-06-20,2026-06-20,Frontin & Crushin (with Arin Ray & Blackway),Joe Kay,"If Not Now, Then When?",spotify:track:5SlJKOCunYf4HIkktFBr0M,joe kay - frontin & crushin (with arin ray & blackway)
Sensual,2026-06-20,2026-06-20,I Was Never There,The Weeknd,"My Dear Melancholy,",spotify:track:1cKHdTo9u0ZymJdPGSh6nq,the weeknd - i was never there
Sensual,2026-06-20,2026-06-20,Say It,Tory Lanez,I Told You,spotify:track:2Gyc6e2cLxA5hoX1NOvYnU,tory lanez - say it
Sensual,2026-06-20,2026-06-20,Mbangu te,Ya Levis,El mayalove,spotify:track:6nB2jTxdEasmji0SqlU77Q,ya levis - mbangu te
Sensual,2026-06-20,2026-06-20,Kiss It Better,Rihanna,ANTI,spotify:track:0UHB9METy4VCXNgkcGqHqS,rihanna - kiss it better
Sensual,2026-06-20,2026-06-20,Good For You,Selena Gomez,Revival,spotify:track:5xdVqHtFS0eLuNp4Z8Wbpa,selena gomez - good for you
Sensual,2026-06-20,2026-06-20,Bad Girls Like You,Tobii,Bad Girls Like You,spotify:track:23EDUpNbiKcDwhUf9kBRo8,tobii - bad girls like you
Sensual,2026-06-20,2026-06-20,Everyday,Ariana Grande,Dangerous Woman,spotify:track:30TmLgK0ja5O8q9l4BShIX,ariana grande - everyday
Sensual,2026-06-20,2026-06-20,3:15 (Breathe),Russ,3:15 (Breathe),spotify:track:0dGqP4VickYjtIaB5VOt4H,russ - 3:15 (breathe)
Sensual,2026-06-20,2026-06-20,bb.,Naïka,TRANSITIONS EP,spotify:track:2ekwTudJEBmmscSwfCha2K,naïka - bb.
Sensual,2026-06-20,2026-06-20,Ma Chérie,Naïka,"Lost in Paradïse, Pt. 2",spotify:track:4ZXyPNr79hrUoPWNXXRhQB,naïka - ma chérie
Sensual,2026-06-20,2026-06-20,6:45,Naïka,6:45,spotify:track:6LH1KKXEw1K8UEKMK75qyz,naïka - 6:45
Sensual,2026-06-20,2026-06-20,1+1,Naïka,1+1,spotify:track:3WID8m6M9eEQ1w1k486vMc,naïka - 1+1
Sensual,2026-06-20,2026-06-20,SAD GIRLZ LUV MONEY Remix (feat. Kali Uchis and Moliy),Amaarae,SAD GIRLZ LUV MONEY Remix (feat. Kali Uchis and Moliy),spotify:track:09gysnJpfQ3ublBmJDfcEC,amaarae - sad girlz luv money remix (feat. kali uchis and moliy)
Sensual,2026-06-20,2026-06-20,west side,Ariana Grande,Positions,spotify:track:1whfVLMKWqAX3uk97VXsNN,ariana grande - west side
Sensual,2026-06-20,2026-06-20,Come Through (feat. Chris Brown),H.E.R.,Back of My Mind,spotify:track:29he0Joo5sz2607A6ZBT6H,h.e.r. - come through (feat. chris brown)
Sensual,2026-06-20,2026-06-20,OHMAMI,Chase Atlantic,BEAUTY IN DEATH,spotify:track:0HqxMCPnThJ3An1QIeIzJF,chase atlantic - ohmami
Sensual,2026-06-20,2026-06-20,MAMACITA,Chase Atlantic,MAMACITA,spotify:track:4cQAhjxynTUlhVUJN5yhUb,chase atlantic - mamacita
Sensual,2026-06-20,2026-06-20,Eyes On You,SWIM,Eyes On You,spotify:track:2ezF8mcfJ6CEkxbzgzkApX,swim - eyes on you
Sensual,2026-06-20,2026-06-20,Into You,Ariana Grande,Dangerous Woman,spotify:track:76FZM38RC8XaAjJ77CVTNe,ariana grande - into you
Sensual,2026-06-20,2026-06-20,KEHLANI (REMIX) [feat. Kehlani],Jordan Adetunji,KEHLANI (REMIX) [feat. Kehlani],spotify:track:5Nt2FMqnKI2mlp7lztURNo,jordan adetunji - kehlani (remix) [feat. kehlani]
Sensual,2026-06-20,2026-06-20,No Friendship,Daniel Di Angelo,No Friendship,spotify:track:3BmVELHoqjF7s3px9rW6WN,daniel di angelo - no friendship
Sensual,2026-06-20,2026-06-20,Tidal Wave,Chase Atlantic,Tidal Wave,spotify:track:5UFjlIK589UVrEUEVbkw1X,chase atlantic - tidal wave
Sensual,2026-06-20,2026-06-20,HEAVEN AND BACK,Chase Atlantic,PHASES,spotify:track:1JdQibdvxgcrB8Rv1KFndw,chase atlantic - heaven and back
Sensual,2026-06-20,2026-06-20,Ozone,Chase Atlantic,Chase Atlantic,spotify:track:3vd0wM0US4JSCKJi5Q8Bd6,chase atlantic - ozone
Sensual,2026-06-20,2026-06-20,PHASES,Chase Atlantic,PHASES,spotify:track:20C3wlDfoJjXO5RBpXp3py,chase atlantic - phases
Sensual,2026-06-20,2026-06-20,Mi Casa Su Casa,Omar Rudberg,Mi Casa Su Casa,spotify:track:6Aa1s7FoLXG1TdaGYvoRDs,omar rudberg - mi casa su casa
Sensual,2026-06-20,2026-06-20,Karma,Summer Walker,Last Day Of Summer,spotify:track:2Fyjjpg03fn7n5cj0Qm380,summer walker - karma
Sensual,2026-06-20,2026-06-20,Like A Drug,Jordyne,Like A Drug,spotify:track:4tIlbIewHnvQ4cmFCyxvHy,jordyne - like a drug
Sensual,2026-06-20,2026-06-20,Dangerous,Limi,Dangerous,spotify:track:4l4KExqbo5UOT2huLAjMDE,limi - dangerous
Sensual,2026-06-20,2026-06-20,Fall Back,Kevv,Fall Back,spotify:track:6eTKBDhr8D7rM5AugLOu44,kevv - fall back
Sensual,2026-06-20,2026-06-20,Body Loud,SWIM,Body Loud,spotify:track:1dKyceHSpbmHEghVvhTrfo,swim - body loud
Sensual,2026-06-20,2026-06-20,The Best I Ever Had,Limi,The Best I Ever Had,spotify:track:6oGX4FjHakC4BTq89lCLiP,limi - the best i ever had
Sensual,2026-06-20,2026-06-20,Яд,Erika Lundmoen,Источник,spotify:track:59vIllaE2ottAAAtAiAuLt,erika lundmoen - яд
Sensual,2026-06-20,2026-06-20,Tap Out,Daniel Di Angelo,Tap Out,spotify:track:6YgSgbwBOGFtbbsX8BKhbN,daniel di angelo - tap out
Sensual,2026-06-20,2026-06-20,Confident,Justin Bieber,Journals,spotify:track:3JsydWaf2Ev4ehaLUjj3SY,justin bieber - confident
Sensual,2026-06-20,2026-06-20,Talk,Retronaut,Talk,spotify:track:3zOgfB6xNtU0vaV38kthWk,retronaut - talk
Sensual,2026-06-20,2026-06-20,Unholy (feat. Kim Petras),Sam Smith,Unholy (feat. Kim Petras),spotify:track:3nqQXoyQOWXiESFLlDF1hG,sam smith - unholy (feat. kim petras)
Sensual,2026-06-20,2026-06-20,Collide (Sped Up Remix),Justine Skye,Dark Side,spotify:track:2p6Fh5ruk8YUaO43huubHW,justine skye - collide (sped up remix)
Sensual,2026-06-20,2026-06-20,NICE THINGS,JORDY,NICE THINGS,spotify:track:7jrsGh0RM0vR3fyvFK1u2o,jordy - nice things
Sensual,2026-06-20,2026-06-20,Swim,Chase Atlantic,Chase Atlantic,spotify:track:3M0lSi5WW79CXQamgSBIjx,chase atlantic - swim
Sensual,2026-06-20,2026-06-20,Moonlight,Chase Atlantic,Paradise - EP,spotify:track:0laLzrH5PsoA7HpGw2vCVh,chase atlantic - moonlight
Sensual,2026-06-20,2026-06-20,Love Songs,Kaash Paige,lofi love,spotify:track:0tziUvXJBqjdmV8gWxOjfV,kaash paige - love songs
Sensual,2026-06-20,2026-06-20,Talk Dirty,Daniel Di Angelo,Talk Dirty,spotify:track:5H7RczSSEEt5u058DJjgdw,daniel di angelo - talk dirty
Franglish,2026-06-20,2026-06-20,Position,Franglish,Prime,spotify:track:3Zw66L4FvI9YUUx17OReRD,franglish - position
Franglish,2026-06-20,2026-06-20,Trop parler,Franglish,MOOD3 (Glish),spotify:track:3S1BOUUpxzHoSddKKsrg5z,franglish - trop parler
Franglish,2026-06-20,2026-06-20,Yoyo / Petit coeur,Franglish,Glish,spotify:track:0zKdCMxjRXZW3xENEFMI1k,franglish - yoyo / petit coeur
Franglish,2026-06-20,2026-06-20,4 Kampé,Joé Dwèt Filé,HateLove,spotify:track:0dedkLC2TNM9if16P8QU3J,joé dwèt filé - 4 kampé
"Volume up ,logic down",2026-06-15,2026-04-23,Come Get Her,Rae Sremmurd,SremmLife,spotify:track:1Ser4X0TKttOvo8bgdytTP,rae sremmurd - come get her
"Volume up ,logic down",2026-06-15,2026-04-23,Gas Pedal,Sage The Gemini,Remember Me,spotify:track:1UMKquW1olreYO1LlLmTqi,sage the gemini - gas pedal
"Volume up ,logic down",2026-06-15,2026-04-23,No Hands (feat. Roscoe Dash & Wale),Waka Flocka Flame,Flockaveli,spotify:track:03tqyYWC9Um2ZqU0ZN849H,waka flocka flame - no hands (feat. roscoe dash & wale)
"Volume up ,logic down",2026-06-15,2026-04-23,Freek-A-Leek,Petey Pablo,Still Writing In My Diary: 2nd Entry,spotify:track:4UNhyW0R7qylxrF6Z0q2Tb,petey pablo - freek-a-leek
"Volume up ,logic down",2026-06-15,2026-04-23,Up Down (Do This All Day) (feat. B.o.B),T-Pain,Happy Hour: The Greatest Hits,spotify:track:6lbhWl34Il0WXm5pX1fM9E,t-pain - up down (do this all day) (feat. b.o.b)
"Volume up ,logic down",2026-06-15,2026-04-23,Just A Lil Bit,50 Cent,The Massacre,spotify:track:4nva9EpKntUTs6CRSGBCn9,50 cent - just a lil bit
"Volume up ,logic down",2026-06-15,2026-04-23,"My Neck, My Back (Lick It)",Khia,Thug Misses,spotify:track:4hMB4hoIBitJLpgad18J6T,"khia - my neck, my back (lick it)"
"Volume up ,logic down",2026-06-15,2026-04-23,SexyBack (feat. Timbaland),Justin Timberlake,FutureSex/LoveSounds,spotify:track:0O45fw2L5vsWpdsOdXwNAR,justin timberlake - sexyback (feat. timbaland)
"Volume up ,logic down",2026-06-15,2026-04-23,Watch Me Now! (with NLE Choppa),Ndotz,Watch Me Now! (with NLE Choppa),spotify:track:1hoEI997iy6tutEfF5a9M6,ndotz - watch me now! (with nle choppa)
"Volume up ,logic down",2026-06-15,2026-04-23,I Don't Fuck With You,Big Sean,Dark Sky Paradise,spotify:track:7FYH5AW3bVfZHJIQpq3UOA,big sean - i don't fuck with you
"Volume up ,logic down",2026-06-15,2026-04-23,Swagg Talk,D4M $loan,Swagg Talk,spotify:track:3uGoSNkxwxEgoxhaYkF6F9,d4m $loan - swagg talk
"Volume up ,logic down",2026-06-15,2026-04-23,Breathe,W. AVE,House Parties,spotify:track:3HWWpvOckCUKe1mpWU4juB,w. ave - breathe
"Volume up ,logic down",2026-06-15,2026-04-23,Make It Move!,Spiffy The Goat,Anthems For You 2,spotify:track:3wLGGrm2TdyyW7ByXHZLE8,spiffy the goat - make it move!
"Volume up ,logic down",2026-06-15,2026-04-23,Dick (feat. Doja Cat),StarBoi3,Dick (feat. Doja Cat),spotify:track:3nY8AqaMNNHHLYV4380ol0,starboi3 - dick (feat. doja cat)
"Volume up ,logic down",2026-06-15,2026-04-23,Cmonnn (Hit It One Time) (Pt. 2) (feat. Lay Bankz),5Star,Cmonnn (Hit It One Time),spotify:track:04KXmuiwhHwhcOUPy8Jcuw,5star - cmonnn (hit it one time) (pt. 2) (feat. lay bankz)
"Volume up ,logic down",2026-06-15,2026-04-23,Walk Em Like a Dog,Saucy Santana,Imma Celebrity,spotify:track:3MyiuGP39OUPKeJJawOEDA,saucy santana - walk em like a dog
"Volume up ,logic down",2026-06-15,2026-04-23,Thong Song,Sisqo,Unleash The Dragon,spotify:track:5Mmk2ii6laakqfeCT7OnVD,sisqo - thong song
"Volume up ,logic down",2026-06-15,2026-04-23,Strut,Ayanna Ife,Strut,spotify:track:0KpIXnC0uUnlGZDhwISGzc,ayanna ife - strut
"Volume up ,logic down",2026-06-15,2026-04-23,Bust It Open,Lil Wil,"Dolla$, TX",spotify:track:7dJTX26gYEl9eYwSN44IbL,lil wil - bust it open
"Volume up ,logic down",2026-06-15,2026-04-23,Get It Sexyy,Sexyy Red,In Sexyy We Trust,spotify:track:6UmKnXmG7VmYqFnmSPOfRj,sexyy red - get it sexyy
"Volume up ,logic down",2026-06-15,2026-04-23,Throw Dat Ass in a Circle,Lil Ronny Motha F,Throw Dat Ass in a Circle,spotify:track:6arUg3K5HihTtKjJxY8BhQ,lil ronny motha f - throw dat ass in a circle
"Volume up ,logic down",2026-06-15,2026-05-13,Sex Talk,D4M $loan,I Couldn't Decide,spotify:track:0X2eq8W4o9qLoOAMil6Hce,d4m $loan - sex talk
"Volume up ,logic down",2026-06-15,2026-06-15,Flo Jackson,Flo Milli,Flo Jackson,spotify:track:4fwJzG3arwvfC1ZbRdracJ,flo milli - flo jackson
"Volume up ,logic down",2026-06-15,2026-06-15,Spend Dat,Yung Miami,Spend Dat,spotify:track:0LWIiBYFmOnkqysugp0VKo,yung miami - spend dat
"Volume up ,logic down",2026-06-15,2026-06-15,"Take it off ""Lights off""",Chef Boy,I AM SUMMER,spotify:track:00lLJikmES6qH5XpWMi9FX,"chef boy - take it off ""lights off"""
✨Russian ✨,2026-04-23,2025-10-23,так не спокойна,Isko,так не спокойна,spotify:track:22X6xLOk4dqG1eD5tmsLrQ,isko - так не спокойна
✨Russian ✨,2026-04-23,2026-04-23,Любовь в ресторане,Isko,Любовь в ресторане,spotify:track:2HvBmepfNc5LJJAuNQ6LC2,isko - любовь в ресторане
✨Russian ✨,2026-04-23,2026-04-23,Моя душа,Isko,Моя душа,spotify:track:3f0pMCCKEDPA7gOH8FDPho,isko - моя душа
Kpop -hits,2026-03-24,2025-09-29,3D (feat. Jack Harlow),Jung Kook,3D : The Remixes,spotify:track:01qFKNWq73UfEslI0GvumE,jung kook - 3d (feat. jack harlow)
Kpop -hits,2026-03-24,2025-09-29,Yes or No,Jung Kook,GOLDEN,spotify:track:2gkVEnpahpE3bQuvGuCpAV,jung kook - yes or no
Kpop -hits,2026-03-24,2025-09-29,Standing Next to You,Jung Kook,GOLDEN,spotify:track:2KslE17cAJNHTsI2MI0jb2,jung kook - standing next to you
Kpop -hits,2026-03-24,2025-09-29,Mantra,JENNIE,Ruby,spotify:track:1kUyOJb3fzUo8r0OCz5SQk,jennie - mantra
Kpop -hits,2026-03-24,2025-09-29,Seven (feat. Latto) (Clean Ver.),Jung Kook,GOLDEN,spotify:track:7Hcj0duTWiCSYDtJaztNIt,jung kook - seven (feat. latto) (clean ver.)
Kpop -hits,2026-03-24,2025-09-29,Still With You,Jung Kook,Still With You,spotify:track:0eFMbKCRw8KByXyWBw8WO7,jung kook - still with you
Kpop -hits,2026-03-24,2025-09-29,Pretty Boy,P1Harmony,DUH!,spotify:track:4etRRTZx5odrdgKiZqGSZ6,p1harmony - pretty boy
Kpop -hits,2026-03-24,2025-09-29,WORK,ATEEZ,GOLDEN HOUR : Part.1,spotify:track:3VHD84tIdyxRTtRc167YSR,ateez - work
Kpop -hits,2026-03-24,2025-09-29,Christmas Tree,V,"Our Beloved Summer (Original Television Soundtrack), Pt. 5",spotify:track:186NCtNk1tUYS7c2DxgJ7O,v - christmas tree
Kpop -hits,2026-03-24,2025-09-29,The First Snow,EXO,Miracles in December,spotify:track:2VNpT9fRk1kyksT0S4coZR,exo - the first snow
Kpop -hits,2026-03-24,2025-09-29,Gabriela,KATSEYE,Gabriela,spotify:track:1xOqGUkyxGQRdCvGpvWKmL,katseye - gabriela
Kpop -hits,2026-03-24,2025-09-29,Takedown,HUNTR/X,KPop Demon Hunters,spotify:track:0MHStU0muAIEMbwdnebYu2,huntr/x - takedown
Kpop -hits,2026-03-24,2025-09-29,Soda Pop,Saja Boys,KPop Demon Hunters,spotify:track:02sy7FAs8dkDNYsHp4Ul3f,saja boys - soda pop
Kpop -hits,2026-03-24,2025-09-29,Free,Rumi,KPop Demon Hunters,spotify:track:5DxDLsW6PsLz5gkwC7Mk5S,rumi - free
Kpop -hits,2026-03-24,2025-09-29,like JENNIE,JENNIE,Ruby,spotify:track:0fK7ie6XwGxQTIkpFoWkd1,jennie - like jennie
Kpop -hits,2026-03-24,2025-09-29,Golden,HUNTR/X,KPop Demon Hunters,spotify:track:1CPZ5BxNNd0n0nF4Orb9JS,huntr/x - golden
Kpop -hits,2026-03-24,2025-09-29,ExtraL (feat. Doechii),JENNIE,Ruby,spotify:track:4EIFwndJvGpgFjsEbNuYif,jennie - extral (feat. doechii)
Kpop -hits,2026-03-24,2025-09-29,Seoul City,JENNIE,Ruby,spotify:track:4zUob9iYFS9TgAR0hgo5pR,jennie - seoul city
Kpop -hits,2026-03-24,2025-09-29,Scott and Zelda,BIBI,EVE: ROMANCE,spotify:track:1MJyiTlVdSLAjI9aclZ3hL,bibi - scott and zelda
Kpop -hits,2026-03-24,2025-09-29,Anti-Romantic,TOMORROW X TOGETHER,The Chaos Chapter: FREEZE,spotify:track:44tTqUi3xi7E28QLzHVdUA,tomorrow x together - anti-romantic
Kpop -hits,2026-03-24,2025-09-29,Deja Vu,ATEEZ,ZERO : FEVER Part.3,spotify:track:3zmrdOtnOogqLllz26WLZ3,ateez - deja vu
Kpop -hits,2026-03-24,2025-09-29,Mmmh,KAI,KAI - The 1st Mini Album,spotify:track:5dntGTbUtmUO239wQ0k3yM,kai - mmmh
Kpop -hits,2026-03-24,2025-09-29,Into the I-LAND,I-LAND,Into the I-LAND,spotify:track:18W2OWFsdGCjG7iA4iYpMw,i-land - into the i-land
Kpop -hits,2026-03-24,2025-09-29,PING PONG,HyunA&DAWN,1+1=1,spotify:track:0Z99Xe1lGBmq60RwJ5YU18,hyuna&dawn - ping pong
Kpop -hits,2026-03-24,2025-09-29,ZOO,TAEYONG,2021 Winter SMTOWN : SMCU EXPRESS,spotify:track:7eVu7FI02cTicLEgVtUvwF,taeyong - zoo
Kpop -hits,2026-03-24,2025-09-29,Ice On My Teeth,ATEEZ,GOLDEN HOUR : Part.2,spotify:track:62eDE0RR8Sgh7yw8ZLeyAM,ateez - ice on my teeth
Kpop -hits,2026-03-24,2025-09-29,Crazy Form,ATEEZ,THE WORLD EP.FIN : WILL,spotify:track:2KoeSRTm9cRulYnkaEyUaP,ateez - crazy form
Kpop -hits,2026-03-24,2025-09-29,BOUNCY (K-HOT CHILLI PEPPERS),ATEEZ,THE WORLD EP.2 : OUTLAW,spotify:track:5KyOUICJIvO0z71MBdPGiX,ateez - bouncy (k-hot chilli peppers)
Kpop -hits,2026-03-24,2025-09-29,FEVER,ENHYPEN,BORDER : CARNIVAL,spotify:track:0UzymivvUH5s8z4PeWZJaK,enhypen - fever
Kpop -hits,2026-03-24,2025-09-29,Smart,LE SSERAFIM,Smart (Remixes),spotify:track:3lwK3WyKAI5bUuGY1OgGbZ,le sserafim - smart
Kpop -hits,2026-03-24,2025-09-30,Cupid - Twin Version,FIFTY FIFTY,The Beginning: Cupid,spotify:track:5pMPNxZz50iup8cXchRHxm,fifty fifty - cupid - twin version
Kpop -hits,2026-03-24,2025-09-30,Super Shy,NewJeans,NewJeans 'Super Shy',spotify:track:5sdQOyqq2IDhvmx2lHOpwd,newjeans - super shy
Kpop -hits,2026-03-24,2025-09-30,Kiss and Make Up,Dua Lipa,Dua Lipa,spotify:track:7jr3iPu4O4bTCVwLMbdU2i,dua lipa - kiss and make up
Kpop -hits,2026-03-24,2025-10-05,Bite Me,ENHYPEN,DARK BLOOD,spotify:track:7mpdNiaQvygj2rHoxkzMfa,enhypen - bite me
Kpop -hits,2026-03-24,2025-10-05,Sugar Rush Ride,TOMORROW X TOGETHER,The Name Chapter: TEMPTATION,spotify:track:0rhI6gvOeCKA502RdJAbfs,tomorrow x together - sugar rush ride
Kpop -hits,2026-03-24,2025-10-05,Tinnitus (Wanna be a rock),TOMORROW X TOGETHER,The Name Chapter: TEMPTATION,spotify:track:0f0SbtoKGe41cX5LzlnX6X,tomorrow x together - tinnitus (wanna be a rock)
Kpop -hits,2026-03-24,2026-01-21,My Universe,Coldplay,My Universe,spotify:track:3FeVmId7tL5YN8B7R3imoM,coldplay - my universe
Kpop -hits,2026-03-24,2026-03-24,GO!,CORTIS,COLOR OUTSIDE THE LINES,spotify:track:6OWWZtNQORY1McaZmOrwhc,cortis - go!
R&B,2026-06-04,2025-07-08,double take,Dhruv,rapunzel,spotify:track:0QzuaeCEEOV40Pn7IvKEny,dhruv - double take
R&B,2026-06-04,2025-07-08,Come Through (feat. Chris Brown),H.E.R.,Back of My Mind,spotify:track:29he0Joo5sz2607A6ZBT6H,h.e.r. - come through (feat. chris brown)
R&B,2026-06-04,2025-07-08,lowkey,NIKI,lowkey,spotify:track:7ipqVwkp2MhZv0Ojzqy1NV,niki - lowkey
R&B,2026-06-04,2025-07-08,Nobody Gets Me,SZA,SOS,spotify:track:5Y35SjAfXjjG0sFQ3KOxmm,sza - nobody gets me
R&B,2026-06-04,2025-07-08,WHY,Sasha Keable,WHY,spotify:track:5bCWjEsrK0KUGMxPrjGJZg,sasha keable - why
R&B,2026-06-04,2025-07-08,universe,thủy,i hope u see this,spotify:track:7B4UxdHwRKJYRhvXxmgZhM,thủy - universe
R&B,2026-06-04,2025-07-08,Wicked Games,Kiana Ledé,Selfless,spotify:track:0TYhf0MgEj4YJaKwo5c4Km,kiana ledé - wicked games
R&B,2026-06-04,2025-07-08,playing tricks,thủy,girls like me don't cry,spotify:track:6bqdzSnOYEhGkcaNXwxzA9,thủy - playing tricks
R&B,2026-06-04,2025-07-08,Bank On It,Mellina Tey,ENTRY 504,spotify:track:0Pxn4SPXqyZPTTyTuPRhyL,mellina tey - bank on it
R&B,2026-06-04,2025-07-08,toxic till the end,ROSÉ,rosie,spotify:track:1z5ebC9238uGoBgzYyvGpQ,rosé - toxic till the end
R&B,2026-06-04,2025-07-09,Emergency,Girlfriend,It's Complicated,spotify:track:2TICM2PjHWW5JrMhsxvv2x,girlfriend - emergency
R&B,2026-06-04,2025-07-09,Trip,Ella Mai,Ella Mai,spotify:track:6CTWathupIiDs7U4InHnDA,ella mai - trip
R&B,2026-06-04,2025-07-09,Normal No More,TYSM,Normal No More,spotify:track:460WMeltK2dxce4qhcaCF7,tysm - normal no more
R&B,2026-06-04,2025-07-09,"One Of The Girls (with JENNIE, Lily Rose Depp)",The Weeknd,The Idol Episode 4,spotify:track:7CyPwkp0oE8Ro9Dd5CUDjW,"the weeknd - one of the girls (with jennie, lily rose depp)"
R&B,2026-06-04,2025-07-09,L-O-V-E,Nat King Cole,L-O-V-E,spotify:track:4QxDOjgpYtQDxxbWPuEJOy,nat king cole - l-o-v-e
R&B,2026-06-04,2025-07-09,I Like U,NIKI,I Like U,spotify:track:1ctbkptXLNIoEVTNAFYV4d,niki - i like u
R&B,2026-06-04,2025-07-09,See U Never,NIKI,See U Never,spotify:track:5nPdol1JZWJqG4OSHVzSCF,niki - see u never
R&B,2026-06-04,2025-07-09,Like I Used To,Tinashe,Like I Used To,spotify:track:3fMKnwiByu9yfeD5ISn9Et,tinashe - like i used to
R&B,2026-06-04,2025-07-09,Candy,Doja Cat,Amala,spotify:track:1VJwtWR6z7SpZRwipI12be,doja cat - candy
R&B,2026-06-04,2025-07-09,She Don't (feat. Ty Dolla $Ign),Ella Mai,Time,spotify:track:01JPQ87UHeGysPVwTqMJHK,ella mai - she don't (feat. ty dolla $ign)
R&B,2026-06-04,2025-07-09,The Worst,Jhené Aiko,Sail Out,spotify:track:2wBCrtJS3E3TimRZ5MElTI,jhené aiko - the worst
R&B,2026-06-04,2025-07-09,Playing Games,Summer Walker,Over It,spotify:track:4hWgC5BV5M7EtTleKVXNxw,summer walker - playing games
R&B,2026-06-04,2025-07-09,Ex,Nikita Kering',A Side of Me,spotify:track:2eCk7CtSCZUVKVfyJfJE9R,nikita kering' - ex
R&B,2026-06-04,2025-07-09,MUTT,Leon Thomas,MUTT,spotify:track:2uvE4L5ZsYKpv8hbK4TIOt,leon thomas - mutt
R&B,2026-06-04,2025-07-09,Burning Blue,Mariah the Scientist,Burning Blue,spotify:track:0aWHb6ujnlXkmmOI1ltStc,mariah the scientist - burning blue
R&B,2026-06-04,2025-07-09,In My Bag (feat. GloRilla),FLO,Access All Areas,spotify:track:4l9xe2rcwWctjrI43UFkgA,flo - in my bag (feat. glorilla)
R&B,2026-06-04,2025-07-09,I know,Owen Saward,I know,spotify:track:1sfC1pBC9jUn5QUGbW4Inq,owen saward - i know
R&B,2026-06-04,2025-07-30,Hrs & Hrs,Muni Long,Public Displays Of Affection: The Album,spotify:track:3ncmoWTwJgx63LwMTyBCXf,muni long - hrs & hrs
R&B,2026-06-04,2025-08-03,PILLOWTALK,ZAYN,Mind Of Mine (Deluxe Edition),spotify:track:0PDUDa38GO8lMxLCRc4lL1,zayn - pillowtalk
R&B,2026-06-04,2025-08-09,London Boy,Taylor Swift,Lover,spotify:track:1LLXZFeAHK9R4xUramtUKw,taylor swift - london boy
R&B,2026-06-04,2025-08-17,my unsent love letter,aira,my unsent love letter,spotify:track:3P0dfs3CUJFAQX2WlpKRdi,aira - my unsent love letter
R&B,2026-06-04,2025-08-18,111,thủy,111,spotify:track:70iF6ViuLhMkhBXHqYO7qP,thủy - 111
R&B,2026-06-04,2025-09-07,Recognize,Russ,W!LD Deluxe: The Elephant & The Rider,spotify:track:0vMhUzszNsYPcUfLitNRNp,russ - recognize
R&B,2026-06-04,2025-09-24,Constellations,Jade LeMac,Constellations,spotify:track:32ShlHZGBYLoybP9pdb87z,jade lemac - constellations
R&B,2026-06-04,2025-10-10,Folded,Kehlani,Folded,spotify:track:0bxPRWprUVpQK0UFcddkrA,kehlani - folded
R&B,2026-06-04,2025-10-10,I Think I Like You Better When You’re Gone,Reneé Rapp,BITE ME,spotify:track:3hBzKgqQKkChH9hyb3MhmT,reneé rapp - i think i like you better when you’re gone
R&B,2026-06-04,2025-12-05,It Won't Stop (feat. Chris Brown) - EP Version,Sevyn Streeter,"Call Me Crazy, But...",spotify:track:2xRYnHQdLD9ketvC01UYYT,sevyn streeter - it won't stop (feat. chris brown) - ep version
R&B,2026-06-04,2025-12-05,Bad (feat. Rihanna) - Remix,Wale,The Gifted,spotify:track:5yhKaacMZGRo4s6evJx9vk,wale - bad (feat. rihanna) - remix
R&B,2026-06-04,2025-12-05,EYES CLOSED (with ZAYN),JISOO,EYES CLOSED (with ZAYN),spotify:track:4WFfPxJv1KRekG6mxn837K,jisoo - eyes closed (with zayn)
R&B,2026-06-04,2025-12-05,Stuck with U (with Justin Bieber),Ariana Grande,Stuck with U,spotify:track:4HBZA5flZLE435QTztThqH,ariana grande - stuck with u (with justin bieber)
R&B,2026-06-04,2025-12-05,The Machine,Reed Wonder,The Machine,spotify:track:19ItuvrZfTudwC6S5lkDH3,reed wonder - the machine
R&B,2026-06-04,2025-12-05,Love Again,Alex Isley,Marigold,spotify:track:6ZwNOYjJ06J77YF1ggXtaT,alex isley - love again
R&B,2026-06-04,2025-12-05,Kissing Strangers,USHER,COMING HOME,spotify:track:5brMixqQiQN4D60xmvrSts,usher - kissing strangers
R&B,2026-06-04,2025-12-05,Fly Girl (feat. Missy Elliott),FLO,Fly Girl (feat. Missy Elliott),spotify:track:2sITbbWIOeg2Lwp4WN2jqr,flo - fly girl (feat. missy elliott)
R&B,2026-06-04,2025-12-05,YUKON,Justin Bieber,SWAG,spotify:track:29iva9idM6rFCPUlu7Rhxl,justin bieber - yukon
R&B,2026-06-04,2025-12-05,Creepin' (with The Weeknd & 21 Savage),Metro Boomin,HEROES & VILLAINS,spotify:track:2dHHgzDwk4BJdRwy9uXhTO,metro boomin - creepin' (with the weeknd & 21 savage)
R&B,2026-06-04,2025-12-05,Made For Me,Muni Long,Made For Me,spotify:track:0WIv5qV41y6YjjB9V1biuC,muni long - made for me
R&B,2026-06-04,2025-12-05,Thong Song,Sisqo,Unleash The Dragon,spotify:track:5Mmk2ii6laakqfeCT7OnVD,sisqo - thong song
R&B,2026-06-04,2025-12-05,You Got It,Vedo,For You,spotify:track:4lsHZ92XCFOQfzJFBTluk8,vedo - you got it
R&B,2026-06-04,2025-12-05,"All The Stars (with SZA) - From ""Black Panther: The Album""",Kendrick Lamar,Black Panther The Album Music From And Inspired By,spotify:track:3GCdLUSnKSMJhs4Tj6CV3s,"kendrick lamar - all the stars (with sza) - from ""black panther: the album"""
R&B,2026-06-04,2025-12-05,Miss Independent,Ne-Yo,Year Of The Gentleman,spotify:track:34ceTg8ChN5HjrqiIYCn9Q,ne-yo - miss independent
R&B,2026-06-04,2025-12-05,Please Me,Cardi B,AM I THE DRAMA?,spotify:track:1Ydy1j4ooUkDvQYSvwxjoy,cardi b - please me
R&B,2026-06-04,2025-12-05,10s,Khim,10s,spotify:track:1UmjJwP1jpPWmDfR2Tebvn,khim - 10s
R&B,2026-06-04,2026-01-06,Maria Maria (feat. The Product G&B),Santana,Supernatural (Legacy Edition),spotify:track:567UAkWoLBqZ709s3Qcbze,santana - maria maria (feat. the product g&b)
R&B,2026-06-04,2026-01-12,Dreamin,PARTYNEXTDOOR,Dreamin,spotify:track:35sZOqVnTQNIGWGURrFdLh,partynextdoor - dreamin
R&B,2026-06-04,2026-01-12,N o C h i l l,PARTYNEXTDOOR,PARTYNEXTDOOR 4 (P4),spotify:track:1zhMHgotgZXkLCXpqNRnPK,partynextdoor - n o c h i l l
R&B,2026-06-04,2026-01-12,Don't,Bryson Tiller,T R A P S O U L,spotify:track:3pXF1nA74528Edde4of9CC,bryson tiller - don't
R&B,2026-06-04,2026-01-19,Trust No 1,Brandy Maina,Trust No 1,spotify:track:4Nfq2CziIZHDzVP8A6llUF,brandy maina - trust no 1
R&B,2026-06-04,2026-01-19,M.O.T.O,X.O,M.O.T.O,spotify:track:6qMxx9E9oePafVwZrVggXr,x.o - m.o.t.o
R&B,2026-06-04,2026-01-28,Love,Keyshia Cole,The Way It Is,spotify:track:0W4NhJhcqKCqEP2GIpDCDq,keyshia cole - love
R&B,2026-06-04,2026-01-28,If the World Was Ending (feat. Julia Michaels),JP Saxe,If the World Was Ending (feat. Julia Michaels),spotify:track:2kJwzbxV2ppxnQoYw4GLBZ,jp saxe - if the world was ending (feat. julia michaels)
R&B,2026-06-04,2026-02-06,Let Me Love You,Mario,Let Me Love You,spotify:track:3ibKnFDaa3GhpPGlOUj7ff,mario - let me love you
R&B,2026-06-04,2026-02-06,Best Part (feat. H.E.R.),Daniel Caesar,Freudian,spotify:track:1Q7EgiMOuwDcB0PJC6AzON,daniel caesar - best part (feat. h.e.r.)
R&B,2026-06-04,2026-03-01,Tadow,Masego,Lady Lady,spotify:track:6FMMd1fixOMmhplCevpjL7,masego - tadow
R&B,2026-06-04,2026-03-11,Mr. Telephone Man,New Edition,New Edition,spotify:track:4DiNls6kFmF1ZittKsPsTc,new edition - mr. telephone man
R&B,2026-06-04,2026-03-13,(When You Gonna) Give It Up to Me - Radio Version,Sean Paul,(When You Gonna) Give It Up to Me,spotify:track:5nEdwtSv0qqeE0l4o1lR4q,sean paul - (when you gonna) give it up to me - radio version
R&B,2026-06-04,2026-03-13,Baby By Me,50 Cent,Before I Self-Destruct,spotify:track:1x075F39Q0zOhjPzPKgG8E,50 cent - baby by me
R&B,2026-06-04,2026-03-13,The Boy Is Mine,Brandy,Never Say Never,spotify:track:6sHsXIJoEN5JpdkGMQDJxt,brandy - the boy is mine
R&B,2026-06-04,2026-03-13,Stickwitu,The Pussycat Dolls,PCD,spotify:track:2lgz3yy1AyoceOVOOBmiOS,the pussycat dolls - stickwitu
R&B,2026-06-04,2026-03-13,So Sick,Ne-Yo,In My Own Words,spotify:track:6brl7bwOHmGFkNw3MBqssT,ne-yo - so sick
R&B,2026-06-04,2026-03-27,INVITATION (Feat. Gaeko),JUNNY,INVITATION (Feat. Gaeko),spotify:track:3ISOK4T54v6O1g1AB8FiEK,junny - invitation (feat. gaeko)
R&B,2026-06-04,2026-04-15,Risk It All,Bruno Mars,The Romantic,spotify:track:5y2ijHECwFYWqcAHKTZgzD,bruno mars - risk it all
R&B,2026-06-04,2026-04-15,Cha Cha Cha,Bruno Mars,The Romantic,spotify:track:6QletrrmpkUpeJkipX9pgf,bruno mars - cha cha cha
R&B,2026-06-04,2026-04-23,Pink + White,Frank Ocean,Blonde,spotify:track:3xKsf9qdS1CyvXSMEid6g8,frank ocean - pink + white
R&B,2026-06-04,2026-05-13,Avenue,H.E.R.,H.E.R. Volume 2,spotify:track:3qSH4NSYYOMkFTGwvGA91x,h.e.r. - avenue
R&B,2026-06-04,2026-06-04,SHOOK,H33RA,SHOOK,spotify:track:0wdSmyHGxoNaJmLENqcaUj,h33ra - shook
OG😝,2026-03-22,2025-06-06,AJE,Alikiba,AJE,spotify:track:0z23kTGJ3MYx0USxIRUn0d,alikiba - aje
OG😝,2026-03-22,2025-06-06,Mhudumu,Aslay,Mhudumu,spotify:track:6OUUNfrxZnoTuT4F80LnFZ,aslay - mhudumu
OG😝,2026-03-22,2025-06-06,Ibaki Story,Rich Mavoko,Ibaki Story,spotify:track:7HyK0DaNRDrhKZl08LeHds,rich mavoko - ibaki story
OG😝,2026-03-22,2025-06-06,Hodari,Mbosso,Hodari,spotify:track:6OMMJvWtSBYY9PztWmB8RJ,mbosso - hodari
OG😝,2026-03-22,2025-06-06,Seduce Me,Alikiba,Seduce Me,spotify:track:6Jj4IXDv7yoxkO2SAWmGzH,alikiba - seduce me
OG😝,2026-03-22,2025-06-06,Baadae,Ommy Dimpoz,Me N You,spotify:track:07iFXk1RvST9p7XKwXaMtA,ommy dimpoz - baadae
OG😝,2026-03-22,2025-06-12,Mwana,Alikiba,Mwana,spotify:track:68dXdgSL8seTMJG2v9vFGq,alikiba - mwana
OG😝,2026-03-22,2025-06-12,Ntampata Wapi,Diamond Platnumz,Ntampata Wapi,spotify:track:2NUkp3qBHHikNeMhBHcWvN,diamond platnumz - ntampata wapi
OG😝,2026-03-22,2025-06-12,Tuachane,Lava Lava,Tuachane,spotify:track:4lvuBX14uAZebB16LMoSuw,lava lava - tuachane
OG😝,2026-03-22,2025-06-12,Dusuma,Otile Brown,Just In Love,spotify:track:35riG35oLwfgvv8j5tSY9V,otile brown - dusuma
OG😝,2026-03-22,2025-06-12,Ninogeshe,Nandy,The African Princess,spotify:track:2OKwqx3CX9dpU43iW6ycVP,nandy - ninogeshe
OG😝,2026-03-22,2025-08-28,Aiyola,Harmonize,Aiyola,spotify:track:37lVdqmlVz0vAqpaohCsXl,harmonize - aiyola
OG😝,2026-03-22,2025-08-28,Number One (feat. Zuchu),Rayvanny,Number One (feat. Zuchu),spotify:track:3E3aGiIEpAtuVD0wPjDSsi,rayvanny - number one (feat. zuchu)
OG😝,2026-03-22,2025-08-28,Kwetu,Rayvanny,Kwetu,spotify:track:3N9xnR2PEgz4PtXjyPdLQc,rayvanny - kwetu
OG😝,2026-03-22,2025-08-28,Chombo,Rayvanny,Chombo,spotify:track:5LCmGAGWZlVnu6V5ym3AlK,rayvanny - chombo
OG😝,2026-03-22,2025-08-28,Waache Waoane,Chege,Runtown,spotify:track:2W3K5I6IwIpPmq1Rk6vcjS,chege - waache waoane
OG😝,2026-03-22,2025-08-28,Chuma Ulete,Rayvanny,Chuma Ulete,spotify:track:2u6q0kv16k5Jc20xhLSNNg,rayvanny - chuma ulete
OG😝,2026-03-22,2025-08-28,Mbeleko,Rayvanny,Mbeleko,spotify:track:6hKajy6jrwYuz8IpFh9cAi,rayvanny - mbeleko
OG😝,2026-03-22,2025-08-28,Unaibiwa,Rayvanny,Unaibiwa,spotify:track:3al8Casek52jogF3dkwmQR,rayvanny - unaibiwa
OG😝,2026-03-22,2025-08-28,Natafuta Kiki,Rayvanny,Natafuta Kiki,spotify:track:7jj1maDHvaMRX18B2exLWD,rayvanny - natafuta kiki
OG😝,2026-03-22,2025-08-28,Maajab,Mbosso,Maajab,spotify:track:3Qs8pI2t87PCVqXi5VQlal,mbosso - maajab
OG😝,2026-03-22,2025-08-28,Nadekezwa,Mbosso,Nadekezwa,spotify:track:3hNmfiQKKwKYi7wKvcN3Lj,mbosso - nadekezwa
OG😝,2026-03-22,2025-08-28,Tamu,Mbosso,Tamu,spotify:track:2TFU7tz0jiktMF8vITgkqH,mbosso - tamu
OG😝,2026-03-22,2025-08-28,Ate,Mbosso,Ate,spotify:track:30rPLrEv6ZwwEKfYb1ZMI1,mbosso - ate
OG😝,2026-03-22,2025-08-28,Sikomi,Diamond Platnumz,Sikomi,spotify:track:1eDsk5rb3ujd0kcKwTvCO4,diamond platnumz - sikomi
OG😝,2026-03-22,2025-08-28,Mauzauza (feat. Khadija Kopa),Zuchu,I Am Zuchu,spotify:track:5sUz0lrjL1X7KyJvmzQkBG,zuchu - mauzauza (feat. khadija kopa)
OG😝,2026-03-22,2025-08-28,Aiyana (feat. Sanaipei Tande),Otile Brown,Aiyana (feat. Sanaipei Tande),spotify:track:515Vpqrx3aiPcWdoVazu17,otile brown - aiyana (feat. sanaipei tande)
OG😝,2026-03-22,2025-08-28,Iyena (feat. Rayvanny),Diamond Platnumz,A Boy From Tandale,spotify:track:5yeeBxHG0la1uwq1KsfiRI,diamond platnumz - iyena (feat. rayvanny)
OG😝,2026-03-22,2025-08-28,Nipepee,Mbosso,Nipepee,spotify:track:6Cpbvi6GoTfDBYkObnuNNp,mbosso - nipepee
OG😝,2026-03-22,2025-08-28,Sina Nyota,Mbosso,Sina Nyota,spotify:track:6nP910lK6As6u8aHMkmkzM,mbosso - sina nyota
OG😝,2026-03-22,2025-08-28,Njiwa,Willy Paul,Njiwa,spotify:track:2EaPDgAYxbEkw33GX5AESW,willy paul - njiwa
OG😝,2026-03-22,2025-08-28,Sonona (feat. Mbosso),Susumila,Sonona (feat. Mbosso),spotify:track:5FcTAtRY3J2GTXckdQD2pk,susumila - sonona (feat. mbosso)
OG😝,2026-03-22,2025-08-28,Eneka,Diamond Platnumz,A Boy From Tandale,spotify:track:7KAQUO5w5445zfobvxjvWH,diamond platnumz - eneka
OG😝,2026-03-22,2025-08-28,Jeje,Diamond Platnumz,Jeje,spotify:track:4Ycc5Nk3lB5xi0BvXnrfAX,diamond platnumz - jeje
OG😝,2026-03-22,2025-08-28,Gere,Tanasha Donna,Gere,spotify:track:3p7O0iw0xZ9TgI9c9QAoC2,tanasha donna - gere
OG😝,2026-03-22,2025-08-28,Kesho,Diamond Platnumz,Kesho,spotify:track:6cjaSaYwUsQfKKJ1y61bUr,diamond platnumz - kesho
OG😝,2026-03-22,2025-08-28,Nimpende Nani,Diamond Platnumz,Lala Salama,spotify:track:4VvWxc2NkqT76lomJzaid3,diamond platnumz - nimpende nani
OG😝,2026-03-22,2025-08-28,BamBam,D Voice,Swahili Kid,spotify:track:7qMekh8B1OLLtdVKMUi9Wc,d voice - bambam
OG😝,2026-03-22,2025-08-28,Wana,Zuchu,I Am Zuchu,spotify:track:7ufIM6YIiXioquJDmBnnrP,zuchu - wana
OG😝,2026-03-22,2025-08-28,Litawachoma (feat. Diamond Platnumz),Zuchu,Litawachoma (feat. Diamond Platnumz),spotify:track:6U4btJq9xYNIUjW5tOZkIV,zuchu - litawachoma (feat. diamond platnumz)
OG😝,2026-03-22,2025-08-28,Cheche (feat. Diamond Platnumz),Zuchu,Cheche (feat. Diamond Platnumz),spotify:track:07oL9PG3HyIpMEtKTEI8Fp,zuchu - cheche (feat. diamond platnumz)
OG😝,2026-03-22,2025-08-28,Nobody (feat. Joeboy),Zuchu,Nobody (feat. Joeboy),spotify:track:74FAg9DPrB0BdTS10Q9PVC,zuchu - nobody (feat. joeboy)
OG😝,2026-03-22,2025-08-28,Umechelewa,Mbosso,Umechelewa,spotify:track:58K662tAMuRzVnceOHqosF,mbosso - umechelewa
OG😝,2026-03-22,2025-08-28,Chekecha Cheketua,Alikiba,Chekecha Cheketua,spotify:track:14asti1k32n5S6XktrxjL2,alikiba - chekecha cheketua
OG😝,2026-03-22,2025-08-28,Nataka Kulewa,Diamond Platnumz,Nataka Kulewa,spotify:track:3oc5MGpVPXSiYGPztNESb7,diamond platnumz - nataka kulewa
OG😝,2026-03-22,2025-08-28,Utanipenda,Diamond Platnumz,Utanipenda,spotify:track:2k5zskyWNxM0VhgbFJPXt3,diamond platnumz - utanipenda
OG😝,2026-03-22,2025-08-28,Natamba,Aslay,Natamba,spotify:track:5jMj8nS3ILdEmARjVvAW0J,aslay - natamba
OG😝,2026-03-22,2025-09-06,Mwanza,Rayvanny,Mwanza,spotify:track:0fAA4RYVsjsntJz0VV5qsd,rayvanny - mwanza
OG😝,2026-03-22,2025-09-06,Chuchumaa,Rayvanny,Chuchumaa,spotify:track:16lNipaSTZMiLIkIBYFU9D,rayvanny - chuchumaa
OG😝,2026-03-22,2025-09-06,Zezeta,Rayvanny,Zezeta,spotify:track:0SEXvaNbpr2vzILzWeyigH,rayvanny - zezeta
OG😝,2026-03-22,2025-09-06,Amaboko,Rayvanny,Amaboko,spotify:track:6hyUD5mV4CDleuUnj0NnA1,rayvanny - amaboko
OG😝,2026-03-22,2025-10-26,Baikoko (feat. Diamond Platnumz),Mbosso,Definition Of Love,spotify:track:2iAD2AWvdO4qI9GyELqDcU,mbosso - baikoko (feat. diamond platnumz)
OG😝,2026-03-22,2025-10-26,Kijuso (feat. Rayvanny),Queen Darleen,Kijuso (feat. Rayvanny),spotify:track:3F5TuE0tqB8l9CHoPkcxd0,queen darleen - kijuso (feat. rayvanny)
OG😝,2026-03-22,2025-11-12,Yo Pe - Remix,Innoss'B,Yo Pe,spotify:track:16hivbAazfd7Li5o5WFguM,innoss'b - yo pe - remix
OG😝,2026-03-22,2025-11-12,Cinderella,Alikiba,CINDERELLA,spotify:track:4p0SezqHPPjeJwIdufQWIg,alikiba - cinderella
OG😝,2026-03-22,2025-11-12,Alele,Mbosso,Alele,spotify:track:1HIafWC2SnPBQUECip3BeA,mbosso - alele
OG😝,2026-03-22,2025-11-12,Ipepete,Masauti,Ipepete,spotify:track:0Kzf5PoHdp1g1zS3WfeZfn,masauti - ipepete
OG😝,2026-03-22,2025-11-12,Radio Love,Nadia Mukami,Radio Love,spotify:track:4M4mCzoDNNbc7UTqx3V8lG,nadia mukami - radio love
OG😝,2026-03-22,2025-11-12,Yaya (feat. Diamond Platnumz & Jux),Rayvanny,Yaya (feat. Diamond Platnumz & Jux),spotify:track:15ObWtsj5TVgUybcGsHoIf,rayvanny - yaya (feat. diamond platnumz & jux)
OG😝,2026-03-22,2025-11-20,Dodo,Alikiba,Dodo,spotify:track:7d7uT6W3FFIs8Jx7BgIUAb,alikiba - dodo
OG😝,2026-03-22,2025-11-20,Katika (feat. Diamond Platnumz),Aika & Nahreel,Katika (feat. Diamond Platnumz),spotify:track:1lPlOAkpqDeU5USxVpZZkl,aika & nahreel - katika (feat. diamond platnumz)
OG😝,2026-03-22,2025-11-20,Su,Yamoto Band,Su,spotify:track:1gzFNqmjrxGRldWzKbiJZ8,yamoto band - su
OG😝,2026-03-22,2025-11-25,Niteke,Harmonize,Afro Bongo,spotify:track:251G3DTNSmDxXHEzKMg0eE,harmonize - niteke
OG😝,2026-03-22,2025-11-25,Wote,Harmonize,Made For Us,spotify:track:7vYxNbbyISaUiZ3Q5wkGFG,harmonize - wote
OG😝,2026-03-22,2025-11-25,Kuna,Diamond Platnumz,Kuna,spotify:track:6G5WMkPJ9gGWGx6JQ9YrqS,diamond platnumz - kuna
OG😝,2026-03-22,2025-11-28,Ukimuona,Diamond Platnumz,Ukimuona,spotify:track:4fxIa6K7UEqu03xT4HrBcx,diamond platnumz - ukimuona
OG😝,2026-03-22,2025-11-28,Mdogo Mdogo,Diamond Platnumz,Mdogo Mdogo,spotify:track:4BE0N1USnuxEixh4u3CO4U,diamond platnumz - mdogo mdogo
OG😝,2026-03-22,2025-12-17,Raha,Zuchu,I Am Zuchu,spotify:track:0poPmDWqhK68XhjqfOTtJW,zuchu - raha
OG😝,2026-03-22,2026-01-18,Mapenzi Run Dunia,Alikiba,Mapenzi Run Dunia,spotify:track:5YyWFvzPw4BDogdodmGcS9,alikiba - mapenzi run dunia
OG😝,2026-03-22,2026-01-18,Nyota Yako,TID,Nyota Yako,spotify:track:03tmpdJzhAdQgEPOvG8KWr,tid - nyota yako
OG😝,2026-03-22,2026-01-19,Najuta,Sanaipei Tande,Najuta,spotify:track:1lJkqleWY2ZHDZTL3SnkHX,sanaipei tande - najuta
OG😝,2026-03-22,2026-01-19,Kadogo,Alikiba,Kadogo,spotify:track:0kR95tFZVv2mNMOyn294kU,alikiba - kadogo
OG😝,2026-03-22,2026-03-16,Watakubali,Mbosso,Watakubali,spotify:track:5AUPCOBpOp6FxyhoAwkEf6,mbosso - watakubali
OG😝,2026-03-22,2026-03-16,Mawazo,Diamond Platnumz,Lala Salama,spotify:track:7hsdjIzJbTmpNhtxnPV9Fz,diamond platnumz - mawazo
OG😝,2026-03-22,2026-03-16,My Number One,Diamond Platnumz,My Number One,spotify:track:6zXVlkgZitu0ddiIhZgzpj,diamond platnumz - my number one
OG😝,2026-03-22,2026-03-16,Nenda Kamwambie,Diamond Platnumz,Kamwambie,spotify:track:5KI7ilXOd8UemEFY1Kilow,diamond platnumz - nenda kamwambie
OG😝,2026-03-22,2026-03-16,Dushelele,Alikiba,Dushelele,spotify:track:1RgzlP0JROCXkmg3LTy5dC,alikiba - dushelele
OG😝,2026-03-22,2026-03-16,Na Yule,Ruby,Na Yule,spotify:track:3yXTg2aoTSA2IFo0XfEz8o,ruby - na yule
OG😝,2026-03-22,2026-03-16,Mtasubiri (feat. Zuchu),Diamond Platnumz,First Of All,spotify:track:3qaaPsFYzSb7OGUeXClpND,diamond platnumz - mtasubiri (feat. zuchu)
OG😝,2026-03-22,2026-03-16,Niache,Diamond Platnumz,Niache,spotify:track:5DlptMR1zFCAZQt7sxffuW,diamond platnumz - niache
OG😝,2026-03-22,2026-03-22,Niteke,Harmonize,Afro Bongo,spotify:track:251G3DTNSmDxXHEzKMg0eE,harmonize - niteke
Feelings,2025-12-12,2025-04-25,Take A Chance With Me,NIKI,Nicole,spotify:track:21acb66djKRlDPJOXRBCkc,niki - take a chance with me
Feelings,2025-12-12,2025-04-25,lowkey,NIKI,lowkey,spotify:track:7ipqVwkp2MhZv0Ojzqy1NV,niki - lowkey
Feelings,2025-12-12,2025-04-25,I Love You 3000,Stephanie Poetri,I Love You 3000,spotify:track:5xCsdnbeg7yhVX2qlRaDUw,stephanie poetri - i love you 3000
Feelings,2025-12-12,2025-04-25,double take,Dhruv,rapunzel,spotify:track:0QzuaeCEEOV40Pn7IvKEny,dhruv - double take
Feelings,2025-12-12,2025-04-25,Everyday,Ariana Grande,Dangerous Woman,spotify:track:30TmLgK0ja5O8q9l4BShIX,ariana grande - everyday
Feelings,2025-12-12,2025-04-25,MUTT (feat. Chris Brown) [CB REMIX],Leon Thomas,MUTT,spotify:track:3riRdhyMDfEQz5nKrxfbwv,leon thomas - mutt (feat. chris brown) [cb remix]
Feelings,2025-12-12,2025-04-25,Die For You,The Weeknd,Starboy,spotify:track:2LBqCSwhJGcFQeTHMVGwy3,the weeknd - die for you
Feelings,2025-12-12,2025-04-25,everytime,Ariana Grande,Sweetener,spotify:track:0WdR2AyLW1Drd3OUdwezM0,ariana grande - everytime
Feelings,2025-12-12,2025-04-25,chances,thủy,i hope u see this,spotify:track:3PPD1wg591kQnsws16mlkS,thủy - chances
Feelings,2025-12-12,2025-04-25,Burn - English Version,Sarah Suhairi,Burn,spotify:track:5IENcbXHvFoKAhecGLQtc6,sarah suhairi - burn - english version
Feelings,2025-12-12,2025-04-25,NVMD,Denise Julia,NVMD,spotify:track:7ArVzlFsFsQXNseVXmdOyk,denise julia - nvmd
Feelings,2025-12-12,2025-04-26,Strangers,Kate Stewart,In The Beginning,spotify:track:7AL4XhPHvN0RCr9biTZkqM,kate stewart - strangers
Feelings,2025-12-12,2025-06-21,Like I'm Gonna Lose You (feat. John Legend),Meghan Trainor,Title,spotify:track:7MjKAV0mFiEID9WhDSSzaW,meghan trainor - like i'm gonna lose you (feat. john legend)
Feelings,2025-12-12,2025-07-02,next door (feat. ASTN),Amelia Moore,next door (feat. ASTN),spotify:track:08HGey7e94Ez3ZurG1IXTP,amelia moore - next door (feat. astn)
Feelings,2025-12-12,2025-09-30,Every Summertime,NIKI,Every Summertime,spotify:track:68HocO7fx9z0MgDU0ZPHro,niki - every summertime
Feelings,2025-12-12,2025-09-30,universe,thủy,i hope u see this,spotify:track:7B4UxdHwRKJYRhvXxmgZhM,thủy - universe
Feelings,2025-12-12,2025-09-30,playing tricks,thủy,girls like me don't cry,spotify:track:6bqdzSnOYEhGkcaNXwxzA9,thủy - playing tricks
Feelings,2025-12-12,2025-09-30,trippin',thủy,i hope u see this,spotify:track:61paqDrRJe8h4c5ypysurz,thủy - trippin'
Feelings,2025-12-12,2025-09-30,Constellations,Jade LeMac,Constellations,spotify:track:32ShlHZGBYLoybP9pdb87z,jade lemac - constellations
Feelings,2025-12-12,2025-11-18,Old Love,yuji,Old Love,spotify:track:3W4U7TEgILGpq0EmquurtH,yuji - old love
Feelings,2025-12-12,2025-11-18,Bad (feat. Rihanna) - Remix,Wale,The Gifted,spotify:track:5yhKaacMZGRo4s6evJx9vk,wale - bad (feat. rihanna) - remix
Feelings,2025-12-12,2025-12-12,Leave The Door Open,Bruno Mars,An Evening With Silk Sonic,spotify:track:02VBYrHfVwfEWXk5DXyf0T,bruno mars - leave the door open
❤️😍,2026-06-20,2025-03-26,Ordinary,Alex Warren,Ordinary,spotify:track:6qqrTXSdwiJaq8SO0X2lSe,alex warren - ordinary
❤️😍,2026-06-20,2025-03-26,Seoul City,JENNIE,Ruby,spotify:track:3pY2M4k9BSk7ulLBSV0tcX,jennie - seoul city
❤️😍,2026-06-20,2025-03-26,That's What I Like,Bruno Mars,24K Magic,spotify:track:0KKkJNfGyhkQ5aFogxQAPU,bruno mars - that's what i like
❤️😍,2026-06-20,2025-03-26,Please Me,Cardi B,Please Me,spotify:track:0PG9fbaaHFHfre2gUVo7AN,cardi b - please me
❤️😍,2026-06-20,2025-03-26,Nothin' on You (feat. Bruno Mars),B.o.B,B.o.B Presents: The Adventures of Bobby Ray,spotify:track:59dLtGBS26x7kc0rHbaPrq,b.o.b - nothin' on you (feat. bruno mars)
❤️😍,2026-06-20,2025-03-26,Versace on the Floor,Bruno Mars,24K Magic,spotify:track:0kN8xEmgMW9mh7UmDYHlJP,bruno mars - versace on the floor
❤️😍,2026-06-20,2025-03-26,Too Good to Say Goodbye,Bruno Mars,24K Magic,spotify:track:0B0tYbVp7pDQAqKDhgMeaL,bruno mars - too good to say goodbye
❤️😍,2026-06-20,2025-03-26,Calling All My Lovelies,Bruno Mars,24K Magic,spotify:track:6ObpR8ek44tvWefQRcSo8K,bruno mars - calling all my lovelies
❤️😍,2026-06-20,2025-03-26,Eyes Off You,PRETTYMUCH,Phases - EP,spotify:track:0VpEX8ib3wE7u8NOw4szU6,prettymuch - eyes off you
❤️😍,2026-06-20,2025-03-26,I Like Me Better,LAUV,I Like Me Better,spotify:track:1jXfVzMk8cSbvAXMML4Y4f,lauv - i like me better
❤️😍,2026-06-20,2025-03-26,Into You,Ariana Grande,Dangerous Woman,spotify:track:76FZM38RC8XaAjJ77CVTNe,ariana grande - into you
❤️😍,2026-06-20,2025-03-26,Into It,Chase Atlantic,Chase Atlantic,spotify:track:4HwDCXsMBC7SUdp2WT4MZP,chase atlantic - into it
❤️😍,2026-06-20,2025-03-26,OHMAMI,Chase Atlantic,BEAUTY IN DEATH,spotify:track:0HqxMCPnThJ3An1QIeIzJF,chase atlantic - ohmami
❤️😍,2026-06-20,2025-03-26,Renegade,Aaryan Shah,The Arrival,spotify:track:4n8cj1HW9hTL1AU5Hagq6K,aaryan shah - renegade
❤️😍,2026-06-20,2025-03-26,Swim,Chase Atlantic,Chase Atlantic,spotify:track:3M0lSi5WW79CXQamgSBIjx,chase atlantic - swim
❤️😍,2026-06-20,2025-03-26,Meddle About,Chase Atlantic,Meddle About,spotify:track:5fVl28RgREvxVtGSf9OsbK,chase atlantic - meddle about
❤️😍,2026-06-20,2025-03-26,eyes don't lie,Isabel LaRosa,eyes don't lie,spotify:track:2GWCZJWundoYi5IloWIgTX,isabel larosa - eyes don't lie
❤️😍,2026-06-20,2025-03-26,Drugs & Money - New Mix,Chase Atlantic,Chase Atlantic,spotify:track:4SRyrhBJ5mq8fEa3bsdZn6,chase atlantic - drugs & money - new mix
❤️😍,2026-06-20,2025-03-26,Fetish (feat. Gucci Mane),Selena Gomez,Fetish (feat. Gucci Mane),spotify:track:4lnAN2S1fcI0SjxEbksZVr,selena gomez - fetish (feat. gucci mane)
❤️😍,2026-06-20,2025-03-26,Good For You,Selena Gomez,Revival,spotify:track:5xdVqHtFS0eLuNp4Z8Wbpa,selena gomez - good for you
❤️😍,2026-06-20,2025-03-26,Love Me Harder,Ariana Grande,My Everything,spotify:track:5J4ZkQpzMUFojo1CtAZYpn,ariana grande - love me harder
❤️😍,2026-06-20,2025-03-26,Die For You,The Weeknd,Starboy,spotify:track:2LBqCSwhJGcFQeTHMVGwy3,the weeknd - die for you
❤️😍,2026-06-20,2025-03-26,Kiss It Better,Rihanna,ANTI,spotify:track:0UHB9METy4VCXNgkcGqHqS,rihanna - kiss it better
❤️😍,2026-06-20,2025-03-26,I Wanna Be Yours,Arctic Monkeys,AM,spotify:track:5XeFesFbtLpXzIVDNQP22n,arctic monkeys - i wanna be yours
❤️😍,2026-06-20,2025-03-26,"One Of The Girls (with JENNIE, Lily Rose Depp)",The Weeknd,The Idol Episode 4,spotify:track:7CyPwkp0oE8Ro9Dd5CUDjW,"the weeknd - one of the girls (with jennie, lily rose depp)"
❤️😍,2026-06-20,2025-03-26,Agora Hills,Doja Cat,Scarlet,spotify:track:5PyDJG7SQRgWXefgexqIge,doja cat - agora hills
❤️😍,2026-06-20,2025-03-26,Not to be Dramatic,Zoe Clark,Not to be Dramatic,spotify:track:5DfMuKnKjSCBJDL3CbRAet,zoe clark - not to be dramatic
❤️😍,2026-06-20,2025-04-11,Karma,Summer Walker,Last Day Of Summer,spotify:track:2Fyjjpg03fn7n5cj0Qm380,summer walker - karma
❤️😍,2026-06-20,2025-06-21,Like I'm Gonna Lose You (feat. John Legend),Meghan Trainor,Title,spotify:track:7MjKAV0mFiEID9WhDSSzaW,meghan trainor - like i'm gonna lose you (feat. john legend)
❤️😍,2026-06-20,2025-12-12,Leave The Door Open,Bruno Mars,An Evening With Silk Sonic,spotify:track:02VBYrHfVwfEWXk5DXyf0T,bruno mars - leave the door open
❤️😍,2026-06-20,2026-04-15,Cha Cha Cha,Bruno Mars,The Romantic,spotify:track:6QletrrmpkUpeJkipX9pgf,bruno mars - cha cha cha
❤️😍,2026-06-20,2026-04-15,Risk It All,Bruno Mars,The Romantic,spotify:track:5y2ijHECwFYWqcAHKTZgzD,bruno mars - risk it all
❤️😍,2026-06-20,2026-06-18,Mirrors,Justin Timberlake,The 20/20 Experience (Deluxe Version),spotify:track:4rHZZAmHpZrA3iH5zx8frV,justin timberlake - mirrors
❤️😍,2026-06-20,2026-06-20,Finesse,Bruno Mars,24K Magic,spotify:track:5XMkENs3GfeRza8MfVAhjK,bruno mars - finesse
❤️😍,2026-06-20,2026-06-20,I Just Might,Bruno Mars,The Romantic,spotify:track:6f68Ac5tt5BQOpwr0BV9oN,bruno mars - i just might
❤️😍,2026-06-20,2026-06-20,Nothing Left,Bruno Mars,The Romantic,spotify:track:0Sq6JK9kyC4MQa3KrJj5CB,bruno mars - nothing left
❤️😍,2026-06-20,2026-06-20,Something Serious,Bruno Mars,The Romantic,spotify:track:0PV4VQCmE6Ujssr1bnswdF,bruno mars - something serious
❤️😍,2026-06-20,2026-06-20,Human Nature,Michael Jackson,Thriller,spotify:track:4cgjA7B4fJBHyB9Ya2bu0t,michael jackson - human nature
❤️😍,2026-06-20,2026-06-20,God Was Showing Off,Bruno Mars,The Romantic,spotify:track:1sVBT215CDmVJvfy1E2OCU,bruno mars - god was showing off
❤️😍,2026-06-20,2026-06-20,Why You Wanna Fight?,Bruno Mars,The Romantic,spotify:track:3Ac4AjYkqsvop2ydbSAhTX,bruno mars - why you wanna fight?
Kenyan tunes,2026-05-13,2025-03-09,Sura Yako,Sauti Sol,Kenya Awake Vol 1,spotify:track:3p6qboOOnpvMHzKu1PTBCC,sauti sol - sura yako
Kenyan tunes,2026-05-13,2025-03-09,Insecure,Sauti Sol,Midnight Train,spotify:track:6dDDPV8S5meV46SamOnDNl,sauti sol - insecure
Kenyan tunes,2026-05-13,2025-03-09,Isabella,Sauti Sol,Live and Die in Afrika,spotify:track:6yQoz9BSOipTVzIsvngIYl,sauti sol - isabella
Kenyan tunes,2026-05-13,2025-03-09,Short N Sweet,Sauti Sol,Afrikan Sauce,spotify:track:2w5PGaVT7qQmN7pdBIwkF9,sauti sol - short n sweet
Kenyan tunes,2026-05-13,2025-03-09,Feel My Love,Sauti Sol,Midnight Train,spotify:track:7MJias3z7sLBVROiX9yb7m,sauti sol - feel my love
Kenyan tunes,2026-05-13,2025-03-09,Still the one,Sauti Sol,Live and Die in Afrika,spotify:track:15ChgJwMrGNN2ZSrLJGXqY,sauti sol - still the one
Kenyan tunes,2026-05-13,2025-03-09,Coming home,Sauti Sol,Sol Filosofia,spotify:track:5O6zHaw3kIPPDfw6FFYfvh,sauti sol - coming home
Kenyan tunes,2026-05-13,2025-03-09,Suzanna,Sauti Sol,Midnight Train,spotify:track:4CpkKi23V5U6fd419XNQnG,sauti sol - suzanna
Kenyan tunes,2026-05-13,2025-03-09,Shake Yo Bam Bam,Sauti Sol,Live and Die in Afrika,spotify:track:4uMV6Gsxibm7DglXz1vMn5,sauti sol - shake yo bam bam
Kenyan tunes,2026-05-13,2025-03-09,Melanin,Sauti Sol,Afrikan Sauce,spotify:track:6P4kIjBGUzlieJBkUFobTL,sauti sol - melanin
Kenyan tunes,2026-05-13,2025-03-09,Lil Mama,Sauti Sol,Lil Mama,spotify:track:0TdQ54hT5S5racTQAwdW3U,sauti sol - lil mama
Kenyan tunes,2026-05-13,2025-03-09,Afrikan Star,Sauti Sol,Afrikan Sauce,spotify:track:57ZphidHkoCJY20u4QSIZA,sauti sol - afrikan star
Kenyan tunes,2026-05-13,2025-03-09,Birthday Song (feat. Khaligraph Jones),Nviiri The Storyteller,Birthday Song (feat. Khaligraph Jones),spotify:track:7AwIbRyv3M7MV5onFj1o8H,nviiri the storyteller - birthday song (feat. khaligraph jones)
Kenyan tunes,2026-05-13,2025-03-09,Friendzone,Sauti Sol,Friendzone,spotify:track:4Zpz77aOKbdE67GHRwsXcB,sauti sol - friendzone
Kenyan tunes,2026-05-13,2025-03-09,Nenda Lote,Sauti Sol,Midnight Train,spotify:track:66UNdqwxnjpfQdu3cD0lk5,sauti sol - nenda lote
Kenyan tunes,2026-05-13,2025-03-09,Sober,Sauti Sol,Midnight Train,spotify:track:5gS0V8uz9krPhV6geZ0jJq,sauti sol - sober
Kenyan tunes,2026-05-13,2025-03-09,Unconditionally Bae,Sauti Sol,Unconditionally Bae,spotify:track:0l6QrIQTs3Idq63OnBZAaV,sauti sol - unconditionally bae
Kenyan tunes,2026-05-13,2025-03-09,Live and Die in Afrika,Sauti Sol,Live and Die in Afrika,spotify:track:4UiTMA87MlulPx9NXqCfaE,sauti sol - live and die in afrika
Kenyan tunes,2026-05-13,2025-03-09,Midnight Train,Sauti Sol,Midnight Train,spotify:track:2wjStOr7RhZ6s6oNn8Nbzb,sauti sol - midnight train
Kenyan tunes,2026-05-13,2025-03-09,Mare,Juls,Sounds of My World,spotify:track:3maTgl5AL7QJoCsQA9odoW,juls - mare
Kenyan tunes,2026-05-13,2025-03-09,Huku,Alikiba,Huku,spotify:track:3CRS6HLlhjIMLwDr4SJTK4,alikiba - huku
Kenyan tunes,2026-05-13,2025-06-06,Aki Sioni,Njerae,Unintentional,spotify:track:0U9jyVnEkmWryh7sJpMS5e,njerae - aki sioni
Kenyan tunes,2026-05-13,2025-06-17,Viva La Vida,Bensoul,The Lion of Sudah,spotify:track:4JxJA39JC2aw0vGTbYqFHP,bensoul - viva la vida
Kenyan tunes,2026-05-13,2025-06-17,Love Again (feat. Sauti Sol),C4 Pedro,Love Again (feat. Sauti Sol),spotify:track:03hnjC8kAVy9tmfgcB0p0y,c4 pedro - love again (feat. sauti sol)
Kenyan tunes,2026-05-13,2025-06-17,Dnd,We are Nubia,Dnd,spotify:track:3jmXHTXgVb3QxqgVsKYPcD,we are nubia - dnd
Kenyan tunes,2026-05-13,2025-06-17,Tamu,Zaituni,Tamu,spotify:track:4xu6oHkvaV57HvAP8Zdhf5,zaituni - tamu
Kenyan tunes,2026-05-13,2025-06-17,Wrong Places,Joshua Baraka,Wrong Places,spotify:track:5Ub2eXiU36Sn5yfCAPca5I,joshua baraka - wrong places
Kenyan tunes,2026-05-13,2025-07-09,Chaguo la Moyo (feat. Sanaipei),Otile Brown,Chaguo la Moyo (feat. Sanaipei),spotify:track:0jN5nAQMiKZHvIaaMdRoYn,otile brown - chaguo la moyo (feat. sanaipei)
Kenyan tunes,2026-05-13,2025-07-09,Me too,Abigail Chams,Me too,spotify:track:0f69wNZrUKPe4s2EnSA5ai,abigail chams - me too
Kenyan tunes,2026-05-13,2025-07-09,Beta,Mutoriah,Beta,spotify:track:7xO9Xzb6UqP2bFmCUYTAI2,mutoriah - beta
Kenyan tunes,2026-05-13,2025-07-09,On Yah - Intro,Nikita Kering',On Yah,spotify:track:7I384J2xogr4UpOYbE93FJ,nikita kering' - on yah - intro
Kenyan tunes,2026-05-13,2026-01-19,Trust No 1,Brandy Maina,Trust No 1,spotify:track:4Nfq2CziIZHDzVP8A6llUF,brandy maina - trust no 1
Kenyan tunes,2026-05-13,2026-01-19,M.O.T.O,X.O,M.O.T.O,spotify:track:6qMxx9E9oePafVwZrVggXr,x.o - m.o.t.o
Kenyan tunes,2026-05-13,2026-01-19,Madam,X.O,Madam,spotify:track:6AVGjBq9zWEaqwFmESFHL2,x.o - madam
Kenyan tunes,2026-05-13,2026-01-21,Pombe Sigara,Nviiri The Storyteller,Pombe Sigara,spotify:track:2yiDA7vzP2EBR1iOCscmNU,nviiri the storyteller - pombe sigara
Kenyan tunes,2026-05-13,2026-05-13,Chai ya saa kumi,Ywaya Tajiri,Chai ya saa kumi,spotify:track:1gQsbe5nVBPmfj5Y1d1kec,ywaya tajiri - chai ya saa kumi
Life,2026-03-27,2024-12-18,PUSH 2 START,Tyla,TYLA +,spotify:track:1Cbl3Yq8rHo7hhDQmLQagU,tyla - push 2 start
Life,2026-03-27,2024-12-18,6:45,Naïka,6:45,spotify:track:6LH1KKXEw1K8UEKMK75qyz,naïka - 6:45
Life,2026-03-27,2024-12-18,Yes or No,Jung Kook,GOLDEN,spotify:track:2gkVEnpahpE3bQuvGuCpAV,jung kook - yes or no
Life,2026-03-27,2024-12-18,Stuck with U (with Justin Bieber),Ariana Grande,Stuck with U,spotify:track:4HBZA5flZLE435QTztThqH,ariana grande - stuck with u (with justin bieber)
Life,2026-03-27,2024-12-18,Bad Girls Like You,Tobii,Bad Girls Like You,spotify:track:23EDUpNbiKcDwhUf9kBRo8,tobii - bad girls like you
Life,2026-03-27,2024-12-18,APT.,ROSÉ,APT.,spotify:track:5vNRhkKd0yEAg8suGBpjeY,rosé - apt.
Life,2026-03-27,2024-12-18,That’s So True,Gracie Abrams,The Secret of Us,spotify:track:7ne4VBA60CxGM75vw0EYad,gracie abrams - that’s so true
Life,2026-03-27,2024-12-18,Taste,Sabrina Carpenter,Short n' Sweet,spotify:track:5G2f63n7IPVPPjfNIGih7Q,sabrina carpenter - taste
Life,2026-03-27,2024-12-18,Die With A Smile,Lady Gaga,Die With A Smile,spotify:track:2plbrEY59IikOBgBGLjaoe,lady gaga - die with a smile
Life,2026-03-27,2024-12-18,Please Me,Cardi B,Please Me,spotify:track:0PG9fbaaHFHfre2gUVo7AN,cardi b - please me
Life,2026-03-27,2024-12-18,That's What I Like,Bruno Mars,24K Magic,spotify:track:0KKkJNfGyhkQ5aFogxQAPU,bruno mars - that's what i like
Life,2026-03-27,2024-12-18,"thank u, next",Ariana Grande,"thank u, next",spotify:track:3e9HZxeyfWwjeyPAMmWSSQ,"ariana grande - thank u, next"
Life,2026-03-27,2024-12-18,7 rings,Ariana Grande,"thank u, next",spotify:track:6ocbgoVGwYJhOv1GgI9NsF,ariana grande - 7 rings
Life,2026-03-27,2024-12-18,Strip That Down (feat. Quavo),Liam Payne,LP1,spotify:track:29JrmE89KgRyCxBIzq2Ocw,liam payne - strip that down (feat. quavo)
Life,2026-03-27,2024-12-18,Confident,Justin Bieber,Journals,spotify:track:3JsydWaf2Ev4ehaLUjj3SY,justin bieber - confident
Life,2026-03-27,2024-12-18,Flatline,Justin Bieber,Journals,spotify:track:2GBgiuXwY1KzJMA0gSAr9J,justin bieber - flatline
Life,2026-03-27,2024-12-18,STUPID IN LOVE (feat. HUH YUNJIN of LE SSERAFIM),MAX,LOVE IN STEREO,spotify:track:3W2kGv8CcwRl2MWQN5vxKL,max - stupid in love (feat. huh yunjin of le sserafim)
Life,2026-03-27,2024-12-18,the boy is mine,Ariana Grande,eternal sunshine,spotify:track:0Lmbke3KNVFXtoH2mMSHCw,ariana grande - the boy is mine
Life,2026-03-27,2024-12-18,Espresso,Sabrina Carpenter,Short n' Sweet,spotify:track:2HRqTpkrJO5ggZyyK6NPWz,sabrina carpenter - espresso
Life,2026-03-27,2024-12-18,Made For Me,Muni Long,Revenge,spotify:track:6m94NnMDxM5KM5Ut5vgfhR,muni long - made for me
Life,2026-03-27,2024-12-18,GIRLS,The Kid LAROI,THE FIRST TIME (DELUXE VERSION),spotify:track:3Fra5SMXXDTSRXVoDf8Xwd,the kid laroi - girls
Life,2026-03-27,2024-12-18,Alibi (with Pabllo Vittar & Yseult),Sevdaliza,Alibi (with Pabllo Vittar & Yseult),spotify:track:5496lks6V3fh1mZAB6IAap,sevdaliza - alibi (with pabllo vittar & yseult)
Life,2026-03-27,2024-12-18,Favorite,Isabel LaRosa,Favorite,spotify:track:3QJsSWa0Xo8MfaRn1gr4Be,isabel larosa - favorite
Life,2026-03-27,2024-12-18,happier,Olivia Rodrigo,SOUR,spotify:track:2tGvwE8GcFKwNdAXMnlbfl,olivia rodrigo - happier
Life,2026-03-27,2024-12-18,Яд,Erika Lundmoen,Источник,spotify:track:59vIllaE2ottAAAtAiAuLt,erika lundmoen - яд
Life,2026-03-27,2024-12-18,Love Songs,Kaash Paige,lofi love,spotify:track:0tziUvXJBqjdmV8gWxOjfV,kaash paige - love songs
Life,2026-03-27,2024-12-18,Come Through (feat. Chris Brown),H.E.R.,Back of My Mind,spotify:track:29he0Joo5sz2607A6ZBT6H,h.e.r. - come through (feat. chris brown)
Life,2026-03-27,2024-12-18,Not to be Dramatic,Zoe Clark,Not to be Dramatic,spotify:track:5DfMuKnKjSCBJDL3CbRAet,zoe clark - not to be dramatic
Life,2026-03-27,2024-12-18,That Part,Lauren Spencer Smith,Mirror,spotify:track:1ZO1ZJVjT6PvmL7HfiRsfb,lauren spencer smith - that part
Life,2026-03-27,2024-12-18,Flowers,Lauren Spencer Smith,Flowers,spotify:track:6Z165JvPnS8PYvGW8oLGLc,lauren spencer smith - flowers
Life,2026-03-27,2024-12-24,La La La,Naughty Boy,Hotel Cabana,spotify:track:3wPPWcVuinAU7dXcJXtCID,naughty boy - la la la
Life,2026-03-27,2025-02-25,Standing Next to You,Jung Kook,GOLDEN,spotify:track:2KslE17cAJNHTsI2MI0jb2,jung kook - standing next to you
Life,2026-03-27,2025-01-01,Breathe,Olly Alexander (Years & Years),Take Shelter,spotify:track:267nfLfaSSDa9ivHncHynh,olly alexander (years & years) - breathe
Life,2026-03-27,2025-01-17,bloodline,Ariana Grande,"thank u, next",spotify:track:2hloaUoRonYssMuqLCBLTX,ariana grande - bloodline
Life,2026-03-27,2025-01-17,No Guidance,Ayzha Nyree,No Guidance,spotify:track:27YDNS5SXjXQpGir8g0ilW,ayzha nyree - no guidance
Life,2026-03-27,2025-01-17,Around Me,No Guidnce,Around Me,spotify:track:1YEVx89VQ53Lj96DuDs6Et,no guidnce - around me
Life,2026-03-27,2025-01-17,double take,Dhruv,double take,spotify:track:47isJpIIO8m7BJEhiFhnaf,dhruv - double take
Life,2026-03-27,2025-01-17,I Like Me Better,LAUV,I Like Me Better,spotify:track:1jXfVzMk8cSbvAXMML4Y4f,lauv - i like me better
Life,2026-03-27,2025-01-17,Eastside (with Halsey & Khalid),benny blanco,FRIENDS KEEP SECRETS,spotify:track:7FGq80cy8juXBCD2nrqdWU,benny blanco - eastside (with halsey & khalid)
Life,2026-03-27,2025-01-17,2002,Anne-Marie,Speak Your Mind,spotify:track:2BgEsaKNfHUdlh97KmvFyo,anne-marie - 2002
Life,2026-03-27,2025-01-17,I Don't Care (with Justin Bieber),Ed Sheeran & Justin Bieber,No.6 Collaborations Project,spotify:track:0hVXuCcriWRGvwMV1r5Yn9,ed sheeran & justin bieber - i don't care (with justin bieber)
Life,2026-03-27,2025-01-17,Company,Justin Bieber,Purpose,spotify:track:61uyGDPJ06MkxJtHgPmuyO,justin bieber - company
Life,2026-03-27,2025-01-20,Be My Baby,Ariana Grande,My Everything,spotify:track:0fonaf88IEDQM309zmU80L,ariana grande - be my baby
Life,2026-03-27,2025-01-20,Everyday,Ariana Grande,Dangerous Woman,spotify:track:30TmLgK0ja5O8q9l4BShIX,ariana grande - everyday
Life,2026-03-27,2025-02-28,It's You,Ali Gatie,YOU,spotify:track:5DqdesEfbRyOlSS3Tf6c29,ali gatie - it's you
Life,2026-03-27,2025-02-28,Youngblood,5 Seconds of Summer,Youngblood,spotify:track:2iUXsYOEPhVqEBwsqP70rE,5 seconds of summer - youngblood
Life,2026-03-27,2025-02-28,Heartbreak Anniversary,GIVĒON,TAKE TIME,spotify:track:3FAJ6O0NOHQV8Mc5Ri6ENp,givēon - heartbreak anniversary
Life,2026-03-27,2025-02-28,Agora Hills,Doja Cat,Scarlet,spotify:track:5PyDJG7SQRgWXefgexqIge,doja cat - agora hills
Life,2026-03-27,2025-02-28,intro (end of the world),Ariana Grande,eternal sunshine,spotify:track:2o1pb13quMReXZqE7jWsgq,ariana grande - intro (end of the world)
Life,2026-03-27,2025-02-28,Nobody Gets Me,SZA,SOS,spotify:track:5Y35SjAfXjjG0sFQ3KOxmm,sza - nobody gets me
Life,2026-03-27,2025-02-28,Kiss It Better,Rihanna,ANTI,spotify:track:0UHB9METy4VCXNgkcGqHqS,rihanna - kiss it better
Life,2026-03-27,2025-02-28,make you mine,Madison Beer,make you mine,spotify:track:48vIfHaK7by6x0T6ucpODL,madison beer - make you mine
Life,2026-03-27,2025-02-28,Good For You,Selena Gomez,Revival,spotify:track:5xdVqHtFS0eLuNp4Z8Wbpa,selena gomez - good for you
Life,2026-03-27,2025-02-28,Treat You Better,Shawn Mendes,Illuminate,spotify:track:3QGsuHI8jO1Rx4JWLUh9jd,shawn mendes - treat you better
Life,2026-03-27,2025-02-28,Sweater Weather,The Neighbourhood,I Love You.,spotify:track:2QjOHCTQ1Jl3zawyYOpxh6,the neighbourhood - sweater weather
Life,2026-03-27,2025-02-28,That Part,Lauren Spencer Smith,Mirror,spotify:track:7ggnnK9KC8ZKhahPdnY0c3,lauren spencer smith - that part
Life,2026-03-27,2025-02-28,Photograph,Ed Sheeran,x,spotify:track:1HNkqx9Ahdgi1Ixy2xkKkL,ed sheeran - photograph
Life,2026-03-27,2025-02-28,TWENTIES,GIVĒON,TWENTIES,spotify:track:1NaSrCqTnZdlusQ82SJhGN,givēon - twenties
Life,2026-03-27,2025-03-03,"One Of The Girls (with JENNIE, Lily Rose Depp)",The Weeknd,The Idol Episode 4,spotify:track:7CyPwkp0oE8Ro9Dd5CUDjW,"the weeknd - one of the girls (with jennie, lily rose depp)"
Life,2026-03-27,2025-03-03,"""Slut!"" (Taylor's Version) (From The Vault)",Taylor Swift,1989 (Taylor's Version),spotify:track:71BqAINEnezjQfxE4VuJfq,"taylor swift - ""slut!"" (taylor's version) (from the vault)"
Life,2026-03-27,2025-03-03,Wildest Dreams,Taylor Swift,1989,spotify:track:3fVnlF4pGqWI9flVENcT28,taylor swift - wildest dreams
Life,2026-03-27,2025-03-03,Blank Space,Taylor Swift,1989,spotify:track:1u8c2t2Cy7UBoG4ArRcF5g,taylor swift - blank space
Life,2026-03-27,2025-03-03,Teenage Dream,Stephen Dawes,Teenage Dream,spotify:track:3GWaFFi6TlPcZLYmCCHZ9O,stephen dawes - teenage dream
Life,2026-03-27,2025-03-03,Beautiful (feat. Camila Cabello),Bazzi,Beautiful (feat. Camila Cabello),spotify:track:4VUwkH455At9kENOfzTqmF,bazzi - beautiful (feat. camila cabello)
Life,2026-03-27,2025-03-03,lowkey,NIKI,lowkey,spotify:track:7ipqVwkp2MhZv0Ojzqy1NV,niki - lowkey
Life,2026-03-27,2025-03-03,BMF,SZA,SOS Deluxe: LANA,spotify:track:3U3hFkMr0Q90pD24EkE3Pr,sza - bmf
Life,2026-03-27,2025-03-03,My Oh My (feat. DaBaby),Camila Cabello,Romance,spotify:track:3yOlyBJuViE2YSGn3nVE1K,camila cabello - my oh my (feat. dababy)
Life,2026-03-27,2025-03-03,Perfect,One Direction,Made In The A.M.,spotify:track:3NLnwwAQbbFKcEcV8hDItk,one direction - perfect
Life,2026-03-27,2025-03-03,Eyes Off You,PRETTYMUCH,Phases - EP,spotify:track:0VpEX8ib3wE7u8NOw4szU6,prettymuch - eyes off you
Life,2026-03-27,2025-03-06,Daydreamin',Ariana Grande,Yours Truly,spotify:track:2CcQDI2IDhHbmBIFup58JE,ariana grande - daydreamin'
Life,2026-03-27,2025-03-26,Seoul City,JENNIE,Ruby,spotify:track:3pY2M4k9BSk7ulLBSV0tcX,jennie - seoul city
Life,2026-03-27,2025-03-28,ExtraL (feat. Doechii),JENNIE,ExtraL (feat. Doechii),spotify:track:7AKwWqnoMmvCqBQtcdIECG,jennie - extral (feat. doechii)
Life,2026-03-27,2025-03-28,boyfriend (with Social House),Ariana Grande,boyfriend,spotify:track:0Ryd8975WihbObpp5cPW1t,ariana grande - boyfriend (with social house)
Life,2026-03-27,2025-03-28,everytime,Ariana Grande,Sweetener,spotify:track:0WdR2AyLW1Drd3OUdwezM0,ariana grande - everytime
Life,2026-03-27,2025-03-28,34+35,Ariana Grande,Positions,spotify:track:6Im9k8u9iIzKMrmV7BWtlF,ariana grande - 34+35
Life,2026-03-27,2025-03-28,Kiss Me More (feat. SZA),Doja Cat,Planet Her,spotify:track:3DarAbFujv6eYNliUTyqtz,doja cat - kiss me more (feat. sza)
Life,2026-03-27,2025-03-28,pov,Ariana Grande,Positions,spotify:track:3UoULw70kMsiVXxW0L3A33,ariana grande - pov
Life,2026-03-27,2025-03-28,positions,Ariana Grande,Positions,spotify:track:35mvY5S1H3J2QZyna3TFe0,ariana grande - positions
Life,2026-03-27,2025-03-28,One Last Time,Ariana Grande,My Everything,spotify:track:7xoUc6faLbCqZO6fQEYprd,ariana grande - one last time
Life,2026-03-27,2025-03-28,motive (with Doja Cat),Ariana Grande,Positions,spotify:track:5GkQIP5mWPi4KZLLXeuFTT,ariana grande - motive (with doja cat)
Life,2026-03-27,2025-03-28,Dangerous Woman,Ariana Grande,Dangerous Woman,spotify:track:3nef5W8jTkXrOKgCu4kmq7,ariana grande - dangerous woman
Life,2026-03-27,2025-03-28,Into You,Ariana Grande,Dangerous Woman,spotify:track:76FZM38RC8XaAjJ77CVTNe,ariana grande - into you
Life,2026-03-27,2025-03-28,God is a woman,Ariana Grande,Sweetener,spotify:track:5OCJzvD7sykQEKHH7qAC3C,ariana grande - god is a woman
Life,2026-03-27,2025-03-28,That Should Be Me,Justin Bieber,My World 2.0,spotify:track:0aPZbnkMoWJaJ5CNVLCj8S,justin bieber - that should be me
Life,2026-03-27,2025-03-28,breathin,Ariana Grande,Sweetener,spotify:track:4OafepJy2teCjYJbvFE60J,ariana grande - breathin
Life,2026-03-27,2025-03-28,"I Love You, I'm Sorry",Gracie Abrams,The Secret of Us,spotify:track:51rfRCiUSvxXlCSCfIztBy,"gracie abrams - i love you, i'm sorry"
Life,2026-03-27,2025-03-28,Saturn,SZA,SOS Deluxe: LANA,spotify:track:040I32EKLxQrkuxQu1pqvT,sza - saturn
Life,2026-03-27,2025-04-05,luther (with sza),Kendrick Lamar,GNX,spotify:track:2CGNAOSuO1MEFCbBRgUzjd,kendrick lamar - luther (with sza)
Life,2026-03-27,2025-04-15,MUTT (feat. Chris Brown) [CB REMIX],Leon Thomas,MUTT,spotify:track:3riRdhyMDfEQz5nKrxfbwv,leon thomas - mutt (feat. chris brown) [cb remix]
Life,2026-03-27,2025-04-15,Girls Need Love,Summer Walker,Last Day Of Summer,spotify:track:644rGY6maSElnKVsAg1gJj,summer walker - girls need love
Life,2026-03-27,2025-04-16,24/7,Celina Sharma,24/7,spotify:track:5zJH0lhyVBHi2hLPnPJNCY,celina sharma - 24/7
Life,2026-03-27,2025-05-15,Hotel Lobby,Tobii,Hotel Lobby,spotify:track:5ZwO6yhqNgne3juzRbHgDB,tobii - hotel lobby
Life,2026-03-27,2025-05-24,supernatural,Ariana Grande,eternal sunshine,spotify:track:142PiXzA84lmEw2RstFHFa,ariana grande - supernatural
Life,2026-03-27,2025-06-21,Like I'm Gonna Lose You (feat. John Legend),Meghan Trainor,Title,spotify:track:7MjKAV0mFiEID9WhDSSzaW,meghan trainor - like i'm gonna lose you (feat. john legend)
Life,2026-03-27,2025-07-11,Talk That Talk,Rihanna,Talk That Talk,spotify:track:57mKcbEq7nMqtJ4gqJvWcp,rihanna - talk that talk
Life,2026-03-27,2025-07-12,This Is,Ella Mai,Heart On My Sleeve,spotify:track:3pdUv2fviypOdl1PTHDunH,ella mai - this is
Life,2026-03-27,2025-07-31,Mirrors,Justin Timberlake,The 20/20 Experience (Deluxe Version),spotify:track:4rHZZAmHpZrA3iH5zx8frV,justin timberlake - mirrors
Life,2026-03-27,2025-08-02,You Belong With Me (Taylor’s Version),Taylor Swift,Fearless (Taylor's Version),spotify:track:1qrpoAMXodY6895hGKoUpA,taylor swift - you belong with me (taylor’s version)
Life,2026-03-27,2025-08-07,⁠Sunrise,Zack Knight,REBORN,spotify:track:1mO7L7P68Gjw5pdXAmn1Qu,zack knight - ⁠sunrise
Life,2026-03-27,2025-08-07,DAISIES,Justin Bieber,SWAG,spotify:track:5BZsQlgw21vDOAjoqkNgKb,justin bieber - daisies
Life,2026-03-27,2025-09-11,When Did You Get Hot?,Sabrina Carpenter,Man’s Best Friend,spotify:track:0je57Uq5eTk1wrPzn9sWbl,sabrina carpenter - when did you get hot?
Life,2026-03-27,2025-09-06,Thong Song,Sisqo,Unleash The Dragon,spotify:track:5Mmk2ii6laakqfeCT7OnVD,sisqo - thong song
Life,2026-03-27,2025-09-18,MR. MEDIA,Tyla,WWP,spotify:track:2d3QwiqKhKGm03xr3RlnYH,tyla - mr. media
Life,2026-03-27,2025-09-18,DYNAMITE,Tyla,DYNAMITE,spotify:track:1myE3bHoWoSO5hyr3MxdHJ,tyla - dynamite
Life,2026-03-27,2025-09-29,Nonsense,Sabrina Carpenter,emails i can't send,spotify:track:6dgUya35uo964z7GZXM07g,sabrina carpenter - nonsense
Life,2026-03-27,2025-10-04,Attention,Charlie Puth,Voicenotes,spotify:track:5cF0dROlMOK5uNZtivgu50,charlie puth - attention
Life,2026-03-27,2025-12-05,10s,Khim,10s,spotify:track:1UmjJwP1jpPWmDfR2Tebvn,khim - 10s
Life,2026-03-27,2025-12-10,Amnesia (feat. Doe B),Kevin Gates,By Any Means,spotify:track:4UXzgigafc4gUxb90nX3rP,kevin gates - amnesia (feat. doe b)
Life,2026-03-27,2025-12-12,Leave The Door Open,Bruno Mars,An Evening With Silk Sonic,spotify:track:02VBYrHfVwfEWXk5DXyf0T,bruno mars - leave the door open
Life,2026-03-27,2026-01-26,Been Like This,Doja Cat,Planet Her,spotify:track:7y3xU9vEC1s8DSuuoSYKih,doja cat - been like this
Life,2026-03-27,2026-01-28,american wedding (Hotel California),dopuu,american wedding (Hotel California),spotify:track:4MWk55HpGESQdvthbGhMhF,dopuu - american wedding (hotel california)
Life,2026-03-27,2026-01-28,Love,Keyshia Cole,The Way It Is,spotify:track:0W4NhJhcqKCqEP2GIpDCDq,keyshia cole - love
Life,2026-03-27,2026-01-28,If the World Was Ending (feat. Julia Michaels),JP Saxe,If the World Was Ending (feat. Julia Michaels),spotify:track:2kJwzbxV2ppxnQoYw4GLBZ,jp saxe - if the world was ending (feat. julia michaels)
Life,2026-03-27,2026-01-28,PILLOWTALK,ZAYN,Mind Of Mine (Deluxe Edition),spotify:track:0PDUDa38GO8lMxLCRc4lL1,zayn - pillowtalk
Life,2026-03-27,2026-01-28,Mercy,Shawn Mendes,Illuminate,spotify:track:0AS63m1wHv9n4VVRizK6Hc,shawn mendes - mercy
Life,2026-03-27,2026-01-28,Fetish (feat. Gucci Mane),Selena Gomez,Fetish (feat. Gucci Mane),spotify:track:4lnAN2S1fcI0SjxEbksZVr,selena gomez - fetish (feat. gucci mane)
Life,2026-03-27,2026-02-13,Never Let Go,LNGSHOT,SHOT CALLERS,spotify:track:37xebnhvUyM8VyyDDeo65d,lngshot - never let go
Life,2026-03-27,2026-03-24,Raindance (feat. Tems),Dave,The Boy Who Played the Harp,spotify:track:3oTuTpF1F3A7rEC6RKsMRz,dave - raindance (feat. tems)
Life,2026-03-27,2026-03-24,Stateside + Zara Larsson,PinkPantheress,Fancy Some More?,spotify:track:1DwscornXpj8fmOmYVlqZt,pinkpantheress - stateside + zara larsson
Life,2026-03-27,2026-03-27,Cmonnn (Hit It One Time) (Pt. 2) (feat. Lay Bankz),5Star,Cmonnn (Hit It One Time),spotify:track:04KXmuiwhHwhcOUPy8Jcuw,5star - cmonnn (hit it one time) (pt. 2) (feat. lay bankz)
Life,2026-03-27,2026-03-27,Midnight Sun,Zara Larsson,Midnight Sun,spotify:track:37UCSVSqiPGdR1DijOFyYY,zara larsson - midnight sun
Life,2026-03-27,2026-03-27,Mirrors,Justin Timberlake,The 20/20 Experience (Deluxe Version),spotify:track:4rHZZAmHpZrA3iH5zx8frV,justin timberlake - mirrors
Life,2026-03-27,2026-03-27,I Know What You Did Last Summer,Shawn Mendes,Handwritten,spotify:track:2GyA33q5rti5IxkMQemRDH,shawn mendes - i know what you did last summer
Life,2026-03-27,2026-03-27,Stitches,Shawn Mendes,Handwritten,spotify:track:5jsw9uXEGuKyJzs0boZ1bT,shawn mendes - stitches
Life,2026-03-27,2026-03-27,Black Magic,Little Mix,Get Weird,spotify:track:6rmXhRIemCTPyMYZRDN7Qg,little mix - black magic
Chase Atlantic,2026-05-03,2024-08-11,Swim,Chase Atlantic,Chase Atlantic,spotify:track:3M0lSi5WW79CXQamgSBIjx,chase atlantic - swim
Chase Atlantic,2026-05-03,2024-08-11,Into It,Chase Atlantic,Chase Atlantic,spotify:track:4HwDCXsMBC7SUdp2WT4MZP,chase atlantic - into it
Chase Atlantic,2026-05-03,2024-08-11,Slow Down,Chase Atlantic,Paradise - EP,spotify:track:2VyaGJJI8dOiv36F8vHZIL,chase atlantic - slow down
Chase Atlantic,2026-05-03,2024-08-11,SLIDE,Chase Atlantic,BEAUTY IN DEATH,spotify:track:1p3RpKfSJQcVTEwrQWr8q7,chase atlantic - slide
Chase Atlantic,2026-05-03,2024-08-11,DEVILISH,Chase Atlantic,DON'T TRY THIS,spotify:track:0e8aaWrJHYYKZilbqmqNxs,chase atlantic - devilish
Chase Atlantic,2026-05-03,2024-08-11,OUT THE ROOF,Chase Atlantic,BEAUTY IN DEATH,spotify:track:4RXbIkOPskkTZF1OA2moYu,chase atlantic - out the roof
Chase Atlantic,2026-05-03,2024-08-11,PARANOID,Chase Atlantic,BEAUTY IN DEATH,spotify:track:5hhxHo29bE78Y18gbhamlF,chase atlantic - paranoid
Chase Atlantic,2026-05-03,2024-08-11,STRANGER THINGS,Chase Atlantic,BEAUTY IN DEATH,spotify:track:3mSlIRTgvQKGVT0cwyzB87,chase atlantic - stranger things
Chase Atlantic,2026-05-03,2024-08-11,CHXSE,Chase Atlantic,BEAUTY IN DEATH,spotify:track:4vZCkAXIcD8A050VeirCwj,chase atlantic - chxse
Chase Atlantic,2026-05-03,2024-08-11,COLD NIGHTS,Chase Atlantic,BEAUTY IN DEATH,spotify:track:7mErOaTwL626vmmEBVsiIp,chase atlantic - cold nights
Chase Atlantic,2026-05-03,2024-08-11,PLEASEXANNY,Chase Atlantic,BEAUTY IN DEATH,spotify:track:3voovipRtlMSRfCqB2DyP3,chase atlantic - pleasexanny
Chase Atlantic,2026-05-03,2024-08-11,OHMAMI - With Maggie Lindemann,Chase Atlantic,BEAUTY IN DEATH,spotify:track:1BwApC6z1fX4IWFPPjCHww,chase atlantic - ohmami - with maggie lindemann
Chase Atlantic,2026-05-03,2024-08-11,PLEASE STAND BY [Feat. DE’WAYNE & Xavier Mayne],Chase Atlantic,BEAUTY IN DEATH,spotify:track:1l0EaTTnZy9PuhYzWUzB8e,chase atlantic - please stand by [feat. de’wayne & xavier mayne]
Chase Atlantic,2026-05-03,2024-08-11,LIKE A ROCKSTAR,Chase Atlantic,DON'T TRY THIS,spotify:track:5utAceRFzBzXUkHrkwSklB,chase atlantic - like a rockstar
Chase Atlantic,2026-05-03,2024-08-11,Tidal Wave,Chase Atlantic,Tidal Wave,spotify:track:5UFjlIK589UVrEUEVbkw1X,chase atlantic - tidal wave
Chase Atlantic,2026-05-03,2024-08-11,Dancer in the Dark,Chase Atlantic,Chase Atlantic,spotify:track:0ILIuCVbnekvEFpQCWhP8a,chase atlantic - dancer in the dark
Chase Atlantic,2026-05-03,2024-08-11,PHASES,Chase Atlantic,PHASES,spotify:track:20C3wlDfoJjXO5RBpXp3py,chase atlantic - phases
Chase Atlantic,2026-05-03,2024-08-11,CALL ME BACK,Chase Atlantic,BEAUTY IN DEATH,spotify:track:22aE8zIZUJXegctyP0KEA3,chase atlantic - call me back
Chase Atlantic,2026-05-03,2024-08-11,I NEVER EXISTED,Chase Atlantic,PHASES,spotify:track:6UJ6ZtL7VbJf5l9V1wzP23,chase atlantic - i never existed
Chase Atlantic,2026-05-03,2024-08-11,BEAUTY IN DEATH,Chase Atlantic,BEAUTY IN DEATH,spotify:track:7w5z1zkYX9QzDGRaVyZ9Fr,chase atlantic - beauty in death
Chase Atlantic,2026-05-03,2024-08-11,WASTED,Chase Atlantic,BEAUTY IN DEATH,spotify:track:2Zse0mQjtHnftLnOJB7vEf,chase atlantic - wasted
Chase Atlantic,2026-05-03,2024-08-11,LOVE IS (NOT) EASY,Chase Atlantic,PHASES,spotify:track:7pfMEwz79Hrc2IOVMWsrJS,chase atlantic - love is (not) easy
Chase Atlantic,2026-05-03,2024-08-11,Talk Slow,Chase Atlantic,Nostalgia - EP,spotify:track:6SMWhe4sD5apWxjBkcpmYx,chase atlantic - talk slow
Chase Atlantic,2026-05-03,2024-08-11,Gravity,Chase Atlantic,Dalliance - EP,spotify:track:4Gs6IBY7Utiq2NXZQblr3e,chase atlantic - gravity
Chase Atlantic,2026-05-03,2024-08-11,Run Away,Chase Atlantic,Dalliance - EP,spotify:track:1hxBfixBQIAqBhFyFLDDHN,chase atlantic - run away
Chase Atlantic,2026-05-03,2024-08-11,INTRO,Chase Atlantic,PHASES,spotify:track:2BTy72CrQNNloemfaMQlNA,chase atlantic - intro
Chase Atlantic,2026-05-03,2024-08-11,Hold Your Breath,Chase Atlantic,Dalliance - EP,spotify:track:2s6c2YefUJezLcXMHk9HWY,chase atlantic - hold your breath
Chase Atlantic,2026-05-03,2024-08-11,Anchor Tattoo,Chase Atlantic,Dalliance - EP,spotify:track:2t8sco5cjMCBhCbaJXoENH,chase atlantic - anchor tattoo
Chase Atlantic,2026-05-03,2024-08-11,Keep It Up,Chase Atlantic,Chase Atlantic,spotify:track:5d0JL7ZEMxyHFpgCuX63p1,chase atlantic - keep it up
Chase Atlantic,2026-05-03,2024-08-11,No Friends (feat. ILOVEMAKONNEN & K Camp),Chase Atlantic,Part Three,spotify:track:0h2TyvRWCjBfPPYfeXl4EQ,chase atlantic - no friends (feat. ilovemakonnen & k camp)
Chase Atlantic,2026-05-03,2024-08-11,Adios (feat. Chase Atlantic),DE'WAYNE,Adios (feat. Chase Atlantic),spotify:track:6lvTXNpMkuf7O4dn6kL621,de'wayne - adios (feat. chase atlantic)
Chase Atlantic,2026-05-03,2024-08-11,Falling,Chase Atlantic,Paradise - EP,spotify:track:7kJJcoJmbN0CnsYoT9VDyB,chase atlantic - falling
Chase Atlantic,2026-05-03,2024-08-11,GREENGREENGREEN,Chase Atlantic,DON'T TRY THIS,spotify:track:4zgsaK2gxXCvNSuy9uJR7c,chase atlantic - greengreengreen
Chase Atlantic,2026-05-03,2024-08-11,23,Chase Atlantic,Chase Atlantic,spotify:track:0VCaMojESxrxingY2tNS4Q,chase atlantic - 23
Chase Atlantic,2026-05-03,2024-08-11,EMPTY,Chase Atlantic,BEAUTY IN DEATH,spotify:track:10UlPBWHkekb2UiDnwcyeD,chase atlantic - empty
Chase Atlantic,2026-05-03,2024-08-11,Roxanne,Chase Atlantic,Nostalgia - EP,spotify:track:7zRTw6GCjbxsNWZK37G87u,chase atlantic - roxanne
Chase Atlantic,2026-05-03,2024-08-11,ALEYUH,Chase Atlantic,BEAUTY IN DEATH,spotify:track:5oTvj4DT5oPbCN3XuDkudA,chase atlantic - aleyuh
Chase Atlantic,2026-05-03,2024-08-11,TOO LATE,Chase Atlantic,PHASES,spotify:track:31USFN3VoDoXWQJOzd8pjZ,chase atlantic - too late
Chase Atlantic,2026-05-03,2024-08-11,LUST,Chase Atlantic,DON'T TRY THIS,spotify:track:2lEFt9GsJIDYEHkqSWfRNk,chase atlantic - lust
Chase Atlantic,2026-05-03,2024-08-11,Numb to the Feeling,Chase Atlantic,Numb to the Feeling,spotify:track:102cCjW3CnC3sws3qOhie8,chase atlantic - numb to the feeling
Chase Atlantic,2026-05-03,2024-08-11,Friends,Chase Atlantic,Nostalgia - EP,spotify:track:7uDUb37h7Xdhza1eWMkoJv,chase atlantic - friends
Chase Atlantic,2026-05-03,2024-08-11,OHMAMI,Chase Atlantic,BEAUTY IN DEATH,spotify:track:0HqxMCPnThJ3An1QIeIzJF,chase atlantic - ohmami
Chase Atlantic,2026-05-03,2024-08-11,MAMACITA,Chase Atlantic,MAMACITA,spotify:track:4cQAhjxynTUlhVUJN5yhUb,chase atlantic - mamacita
Chase Atlantic,2026-05-03,2024-08-11,Meddle About,Chase Atlantic,Meddle About,spotify:track:5fVl28RgREvxVtGSf9OsbK,chase atlantic - meddle about
Chase Atlantic,2026-05-03,2024-08-11,Moonlight,Chase Atlantic,Paradise - EP,spotify:track:0laLzrH5PsoA7HpGw2vCVh,chase atlantic - moonlight
Chase Atlantic,2026-05-03,2024-08-11,HEAVEN AND BACK,Chase Atlantic,PHASES,spotify:track:1JdQibdvxgcrB8Rv1KFndw,chase atlantic - heaven and back
Chase Atlantic,2026-05-03,2024-08-11,Right Here,Chase Atlantic,Part One,spotify:track:2KtS31kaWNHs12Q5B43Ixh,chase atlantic - right here
Chase Atlantic,2026-05-03,2024-08-11,The Walls,Chase Atlantic,Chase Atlantic,spotify:track:5pXui9rkf5W90DgZobuDiK,chase atlantic - the walls
Chase Atlantic,2026-05-03,2024-08-11,Church,Chase Atlantic,Part One,spotify:track:7bbYT48HWWIbL3YKmtMNzn,chase atlantic - church
Chase Atlantic,2026-05-03,2024-08-11,Okay,Chase Atlantic,Chase Atlantic,spotify:track:492PZFHvGTm3RZZYeeUVWT,chase atlantic - okay
Chase Atlantic,2026-05-03,2024-08-11,Consume (feat. Goon Des Garcons),Chase Atlantic,Chase Atlantic,spotify:track:0X2bh8NVQ8svDQIn2AdCbW,chase atlantic - consume (feat. goon des garcons)
Chase Atlantic,2026-05-03,2024-08-11,ESCORT,Chase Atlantic,BEAUTY IN DEATH,spotify:track:5c8xnh0mSLl7V2UDViB8Ed,chase atlantic - escort
Chase Atlantic,2026-05-03,2024-08-11,I THINK I’M LOST AGAIN,Chase Atlantic,BEAUTY IN DEATH,spotify:track:4Ilb8dlna99ZRDlLrCotM0,chase atlantic - i think i’m lost again
Chase Atlantic,2026-05-03,2024-08-11,I DON'T LIKE DARKNESS,Chase Atlantic,PHASES,spotify:track:0tGbTu71eWQTEr2CNBTgRk,chase atlantic - i don't like darkness
Chase Atlantic,2026-05-03,2024-08-11,Ozone,Chase Atlantic,Chase Atlantic,spotify:track:3vd0wM0US4JSCKJi5Q8Bd6,chase atlantic - ozone
Chase Atlantic,2026-05-03,2024-08-11,Why Stop Now,Chase Atlantic,Part Two,spotify:track:542uQscW3ieB3lakhxBEQ3,chase atlantic - why stop now
Chase Atlantic,2026-05-03,2024-08-11,Angeline,Chase Atlantic,Chase Atlantic,spotify:track:2cnV0IznTkVUtJayjyzSBl,chase atlantic - angeline
Chase Atlantic,2026-05-03,2024-08-11,MOLLY,Chase Atlantic,BEAUTY IN DEATH,spotify:track:2LiVbEsxZl2UHNSJbZZ7zE,chase atlantic - molly
Chase Atlantic,2026-05-03,2024-08-11,EVEN THOUGH I'M DEPRESSED,Chase Atlantic,PHASES,spotify:track:5xXdftcQuERqzZ1MQkFAms,chase atlantic - even though i'm depressed
Chase Atlantic,2026-05-03,2024-08-11,NO RAINBOWS,Chase Atlantic,PHASES,spotify:track:2sL2WmfBsyaUannfZGywNQ,chase atlantic - no rainbows
Chase Atlantic,2026-05-03,2024-08-11,Triggered,Chase Atlantic,Chase Atlantic,spotify:track:2Kzh82y13pTISM1EuUZNEQ,chase atlantic - triggered
Chase Atlantic,2026-05-03,2024-08-11,WHAT U CALL THAT,Chase Atlantic,DON'T TRY THIS,spotify:track:1TvrJcPVP5qqCU9Z4gt672,chase atlantic - what u call that
Chase Atlantic,2026-05-03,2024-08-11,STUCKINMYBRAIN,Chase Atlantic,PHASES,spotify:track:2fXWNFxlB5pXFV5PpozbRL,chase atlantic - stuckinmybrain
Chase Atlantic,2026-05-03,2024-08-11,HER,Chase Atlantic,PHASES,spotify:track:28jyMOvRd82hQp95Z9ftXw,chase atlantic - her
Chase Atlantic,2026-05-03,2024-08-11,ANGELS,Chase Atlantic,PHASES,spotify:track:4q1i0rNMNNmYENcaIbgqk1,chase atlantic - angels
Chase Atlantic,2026-05-03,2024-08-11,YOU TOO.,Chase Atlantic,DON'T TRY THIS,spotify:track:5xiY8dXaVzUGUPaoZRMVe5,chase atlantic - you too.
Chase Atlantic,2026-05-03,2024-08-11,Obsessive,Chase Atlantic,Obsessive,spotify:track:1NhEPCIEYPvxDiEVyV4CeN,chase atlantic - obsessive
Chase Atlantic,2026-05-03,2024-08-11,Cassie,Chase Atlantic,Chase Atlantic,spotify:track:7J1dIWmxJoC0hhGFiFWy0s,chase atlantic - cassie
Chase Atlantic,2026-05-03,2024-08-11,Uncomfortable,Chase Atlantic,Chase Atlantic,spotify:track:73URX96PE74KPnE9ogX2ib,chase atlantic - uncomfortable
Chase Atlantic,2026-05-03,2024-08-26,DIE FOR ME,Chase Atlantic,DIE FOR ME,spotify:track:0qKKAOF4kezKlvtyYyv12C,chase atlantic - die for me
Chase Atlantic,2026-05-03,2024-08-26,Drugs & Money - New Mix,Chase Atlantic,Chase Atlantic,spotify:track:4SRyrhBJ5mq8fEa3bsdZn6,chase atlantic - drugs & money - new mix
Chase Atlantic,2026-05-03,2024-08-26,Vibes,Chase Atlantic,Nostalgia - EP,spotify:track:1pA7csI9CkG4y4VbBjkMxC,chase atlantic - vibes
Chase Atlantic,2026-05-03,2024-08-26,Under Pressure (feat. Chase Atlantic),RILEY,Under Pressure (feat. Chase Atlantic),spotify:track:2W1P3jxG2RDqoF6yxhx01E,riley - under pressure (feat. chase atlantic)
Chase Atlantic,2026-05-03,2024-09-24,DOUBT IT,Chase Atlantic,DOUBT IT,spotify:track:7kud2YsUIgEO6L41B98Cih,chase atlantic - doubt it
Chase Atlantic,2026-05-03,2024-11-11,We Were Here - Chase Atlantic Remix,Lights,Skin & Earth,spotify:track:2UrPQWLZva5igNLHD0YMV9,lights - we were here - chase atlantic remix
Chase Atlantic,2026-05-03,2026-05-03,hurts 2 hate somebody (with Chase Atlantic & No Rome),ELIO,ELIO and Friends : The Remixes,spotify:track:6Uq1BN8HXOB6jhrtp8ssZZ,elio - hurts 2 hate somebody (with chase atlantic & no rome)
1 A.M,2026-04-23,2024-07-29,want it bad,Alley,want it bad,spotify:track:3IpRiM9uyIJ21enLFQP6G1,alley - want it bad
1 A.M,2026-04-23,2024-07-29,Liquor x Chronic Freestyle,Daniel Di Angelo,Liquor x Chronic Freestyle,spotify:track:31kRkG6WJqkcyfHRJ2LKB1,daniel di angelo - liquor x chronic freestyle
1 A.M,2026-04-23,2024-07-29,Cruel Intentions,Saint XIX,Last Flight From Reality,spotify:track:6qvybvo7xnvxyTsM8E8K3P,saint xix - cruel intentions
1 A.M,2026-04-23,2024-07-29,Interlude,Limi,The Best I Ever Had,spotify:track:6ZKlAjdGj2l97djPqFCUh8,limi - interlude
1 A.M,2026-04-23,2024-07-29,DEVILISH,Chase Atlantic,DON'T TRY THIS,spotify:track:0e8aaWrJHYYKZilbqmqNxs,chase atlantic - devilish
1 A.M,2026-04-23,2024-07-29,The Hills,The Weeknd,Beauty Behind The Madness,spotify:track:7fBv7CLKzipRk6EC6TWHOB,the weeknd - the hills
1 A.M,2026-04-23,2024-07-29,Curse,Dxvn.,Curse,spotify:track:5ZfZIEPawrZUWdsswd9Mxc,dxvn. - curse
1 A.M,2026-04-23,2024-07-29,Яд,Erika Lundmoen,Источник,spotify:track:59vIllaE2ottAAAtAiAuLt,erika lundmoen - яд
1 A.M,2026-04-23,2024-07-29,Saturn,SZA,Saturn,spotify:track:1bjeWoagtHmUKputLVyDxQ,sza - saturn
1 A.M,2026-04-23,2024-07-29,The Best I Ever Had,Limi,The Best I Ever Had,spotify:track:6oGX4FjHakC4BTq89lCLiP,limi - the best i ever had
1 A.M,2026-04-23,2024-07-29,Eyes On You,SWIM,Eyes On You,spotify:track:2ezF8mcfJ6CEkxbzgzkApX,swim - eyes on you
1 A.M,2026-04-23,2024-07-29,Like A Drug,Jordyne,Like A Drug,spotify:track:4tIlbIewHnvQ4cmFCyxvHy,jordyne - like a drug
1 A.M,2026-04-23,2024-07-29,Body Loud,SWIM,Body Loud,spotify:track:1dKyceHSpbmHEghVvhTrfo,swim - body loud
1 A.M,2026-04-23,2024-07-29,ISSUES,Daniel Di Angelo,ISSUES,spotify:track:289C9vPHlZczskHeL6K7Hy,daniel di angelo - issues
1 A.M,2026-04-23,2024-07-29,DIFFERENT,Chris Grey,DIFFERENT,spotify:track:49Kxx28h1wmlw6McZ9xfxE,chris grey - different
1 A.M,2026-04-23,2024-07-29,COLD BLOODED,Chris Grey,COLD BLOODED,spotify:track:4XfuvxTF44Jd9TdsxBz7zs,chris grey - cold blooded
1 A.M,2026-04-23,2024-07-29,LET THE WORLD BURN,Chris Grey,LET THE WORLD BURN,spotify:track:1De425SCFJULIHbcmeebUw,chris grey - let the world burn
1 A.M,2026-04-23,2024-07-29,RUNRUNRUN,Dutch Melrose,RUNRUNRUN,spotify:track:3jwQt00cvkN57H6ZR75W2K,dutch melrose - runrunrun
1 A.M,2026-04-23,2024-07-29,eyes don't lie,Isabel LaRosa,eyes don't lie,spotify:track:2GWCZJWundoYi5IloWIgTX,isabel larosa - eyes don't lie
1 A.M,2026-04-23,2024-07-29,No Guidance,ShadowStep,No Guidance,spotify:track:1Ous3Qyn3M1JuJ0ZWCjqbn,shadowstep - no guidance
1 A.M,2026-04-23,2024-07-31,Fall Back,Kevv,Fall Back,spotify:track:6eTKBDhr8D7rM5AugLOu44,kevv - fall back
1 A.M,2026-04-23,2024-07-31,Dangerous,Limi,Dangerous,spotify:track:4l4KExqbo5UOT2huLAjMDE,limi - dangerous
1 A.M,2026-04-23,2024-08-01,Broken Clocks,SZA,Ctrl,spotify:track:2fXwCWkh6YG5zU1IyvQrbs,sza - broken clocks
1 A.M,2026-04-23,2024-08-01,The Weekend,SZA,Ctrl,spotify:track:6gU9OKjOE7ghfEd55oRO57,sza - the weekend
1 A.M,2026-04-23,2024-08-01,Love Galore (feat. Travis Scott),SZA,Ctrl,spotify:track:0q75NwOoFiARAVp4EXU4Bs,sza - love galore (feat. travis scott)
1 A.M,2026-04-23,2024-08-01,20 Something,SZA,Ctrl,spotify:track:4h6ViRoztTBpWcJ1zFT9Zg,sza - 20 something
1 A.M,2026-04-23,2024-08-01,Normal Girl,SZA,Ctrl,spotify:track:5fQBa4wkmq28xpSLOQ202K,sza - normal girl
1 A.M,2026-04-23,2024-08-01,Pretty Little Birds (feat. Isaiah Rashad),SZA,Ctrl,spotify:track:1IgePMOW0qEe1AViWgkal9,sza - pretty little birds (feat. isaiah rashad)
1 A.M,2026-04-23,2024-08-01,2AM,SZA,Ctrl (Deluxe),spotify:track:3vZGtceCbJVh5aDT4XhE0p,sza - 2am
1 A.M,2026-04-23,2024-08-01,Far,SZA,SOS,spotify:track:74NI58MQexwZjNu1Gu6GjT,sza - far
1 A.M,2026-04-23,2024-08-01,2 You,Mariah the Scientist,RY RY WORLD,spotify:track:5UyE68WJRtNobAhUHDOesw,mariah the scientist - 2 you
1 A.M,2026-04-23,2024-08-01,Notice Me,SZA,SOS,spotify:track:4fnNBPN9W6AoOYSQS3FJxT,sza - notice me
1 A.M,2026-04-23,2024-08-01,Conceited,SZA,SOS,spotify:track:4hTej08FutmriOs7S1hWWy,sza - conceited
1 A.M,2026-04-23,2024-08-01,SOS,SZA,SOS,spotify:track:5xMw6qCcpd2gBXPGTegC4W,sza - sos
1 A.M,2026-04-23,2024-08-01,Smoking on my Ex Pack,SZA,SOS,spotify:track:4jTs7ny5eSRnKTzxdrFv5I,sza - smoking on my ex pack
1 A.M,2026-04-23,2024-08-01,Ghost in the Machine (feat. Phoebe Bridgers),SZA,SOS,spotify:track:4h5x3XHLVYFJaItKuO2rhy,sza - ghost in the machine (feat. phoebe bridgers)
1 A.M,2026-04-23,2024-08-01,Used (feat. Don Toliver),SZA,SOS,spotify:track:4NqkE7kRUvMDEdcqD96EDO,sza - used (feat. don toliver)
1 A.M,2026-04-23,2024-08-01,Good Days,SZA,SOS,spotify:track:4PMqSO5qyjpvzhlLI5GnID,sza - good days
1 A.M,2026-04-23,2024-08-01,Better,Khalid,Suncity,spotify:track:6zeeWid2sgw4lap2jV61PZ,khalid - better
1 A.M,2026-04-23,2024-08-09,Strangers,Kenya Grace,Strangers,spotify:track:5mjYQaktjmjcMKcUIcqz4s,kenya grace - strangers
1 A.M,2026-04-23,2024-08-10,Popular (with Playboi Carti & Madonna) - From The Idol Vol. 1 (Music from the HBO Original Series),The Weeknd,Popular,spotify:track:6WzRpISELf3YglGAh7TXcG,the weeknd - popular (with playboi carti & madonna) - from the idol vol. 1 (music from the hbo original series)
1 A.M,2026-04-23,2024-08-10,Sweater Weather,The Neighbourhood,I Love You.,spotify:track:2QjOHCTQ1Jl3zawyYOpxh6,the neighbourhood - sweater weather
1 A.M,2026-04-23,2024-08-10,"One Of The Girls (with JENNIE, Lily Rose Depp)",The Weeknd,The Idol Episode 4,spotify:track:7CyPwkp0oE8Ro9Dd5CUDjW,"the weeknd - one of the girls (with jennie, lily rose depp)"
1 A.M,2026-04-23,2024-08-11,3:15 (Breathe),Russ,3:15 (Breathe),spotify:track:0dGqP4VickYjtIaB5VOt4H,russ - 3:15 (breathe)
1 A.M,2026-04-23,2024-08-11,Creepin' (with The Weeknd & 21 Savage),Metro Boomin,HEROES & VILLAINS,spotify:track:2dHHgzDwk4BJdRwy9uXhTO,metro boomin - creepin' (with the weeknd & 21 savage)
1 A.M,2026-04-23,2024-08-11,Toxic,RealestK,Dreams 2 Reality,spotify:track:3nBTKFlPnXvDPolavpVK5K,realestk - toxic
1 A.M,2026-04-23,2024-08-11,Renegade,Aaryan Shah,The Arrival,spotify:track:2e0Zxf8VntbuwfosHQbIT1,aaryan shah - renegade
1 A.M,2026-04-23,2024-08-11,Swim,Chase Atlantic,Chase Atlantic,spotify:track:3M0lSi5WW79CXQamgSBIjx,chase atlantic - swim
1 A.M,2026-04-23,2024-08-11,Slow Down,Chase Atlantic,Paradise - EP,spotify:track:2VyaGJJI8dOiv36F8vHZIL,chase atlantic - slow down
1 A.M,2026-04-23,2024-08-11,Her Way,PARTYNEXTDOOR,PARTYNEXTDOOR TWO,spotify:track:3JEJwjqLkg2Jbau5922CAb,partynextdoor - her way
1 A.M,2026-04-23,2024-08-11,Ride for Me,Daniel Di Angelo,Ride for Me,spotify:track:2Fls8fMOrHwJRXFw5cODTb,daniel di angelo - ride for me
1 A.M,2026-04-23,2024-08-11,Talk Dirty,Daniel Di Angelo,Talk Dirty,spotify:track:5H7RczSSEEt5u058DJjgdw,daniel di angelo - talk dirty
1 A.M,2026-04-23,2024-08-11,Backseat,Daniel Di Angelo,Backseat,spotify:track:0cLRpJeSYnFKhoX57Vremm,daniel di angelo - backseat
1 A.M,2026-04-23,2024-08-11,ALWAYS BEEN YOU (With Josh Makazo),Chris Grey,ALWAYS BEEN YOU (With Josh Makazo),spotify:track:4kldMqNGOCu7loUsQan3T6,chris grey - always been you (with josh makazo)
1 A.M,2026-04-23,2024-08-11,HAUNTED,Chris Grey,HAUNTED,spotify:track:6FxUaNHLuezTdGzTK95CGj,chris grey - haunted
1 A.M,2026-04-23,2024-08-11,MAKE THE ANGELS CRY,Chris Grey,MAKE THE ANGELS CRY,spotify:track:4PAXJNRDrMFHvufmszPyDI,chris grey - make the angels cry
1 A.M,2026-04-23,2024-08-11,Miami's Model,Daniel Di Angelo,Miami's Model,spotify:track:05N7uCSdsMfCIcGT4QPo5T,daniel di angelo - miami's model
1 A.M,2026-04-23,2024-08-11,3AM IN LA FREESTYLE,Daniel Di Angelo,3AM IN LA FREESTYLE,spotify:track:67s6mIYwLPkqIhDF7XJKd3,daniel di angelo - 3am in la freestyle
1 A.M,2026-04-23,2024-08-11,HABITS FREESTYLE,Daniel Di Angelo,HABITS FREESTYLE,spotify:track:2ciSKNSzQ9FQY59MjivRFb,daniel di angelo - habits freestyle
1 A.M,2026-04-23,2024-08-12,You Right,Doja Cat,Planet Her,spotify:track:0k4d5YPDr1r7FX77VdqWez,doja cat - you right
1 A.M,2026-04-23,2024-10-04,Around Me,No Guidnce,Around Me,spotify:track:1YEVx89VQ53Lj96DuDs6Et,no guidnce - around me
1 A.M,2026-04-23,2024-10-04,Where Have You Been All My Life?,Col3trane,Where Have You Been All My Life?,spotify:track:3AkSHcsF5E3EXg4FBuRf5r,col3trane - where have you been all my life?
1 A.M,2026-04-23,2024-10-06,DND,Hoodiee,DND,spotify:track:30TlGLwKRq6cTFLbJjih1C,hoodiee - dnd
1 A.M,2026-04-23,2024-10-06,obsessed,zandros,obsessed,spotify:track:3TKakBgJaTH5INk0WhU4xP,zandros - obsessed
1 A.M,2026-04-23,2024-10-09,Good For You,Selena Gomez,Revival,spotify:track:5xdVqHtFS0eLuNp4Z8Wbpa,selena gomez - good for you
1 A.M,2026-04-23,2024-10-09,In For It,Tory Lanez,In For It,spotify:track:6ydWxkzjDktHsTzvWcaZ1i,tory lanez - in for it
1 A.M,2026-04-23,2024-10-09,Collide (feat. Tyga),Justine Skye,Dark Side,spotify:track:5kY2DRIom6dcVZbQb1SAX8,justine skye - collide (feat. tyga)
1 A.M,2026-04-23,2024-10-09,O.M.W.,Mellina Tey,O.M.W.,spotify:track:7AOuTfPQWOP6lUkeDb3ogi,mellina tey - o.m.w.
1 A.M,2026-04-23,2025-01-20,double take,Dhruv,double take,spotify:track:47isJpIIO8m7BJEhiFhnaf,dhruv - double take
1 A.M,2026-04-23,2025-01-20,When The Party Ends,Max Allais,When The Party Ends,spotify:track:0N254dOqqdCm5hviUV2kR9,max allais - when the party ends
1 A.M,2026-04-23,2025-04-11,Karma,Summer Walker,Last Day Of Summer,spotify:track:2Fyjjpg03fn7n5cj0Qm380,summer walker - karma
1 A.M,2026-04-23,2025-04-21,Here,Alessia Cara,Know-It-All,spotify:track:664gdARxaClFsoF5SXKOws,alessia cara - here
1 A.M,2026-04-23,2025-04-21,Heaven Can Wait,Michael Jackson,Invincible,spotify:track:1AZXNAVDD9ZFIEKySgflFz,michael jackson - heaven can wait
1 A.M,2026-04-23,2025-04-21,Escapism.,RAYE,Escapism.,spotify:track:2VOZniNxFIDl8ydLltrMNb,raye - escapism.
1 A.M,2026-04-23,2025-04-27,Best Part (feat. H.E.R.),Daniel Caesar,Freudian,spotify:track:1Q7EgiMOuwDcB0PJC6AzON,daniel caesar - best part (feat. h.e.r.)
1 A.M,2026-04-23,2025-05-15,Hotel Lobby,Tobii,Hotel Lobby,spotify:track:5ZwO6yhqNgne3juzRbHgDB,tobii - hotel lobby
1 A.M,2026-04-23,2025-08-03,Forbidden Fruit,Tommee Profitt,Forbidden Fruit,spotify:track:5kzr0vo6w3URmwa7eVC5h7,tommee profitt - forbidden fruit
1 A.M,2026-04-23,2025-09-08,Камин (feat. JONY),EMIN,Камин (feat. JONY),spotify:track:057YRaQ57p70MVg4hMIIkB,emin - камин (feat. jony)
1 A.M,2026-04-23,2025-12-05,The Take (feat. Chris Brown),Tory Lanez,Chixtape 5,spotify:track:0Odu228D0yGcFySGuxU4rY,tory lanez - the take (feat. chris brown)
1 A.M,2026-04-23,2025-12-05,WRONG,Chris Grey,FUNHOUSE / WRONG,spotify:track:3htoQPC7v5x04gWCQz1y2S,chris grey - wrong
1 A.M,2026-04-23,2026-02-13,Into It,Chase Atlantic,Chase Atlantic,spotify:track:4HwDCXsMBC7SUdp2WT4MZP,chase atlantic - into it
1 A.M,2026-04-23,2026-02-13,PILLOWTALK,ZAYN,Mind Of Mine (Deluxe Edition),spotify:track:0PDUDa38GO8lMxLCRc4lL1,zayn - pillowtalk
1 A.M,2026-04-23,2026-02-13,OHMAMI,Chase Atlantic,BEAUTY IN DEATH,spotify:track:0HqxMCPnThJ3An1QIeIzJF,chase atlantic - ohmami
1 A.M,2026-04-23,2026-02-13,HEAVEN AND BACK,Chase Atlantic,PHASES,spotify:track:1JdQibdvxgcrB8Rv1KFndw,chase atlantic - heaven and back
1 A.M,2026-04-23,2026-02-13,Moonlight,Chase Atlantic,Paradise - EP,spotify:track:0laLzrH5PsoA7HpGw2vCVh,chase atlantic - moonlight
1 A.M,2026-04-23,2026-02-13,Been Like This,Doja Cat,Planet Her,spotify:track:7y3xU9vEC1s8DSuuoSYKih,doja cat - been like this
1 A.M,2026-04-23,2026-04-23,Come Get Her,Rae Sremmurd,SremmLife,spotify:track:1Ser4X0TKttOvo8bgdytTP,rae sremmurd - come get her
Dance away,2026-03-27,2024-05-08,west side,Ariana Grande,Positions,spotify:track:1whfVLMKWqAX3uk97VXsNN,ariana grande - west side
Dance away,2026-03-27,2024-05-08,STAY (with Justin Bieber),The Kid LAROI,STAY (with Justin Bieber),spotify:track:5HCyWlXZPP0y6Gqq8TgA20,the kid laroi - stay (with justin bieber)
Dance away,2026-03-27,2024-05-08,What It Is (Solo Version),Doechii,What It Is (Versions),spotify:track:73RbfOTJIjHzi2pcVHjeHM,doechii - what it is (solo version)
Dance away,2026-03-27,2024-05-08,Gata Only,FloyyMenor,Gata Only,spotify:track:6XjDF6nds4DE2BBbagZol6,floyymenor - gata only
Dance away,2026-03-27,2024-05-08,Rodeo (Remix),Lah Pat,Rodeo (Remix),spotify:track:035MzEbx4z2DxuRDymHXbv,lah pat - rodeo (remix)
Dance away,2026-03-27,2024-05-08,American Love,Qing Madi,Qing Madi,spotify:track:5c1rWQAa8GX8LgCC9h3d1N,qing madi - american love
Dance away,2026-03-27,2024-05-08,Freaky Friday (feat. Chris Brown),Lil Dicky,Freaky Friday (feat. Chris Brown),spotify:track:6dbSBQXCctYSVryynHXaZ4,lil dicky - freaky friday (feat. chris brown)
Dance away,2026-03-27,2024-05-08,Strip That Down (feat. Quavo),Liam Payne,LP1,spotify:track:29JrmE89KgRyCxBIzq2Ocw,liam payne - strip that down (feat. quavo)
Dance away,2026-03-27,2024-05-08,Questions,Chris Brown,Heartbreak on a Full Moon,spotify:track:3ojTJaonfkL96iIWa47SU3,chris brown - questions
Dance away,2026-03-27,2024-05-08,Angel Numbers / Ten Toes,Chris Brown,11:11,spotify:track:3XqM8hLCEYlbnFjoWwqtFv,chris brown - angel numbers / ten toes
Dance away,2026-03-27,2024-05-08,Grey,Yung Filly,Grey,spotify:track:4Fuf1v4kPQ6RIvEGlUfvaq,yung filly - grey
Dance away,2026-03-27,2024-05-08,Commas,Ayra Starr,Commas,spotify:track:3JozQbIWMHBTKIghXKehVy,ayra starr - commas
Dance away,2026-03-27,2024-05-08,Bouncing / G5,Chris Brown,11:11,spotify:track:459taTXZpCkJFP4s0dHLsK,chris brown - bouncing / g5
Dance away,2026-03-27,2024-05-08,Like I Do,J.Tajor,Like I Do,spotify:track:1TiZWEsxN85yLJBq56K8mG,j.tajor - like i do
Dance away,2026-03-27,2024-05-08,I Like Me Better,LAUV,I met you when I was 18.,spotify:track:0EcQcdcbQeVJn9fknj44Be,lauv - i like me better
Dance away,2026-03-27,2024-05-08,Eastside (with Halsey & Khalid),benny blanco,FRIENDS KEEP SECRETS,spotify:track:7FGq80cy8juXBCD2nrqdWU,benny blanco - eastside (with halsey & khalid)
Dance away,2026-03-27,2024-05-08,Mama,Jonas Blue,Blue,spotify:track:7jEyX4bqaCSdMN4D4JNnVj,jonas blue - mama
Dance away,2026-03-27,2024-05-09,Mi Casa Su Casa,Omar Rudberg,Mi Casa Su Casa,spotify:track:6Aa1s7FoLXG1TdaGYvoRDs,omar rudberg - mi casa su casa
Dance away,2026-03-27,2024-05-09,Jump,Tyla,TYLA,spotify:track:6XpEm7VJ7TZxZTawH8BCSW,tyla - jump
Dance away,2026-03-27,2024-05-09,Truth or Dare,Tyla,TYLA,spotify:track:7axl6v0Yv4ksLVMt6XItpc,tyla - truth or dare
Dance away,2026-03-27,2024-05-09,Sensational (feat. Davido & Lojay),Chris Brown,11:11,spotify:track:44G2gUVQvNNZ6w3i05tR4n,chris brown - sensational (feat. davido & lojay)
Dance away,2026-03-27,2024-05-09,Streets,Doja Cat,Hot Pink,spotify:track:60ynsPSSKe6O3sfwRnIBRf,doja cat - streets
Dance away,2026-03-27,2024-05-24,JADED,Fordo,JADED,spotify:track:6vEqz5Tdyas7mrWuMiAmWm,fordo - jaded
Dance away,2026-03-27,2024-05-24,Agora Hills,Doja Cat,Scarlet,spotify:track:7dJYggqjKo71KI9sLzqCs8,doja cat - agora hills
Dance away,2026-03-27,2024-05-24,Hey Daddy (Daddy's Home),USHER,Raymond v Raymond (Expanded Edition),spotify:track:030OCtLMrljNhp8OWHBWW3,usher - hey daddy (daddy's home)
Dance away,2026-03-27,2024-05-24,Angels in Tibet,Amaarae,Fountain Baby,spotify:track:23uUytja1B1mUOOIoygf6u,amaarae - angels in tibet
Dance away,2026-03-27,2024-05-24,intro (end of the world),Ariana Grande,eternal sunshine,spotify:track:2o1pb13quMReXZqE7jWsgq,ariana grande - intro (end of the world)
Dance away,2026-03-27,2024-05-24,No Guidance (feat. Drake),Chris Brown,Indigo,spotify:track:6XHVuErjQ4XNm6nDPVCxVX,chris brown - no guidance (feat. drake)
Dance away,2026-03-27,2024-05-24,Go Crazy,Chris Brown,Slime & B,spotify:track:1IIKrJVP1C9N7iPtG6eOsK,chris brown - go crazy
Dance away,2026-03-27,2024-05-24,In My Bed,Rotimi,The Beauty of Becoming,spotify:track:6XM53PbvlzhuNtJZtpl7RP,rotimi - in my bed
Dance away,2026-03-27,2024-05-24,Come Through (feat. Chris Brown),H.E.R.,Back of My Mind,spotify:track:29he0Joo5sz2607A6ZBT6H,h.e.r. - come through (feat. chris brown)
Dance away,2026-03-27,2024-05-24,Rover (feat. DTG),S1mba,Rover (feat. DTG),spotify:track:4slSrbTK1sNK4I1mDYEthf,s1mba - rover (feat. dtg)
Dance away,2026-03-27,2024-05-24,Location (feat. Burna Boy),Dave,PSYCHODRAMA,spotify:track:3z4CGd63tpUn9a6oQSG0CI,dave - location (feat. burna boy)
Dance away,2026-03-27,2024-05-24,Gbona,Burna Boy,African Giant,spotify:track:0DrzsBstN5rObzTuX8DSro,burna boy - gbona
Dance away,2026-03-27,2024-05-24,MILLION DOLLAR BABY,Tommy Richman,MILLION DOLLAR BABY,spotify:track:7fzHQizxTqy8wTXwlrgPQQ,tommy richman - million dollar baby
Dance away,2026-03-27,2024-05-24,Tell Ur Girlfriend,Lay Bankz,Tell Ur Girlfriend,spotify:track:3lMzT16MjAKKXF7pSZn13B,lay bankz - tell ur girlfriend
Dance away,2026-03-27,2024-05-24,Cheap Thrills (feat. Sean Paul),Sia,This Is Acting,spotify:track:378iszndTZAR4dH8kwsLC6,sia - cheap thrills (feat. sean paul)
Dance away,2026-03-27,2024-06-10,Not Like Us,Kendrick Lamar,Not Like Us,spotify:track:6AI3ezQ4o3HUoP6Dhudph3,kendrick lamar - not like us
Dance away,2026-03-27,2024-06-10,Not to be Dramatic,Zoe Clark,Not to be Dramatic,spotify:track:5DfMuKnKjSCBJDL3CbRAet,zoe clark - not to be dramatic
Dance away,2026-03-27,2024-07-05,Mamushi (feat. Yuki Chiba),Megan Thee Stallion,MEGAN,spotify:track:5b3XJ1pjrHO5JtY2PcTjnI,megan thee stallion - mamushi (feat. yuki chiba)
Dance away,2026-03-27,2024-07-05,Otaku Hot Girl,Megan Thee Stallion,MEGAN,spotify:track:6saYisCUAZXc505blie9kZ,megan thee stallion - otaku hot girl
Dance away,2026-03-27,2024-07-05,BAND4BAND (feat. Lil Baby),Central Cee,BAND4BAND (feat. Lil Baby),spotify:track:7iabz12vAuVQYyekFIWJxD,central cee - band4band (feat. lil baby)
Dance away,2026-03-27,2024-07-05,Like That,Future,WE DON'T TRUST YOU,spotify:track:2tudvzsrR56uom6smgOcSf,future - like that
Dance away,2026-03-27,2024-07-05,GIRLS,The Kid LAROI,GIRLS,spotify:track:7z3PblAN3dH1JMewiRydkZ,the kid laroi - girls
Dance away,2026-03-27,2024-07-05,Please Please Please,Sabrina Carpenter,Please Please Please,spotify:track:5N3hjp1WNayUPZrA8kJmJP,sabrina carpenter - please please please
Dance away,2026-03-27,2024-07-06,A Different Way (with Lauv),DJ Snake,A Different Way (with Lauv),spotify:track:1YMBg7rOjxzbya0fPOYfNX,dj snake - a different way (with lauv)
Dance away,2026-03-27,2024-07-14,Espresso,Sabrina Carpenter,Espresso,spotify:track:2qSkIjg1o9h3YT9RAgYN75,sabrina carpenter - espresso
Dance away,2026-03-27,2024-07-14,Nonsense,Sabrina Carpenter,emails i can't send,spotify:track:6dgUya35uo964z7GZXM07g,sabrina carpenter - nonsense
Dance away,2026-03-27,2024-07-14,because i liked a boy,Sabrina Carpenter,emails i can't send,spotify:track:32FhTAAjKZaBein150o3Px,sabrina carpenter - because i liked a boy
Dance away,2026-03-27,2024-07-14,Feather,Sabrina Carpenter,emails i can’t send fwd:,spotify:track:2Zo1PcszsT9WQ0ANntJbID,sabrina carpenter - feather
Dance away,2026-03-27,2024-07-29,Nasty,Tinashe,Nasty,spotify:track:6NjWCIYu1W8xa3HIvcIhd4,tinashe - nasty
Dance away,2026-03-27,2024-07-29,Islands (kompa pasión),фрози,Islands (kompa pasión),spotify:track:6LCIDTgSgQtpzXTW5FpW12,фрози - islands (kompa pasión)
Dance away,2026-03-27,2024-08-10,Unforgettable,French Montana,Jungle Rules,spotify:track:3B54sVLJ402zGa6Xm4YGNe,french montana - unforgettable
Dance away,2026-03-27,2024-08-29,DEVIL IS A LIE,Tommy Richman,DEVIL IS A LIE,spotify:track:6jlG8gBPNAgBgoivw2Ig09,tommy richman - devil is a lie
Dance away,2026-03-27,2024-09-09,Flatline,Justin Bieber,Heartbreak Songs for Lonley Night,spotify:track:2spYcS9HXz4qPdMtSJJWDB,justin bieber - flatline
Dance away,2026-03-27,2024-09-20,Die With A Smile,Lady Gaga,Die With A Smile,spotify:track:2plbrEY59IikOBgBGLjaoe,lady gaga - die with a smile
Dance away,2026-03-27,2024-10-04,Around Me,No Guidnce,Around Me,spotify:track:1YEVx89VQ53Lj96DuDs6Et,no guidnce - around me
Dance away,2026-03-27,2024-10-17,pov,Ariana Grande,Positions,spotify:track:3UoULw70kMsiVXxW0L3A33,ariana grande - pov
Dance away,2026-03-27,2024-10-17,Let Me Love You,Ariana Grande,Dangerous Woman,spotify:track:59NC8SuXPiSaiYL69XQ4dt,ariana grande - let me love you
Dance away,2026-03-27,2024-10-17,double take,Dhruv,rapunzel,spotify:track:0QzuaeCEEOV40Pn7IvKEny,dhruv - double take
Dance away,2026-03-27,2024-10-17,Harleys In Hawaii,Katy Perry,Smile,spotify:track:3B4etxytImrRKQgV3XHjnR,katy perry - harleys in hawaii
Dance away,2026-03-27,2024-10-17,34+35,Ariana Grande,Positions,spotify:track:6Im9k8u9iIzKMrmV7BWtlF,ariana grande - 34+35
Dance away,2026-03-27,2024-10-17,bloodline,Ariana Grande,"thank u, next",spotify:track:2hloaUoRonYssMuqLCBLTX,ariana grande - bloodline
Dance away,2026-03-27,2024-10-17,"Baby, I'm Jealous (feat. Doja Cat)",Bebe Rexha,Better Mistakes,spotify:track:5r0cOO77xkM5jjHk67Z2Lt,"bebe rexha - baby, i'm jealous (feat. doja cat)"
Dance away,2026-03-27,2024-10-26,APT.,ROSÉ,APT.,spotify:track:5vNRhkKd0yEAg8suGBpjeY,rosé - apt.
Dance away,2026-03-27,2024-11-21,New Woman (feat. ROSALÍA),LISA,New Woman (feat. ROSALÍA),spotify:track:7ov3TDp5D00Rnu5R1viX4w,lisa - new woman (feat. rosalía)
Dance away,2026-03-27,2024-11-21,PUSH 2 START,Tyla,TYLA +,spotify:track:1Cbl3Yq8rHo7hhDQmLQagU,tyla - push 2 start
Dance away,2026-03-27,2024-11-25,Bad Girls Like You,Tobii,Bad Girls Like You,spotify:track:23EDUpNbiKcDwhUf9kBRo8,tobii - bad girls like you
Dance away,2026-03-27,2024-12-06,1+1,Naïka,1+1,spotify:track:3WID8m6M9eEQ1w1k486vMc,naïka - 1+1
Dance away,2026-03-27,2024-12-06,6:45,Naïka,6:45,spotify:track:6LH1KKXEw1K8UEKMK75qyz,naïka - 6:45
Dance away,2026-03-27,2025-03-03,Watermelon Sugar,Harry Styles,Fine Line,spotify:track:6UelLqGlWMcVH1E5c4H7lY,harry styles - watermelon sugar
Dance away,2026-03-27,2025-03-26,Anxiety,Doechii,Anxiety,spotify:track:1musbempyJAw5gfSKZHXP9,doechii - anxiety
Dance away,2026-03-27,2025-03-26,ExtraL (feat. Doechii),JENNIE,ExtraL (feat. Doechii),spotify:track:7AKwWqnoMmvCqBQtcdIECG,jennie - extral (feat. doechii)
Dance away,2026-03-27,2025-04-05,luther (with sza),Kendrick Lamar,GNX,spotify:track:2CGNAOSuO1MEFCbBRgUzjd,kendrick lamar - luther (with sza)
Dance away,2026-03-27,2025-05-12,Show Me Love,WizTheMc,Show Me Love,spotify:track:5ITV0zqzjOYfFWpW0xBmRa,wizthemc - show me love
Dance away,2026-03-27,2025-05-11,Sure Thing,Miguel,All I Want Is You,spotify:track:0JXXNGljqupsJaZsgSbMZV,miguel - sure thing
Dance away,2026-03-27,2025-06-21,Let Me Love You,DJ Snake,Encore,spotify:track:0lYBSQXN6rCTvUZvg9S0lU,dj snake - let me love you
Dance away,2026-03-27,2025-07-16,Eenie Meenie,Sean Kingston,Eenie Meenie,spotify:track:4vVTI94F9uJ8lHNDWKv0i2,sean kingston - eenie meenie
Dance away,2026-03-27,2025-08-02,You Belong With Me (Taylor’s Version),Taylor Swift,Fearless (Taylor's Version),spotify:track:1qrpoAMXodY6895hGKoUpA,taylor swift - you belong with me (taylor’s version)
Dance away,2026-03-27,2025-08-07,DAISIES,Justin Bieber,SWAG,spotify:track:5BZsQlgw21vDOAjoqkNgKb,justin bieber - daisies
Dance away,2026-03-27,2026-03-02,Ice On My Teeth,ATEEZ,GOLDEN HOUR : Part.2,spotify:track:62eDE0RR8Sgh7yw8ZLeyAM,ateez - ice on my teeth
Dance away,2026-03-27,2026-03-02,Never Let Go,LNGSHOT,SHOT CALLERS,spotify:track:37xebnhvUyM8VyyDDeo65d,lngshot - never let go
Dance away,2026-03-27,2026-03-02,Lush Life,Zara Larsson,So Good,spotify:track:1rIKgCH4H52lrvDcz50hS8,zara larsson - lush life
Dance away,2026-03-27,2026-03-02,MR. MEDIA,Tyla,WWP,spotify:track:2d3QwiqKhKGm03xr3RlnYH,tyla - mr. media
Dance away,2026-03-27,2026-03-23,Love Me Back (Fayahh Beat),Trinidad Cardona,Love Me Back (Fayahh Beat),spotify:track:5ZF6l3xKi3m6YK2dDXAsR5,trinidad cardona - love me back (fayahh beat)
Dance away,2026-03-27,2026-03-24,Raindance (feat. Tems),Dave,The Boy Who Played the Harp,spotify:track:3oTuTpF1F3A7rEC6RKsMRz,dave - raindance (feat. tems)
Dance away,2026-03-27,2026-03-27,Cmonnn (Hit It One Time) (Pt. 2) (feat. Lay Bankz),5Star,Cmonnn (Hit It One Time),spotify:track:04KXmuiwhHwhcOUPy8Jcuw,5star - cmonnn (hit it one time) (pt. 2) (feat. lay bankz)
Kpop,2026-06-09,2024-01-15,Drama,aespa,Drama - The 4th Mini Album,spotify:track:5XWlyfo0kZ8LF7VSyfS4Ew,aespa - drama
Kpop,2026-06-09,2024-01-15,Sweet Venom,ENHYPEN,ORANGE BLOOD,spotify:track:2YmfV4lAjrAQvuggKCUX6m,enhypen - sweet venom
Kpop,2026-06-09,2024-01-15,Crazy Form,ATEEZ,THE WORLD EP.FIN : WILL,spotify:track:2KoeSRTm9cRulYnkaEyUaP,ateez - crazy form
Kpop,2026-06-09,2024-01-15,3D (feat. Jack Harlow),Jung Kook,3D : The Remixes,spotify:track:01qFKNWq73UfEslI0GvumE,jung kook - 3d (feat. jack harlow)
Kpop,2026-06-09,2024-01-15,Bite Me,ENHYPEN,DARK BLOOD,spotify:track:7mpdNiaQvygj2rHoxkzMfa,enhypen - bite me
Kpop,2026-06-09,2024-01-15,BOUNCY (K-HOT CHILLI PEPPERS),ATEEZ,THE WORLD EP.2 : OUTLAW,spotify:track:5KyOUICJIvO0z71MBdPGiX,ateez - bouncy (k-hot chilli peppers)
Kpop,2026-06-09,2024-01-15,Sugar Rush Ride,TOMORROW X TOGETHER,The Name Chapter: TEMPTATION,spotify:track:0rhI6gvOeCKA502RdJAbfs,tomorrow x together - sugar rush ride
Kpop,2026-06-09,2024-01-15,Rover,KAI,Rover - The 3rd Mini Album,spotify:track:3WUyu94psXrYV6HZbXgcFA,kai - rover
Kpop,2026-06-09,2024-01-15,HOT,SEVENTEEN,Face the Sun,spotify:track:6I2tqFhk8tq69iursYxuxd,seventeen - hot
Kpop,2026-06-09,2024-01-15,Rock with you,SEVENTEEN,Attacca,spotify:track:6LnEoRQKMcaFTR5UvaKuBy,seventeen - rock with you
Kpop,2026-06-09,2024-01-15,Good Boy Gone Bad,TOMORROW X TOGETHER,minisode 2: Thursday's Child,spotify:track:1HsSIPLTQT354yJcQGfEY3,tomorrow x together - good boy gone bad
Kpop,2026-06-09,2024-01-15,JIKJIN,TREASURE,THE SECOND STEP : CHAPTER ONE,spotify:track:2bnJ8IxZnVc2YmUaX0sZap,treasure - jikjin
Kpop,2026-06-09,2024-01-15,CHEERS,SEVENTEEN,SECTOR 17,spotify:track:1pdFdv8R6ezIAUUNkn785b,seventeen - cheers
Kpop,2026-06-09,2024-01-15,ZOO,TAEYONG,2021 Winter SMTOWN : SMCU EXPRESS,spotify:track:7eVu7FI02cTicLEgVtUvwF,taeyong - zoo
Kpop,2026-06-09,2024-01-15,Hot Sauce,NCT DREAM,Hot Sauce - The 1st Album,spotify:track:6B8MM3PVQtUbZLay7tP7er,nct dream - hot sauce
Kpop,2026-06-09,2024-01-15,0X1=LOVESONG (I Know I Love You) feat. Seori,TOMORROW X TOGETHER,The Chaos Chapter: FREEZE,spotify:track:1Z8TPHiKeCUyClxV6WTTIf,tomorrow x together - 0x1=lovesong (i know i love you) feat. seori
Kpop,2026-06-09,2024-01-15,LO$ER=LO♡ER,TOMORROW X TOGETHER,The Chaos Chapter: FIGHT OR ESCAPE,spotify:track:21aOLk12MksET8AsbU0SI6,tomorrow x together - lo$er=lo♡er
Kpop,2026-06-09,2024-01-15,FEVER,ENHYPEN,BORDER : CARNIVAL,spotify:track:0UzymivvUH5s8z4PeWZJaK,enhypen - fever
Kpop,2026-06-09,2024-01-15,Anti-Romantic,TOMORROW X TOGETHER,The Chaos Chapter: FREEZE,spotify:track:44tTqUi3xi7E28QLzHVdUA,tomorrow x together - anti-romantic
Kpop,2026-06-09,2024-01-15,The First Snow,EXO,Miracles in December,spotify:track:2VNpT9fRk1kyksT0S4coZR,exo - the first snow
Kpop,2026-06-09,2024-01-15,Christmas Tree,V,"Our Beloved Summer (Original Television Soundtrack), Pt. 5",spotify:track:186NCtNk1tUYS7c2DxgJ7O,v - christmas tree
Kpop,2026-06-09,2024-01-15,Some,BOL4,Red Diary Page.1,spotify:track:3jsYQw78lrxJA2ysnmOIf9,bol4 - some
Kpop,2026-06-09,2024-01-15,DARARI,TREASURE,THE SECOND STEP : CHAPTER ONE,spotify:track:0dcnrLo8s1rhjm8euGjI4n,treasure - darari
Kpop,2026-06-09,2024-01-15,LOVE SCENARIO,iKON,Return,spotify:track:3d3ELsqKlQ7WA0a10Isu3l,ikon - love scenario
Kpop,2026-06-09,2024-01-15,Psycho,Red Velvet,‘The ReVe Festival’ Finale,spotify:track:3CYH422oy1cZNoo0GTG1TK,red velvet - psycho
Kpop,2026-06-09,2024-01-15,Way Back Home,SHAUN,Take,spotify:track:3NxuezMdSLgt4OwHzBoUhL,shaun - way back home
Kpop,2026-06-09,2024-01-15,Love Shot,EXO,LOVE SHOT– The 5th Album Repackage,spotify:track:0yB4jrSwN0bFtFRDR5vyMj,exo - love shot
Kpop,2026-06-09,2024-01-15,Blood Sweat & Tears,BTS,Wings,spotify:track:2u54HNQamwFuOMLSuhSRom,bts - blood sweat & tears
Kpop,2026-06-09,2024-01-15,DNA,BTS,Love Yourself 承 'Her',spotify:track:3uRLwBjI2TahxslcMTvpFs,bts - dna
Kpop,2026-06-09,2024-01-15,PLAYING WITH FIRE,BLACKPINK,SQUARE TWO,spotify:track:7qmvLmX9tyaTiBAVNI6YEn,blackpink - playing with fire
Kpop,2026-06-09,2024-01-15,FAKE LOVE,BTS,Love Yourself 轉 'Tear',spotify:track:6m1TWFMeon7ai9XLOzdbiR,bts - fake love
Kpop,2026-06-09,2024-01-15,Dope,BTS,The Most Beautiful Moment in Life Pt.1,spotify:track:7jPCPDYoiaKeK7cgNGpIzq,bts - dope
Kpop,2026-06-09,2024-01-15,SOLO,JENNIE,SOLO,spotify:track:2wVDWtLKXunswWecARNILj,jennie - solo
Kpop,2026-06-09,2024-01-15,BOOMBAYAH,BLACKPINK,SQUARE ONE,spotify:track:13MF2TYuyfITClL1R2ei6e,blackpink - boombayah
Kpop,2026-06-09,2024-01-15,Make It Right,BTS,MAP OF THE SOUL : PERSONA,spotify:track:3LSjYk6sFQaLi0MjtWcm8P,bts - make it right
Kpop,2026-06-09,2024-01-15,Boy With Luv (feat. Halsey),BTS,MAP OF THE SOUL : PERSONA,spotify:track:4a9tbd947vo9K8Vti9JwcI,bts - boy with luv (feat. halsey)
Kpop,2026-06-09,2024-01-15,Euphoria,BTS,Love Yourself 結 'Answer',spotify:track:5YMXGBD6vcYP7IolemyLtK,bts - euphoria
Kpop,2026-06-09,2024-01-15,Spring Day,BTS,You Never Walk Alone,spotify:track:2j1fFjWHCI9KJSwcuYAOyF,bts - spring day
Kpop,2026-06-09,2024-01-15,00:00 (Zero O’Clock),BTS,MAP OF THE SOUL : 7,spotify:track:6fqaMyg066xlukvUJWdM2T,bts - 00:00 (zero o’clock)
Kpop,2026-06-09,2024-01-15,UNFORGIVEN (feat. Nile Rodgers),LE SSERAFIM,UNFORGIVEN,spotify:track:51vRumtqbkNW9wrKfESwfu,le sserafim - unforgiven (feat. nile rodgers)
Kpop,2026-06-09,2024-01-15,Still With You,Jung Kook,Still With You,spotify:track:0eFMbKCRw8KByXyWBw8WO7,jung kook - still with you
Kpop,2026-06-09,2024-01-15,ANTIFRAGILE,LE SSERAFIM,UNFORGIVEN,spotify:track:0bMoNdAnxNR0OuQbGDovrr,le sserafim - antifragile
Kpop,2026-06-09,2024-01-15,Seven (feat. Latto) (Explicit Ver.),Jung Kook,GOLDEN,spotify:track:2HRgqmZQC0MC7GeNuDIXHN,jung kook - seven (feat. latto) (explicit ver.)
Kpop,2026-06-09,2024-01-15,OMG,NewJeans,NewJeans 'OMG',spotify:track:65FftemJ1DbbZ45DUfHJXE,newjeans - omg
Kpop,2026-06-09,2024-01-15,Super Shy,NewJeans,NewJeans 'Super Shy',spotify:track:5sdQOyqq2IDhvmx2lHOpwd,newjeans - super shy
Kpop,2026-06-09,2024-01-15,Hype Boy,NewJeans,NewJeans 1st EP 'New Jeans',spotify:track:0a4MMyCrzT0En247IhqZbD,newjeans - hype boy
Kpop,2026-06-09,2024-01-15,ELEVEN,IVE,ELEVEN,spotify:track:7n2FZQsaLb7ZRfRPfEeIvr,ive - eleven
Kpop,2026-06-09,2024-01-15,Illusion,aespa,Girls - The 2nd Mini Album,spotify:track:396FqjKmViUZ92Wmm4rx3i,aespa - illusion
Kpop,2026-06-09,2024-01-15,TOMBOY,i-dle,I NEVER DIE,spotify:track:0IGUXY4JbK18bu9oD4mPIm,i-dle - tomboy
Kpop,2026-06-09,2024-01-15,Baggy Jeans,NCT U,Golden Age - The 4th Album,spotify:track:3fR9cyHIKckUDwuy3m5tKn,nct u - baggy jeans
Kpop,2026-06-09,2024-01-15,Chasing That Feeling,TOMORROW X TOGETHER,The Name Chapter: FREEFALL,spotify:track:0ZPjVmof45INEERgYfadtv,tomorrow x together - chasing that feeling
Kpop,2026-06-09,2024-01-15,SLAY,EVERGLOW,ALL MY GIRLS,spotify:track:32Ao6xLLir3dPOhQGvqgSB,everglow - slay
Kpop,2026-06-09,2024-01-15,DUMB DUMB,JEON SOMI,XOXO,spotify:track:5VXSt0cvi5wtJTox0wKI4x,jeon somi - dumb dumb
Kpop,2026-06-09,2024-01-15,XOXO,JEON SOMI,XOXO,spotify:track:4r34Yi0eltsu1tp6z4lq3x,jeon somi - xoxo
Kpop,2026-06-09,2024-01-15,PING PONG,HyunA&DAWN,1+1=1,spotify:track:0Z99Xe1lGBmq60RwJ5YU18,hyuna&dawn - ping pong
Kpop,2026-06-09,2024-01-15,NUNU NANA,Jessi,NUNA,spotify:track:2cUzIBGMvx2BZ2Q1fzjdl1,jessi - nunu nana
Kpop,2026-06-09,2024-01-15,Crazy Over You,BLACKPINK,THE ALBUM,spotify:track:7qq0EOPW4RRlqdvMBmdd73,blackpink - crazy over you
Kpop,2026-06-09,2024-01-15,Gashina,SUNMI,SUNMI SPECIAL EDITION [Gashina],spotify:track:0jFHMDRXxKaREor3hBEEST,sunmi - gashina
Kpop,2026-06-09,2024-01-15,Tamed-Dashed,ENHYPEN,DIMENSION : DILEMMA,spotify:track:1zoyteFQmeUUqyOl2Xznpy,enhypen - tamed-dashed
Kpop,2026-06-09,2024-01-15,Typa Girl,BLACKPINK,BORN PINK,spotify:track:0L8LOav65XwLjCLS11gNPD,blackpink - typa girl
Kpop,2026-06-09,2024-01-15,Shut Down,BLACKPINK,BORN PINK,spotify:track:7gRFDGEzF9UkBV233yv2dc,blackpink - shut down
Kpop,2026-06-09,2024-01-15,Pink Venom,BLACKPINK,BORN PINK,spotify:track:5zwwW9Oq7ubSxoCGyW1nbY,blackpink - pink venom
Kpop,2026-06-09,2024-01-15,BIBI Vengeance,BIBI,Lowlife Princess: Noir,spotify:track:0ra3bPUOj2YnY4FJHXtgHZ,bibi - bibi vengeance
Kpop,2026-06-09,2024-01-15,MONEY,LISA,LALISA,spotify:track:7hU3IHwjX150XLoTVmjD0q,lisa - money
Kpop,2026-06-09,2024-01-15,Tinnitus (Wanna be a rock),TOMORROW X TOGETHER,The Name Chapter: TEMPTATION,spotify:track:0f0SbtoKGe41cX5LzlnX6X,tomorrow x together - tinnitus (wanna be a rock)
Kpop,2026-06-09,2024-01-15,ZOOM,Jessi,ZOOM,spotify:track:4IaxDf2FixiQXq0mW7key9,jessi - zoom
Kpop,2026-06-09,2024-01-15,MOMMAE (Feat. Ugly Duck),Jay Park,WORLDWIDE,spotify:track:1LNlfvPQmB0cqYJQQskZ8x,jay park - mommae (feat. ugly duck)
Kpop,2026-06-09,2024-01-15,LALISA,LISA,LALISA,spotify:track:7uQZVznj0uQOGC9KhV2Mg6,lisa - lalisa
Kpop,2026-06-09,2024-01-15,On The Ground,ROSÉ,R,spotify:track:2pn8dNVSpYnAtlKFC8Q0DJ,rosé - on the ground
Kpop,2026-06-09,2024-01-15,POP!,NAYEON,IM NAYEON,spotify:track:3lOMJTQTd6J34faYwASc33,nayeon - pop!
Kpop,2026-06-09,2024-01-15,Queencard,i-dle,I feel,spotify:track:4uOBL4DDWWVx4RhYKlPbPC,i-dle - queencard
Kpop,2026-06-09,2024-01-15,Mirror Mirror,F.HERO,Mirror Mirror,spotify:track:59WuWdDH06AYXgdoMENEa3,f.hero - mirror mirror
Kpop,2026-06-09,2024-03-07,That That (prod.&feat. SUGA of BTS),PSY,PSY 9th,spotify:track:7GNRUsU3M4XNDDB9xle5Dz,psy - that that (prod.&feat. suga of bts)
Kpop,2026-06-09,2024-03-07,Yet To Come,BTS,Proof,spotify:track:10SRMwb9EuVS1K9rYsBfHQ,bts - yet to come
Kpop,2026-06-09,2024-03-07,Next Level,aespa,Next Level,spotify:track:2zrhoHlFKxFTRF5aMyxMoQ,aespa - next level
Kpop,2026-06-09,2024-03-07,Permission to Dance,BTS,Permission to Dance,spotify:track:3XYRV7ZSHqIRDG87DKTtry,bts - permission to dance
Kpop,2026-06-09,2024-03-07,Savage,aespa,Savage - The 1st Mini Album,spotify:track:3dbLT62Cvs46Ju7a8gpr36,aespa - savage
Kpop,2026-06-09,2024-03-07,VIBE (feat. Jimin of BTS),TAEYANG,Down to Earth,spotify:track:4NIe9Is7bN5JWyTeCW2ahK,taeyang - vibe (feat. jimin of bts)
Kpop,2026-06-09,2024-03-07,Polaroid Love,ENHYPEN,DIMENSION : ANSWER,spotify:track:5elW2CKSoqjYoJ32AGDxf1,enhypen - polaroid love
Kpop,2026-06-09,2024-03-07,Gone,ROSÉ,R,spotify:track:2dHoVW9AxJVSRebPRyV2aA,rosé - gone
Kpop,2026-06-09,2024-03-07,As If It's Your Last,BLACKPINK,As If It's Your Last,spotify:track:4ZxOuNHhpyOj4gv52MtQpT,blackpink - as if it's your last
Kpop,2026-06-09,2024-03-07,WHISTLE,BLACKPINK,SQUARE ONE,spotify:track:6NEoeBLQbOMw92qMeLfI40,blackpink - whistle
Kpop,2026-06-09,2024-03-07,Forever Young,BLACKPINK,SQUARE UP,spotify:track:6veFyjNycn6EaNCKhkPXUY,blackpink - forever young
Kpop,2026-06-09,2024-03-07,I Need U,BTS,The Most Beautiful Moment in Life Pt.1,spotify:track:3wQnyXNFXNUEOBt1pb4urq,bts - i need u
Kpop,2026-06-09,2024-03-07,Boy in Luv,BTS,Skool Luv Affair,spotify:track:3FnDv33WrrMtuEr7hNR3ev,bts - boy in luv
Kpop,2026-06-09,2024-03-07,Rush Hour (Feat. j-hope of BTS),Crush,Rush Hour,spotify:track:5aucVLKiumD89mxVCB4zvS,crush - rush hour (feat. j-hope of bts)
Kpop,2026-06-09,2024-03-07,CIRCUS,Stray Kids,CIRCUS,spotify:track:2uw2ftfyS4yJLWiTtbxasE,stray kids - circus
Kpop,2026-06-09,2024-03-07,Lovesick Girls,BLACKPINK,THE ALBUM,spotify:track:4Ws314Ylb27BVsvlZOy30C,blackpink - lovesick girls
Kpop,2026-06-09,2024-03-07,Love To Hate Me,BLACKPINK,THE ALBUM,spotify:track:7iKDsPfLT0d5mu2htfMKBZ,blackpink - love to hate me
Kpop,2026-06-09,2024-03-07,Ice Cream (with Selena Gomez),BLACKPINK,THE ALBUM,spotify:track:4JUPEh2DVSXFGExu4Uxevz,blackpink - ice cream (with selena gomez)
Kpop,2026-06-09,2024-03-07,Deja Vu,ATEEZ,ZERO : FEVER Part.3,spotify:track:3zmrdOtnOogqLllz26WLZ3,ateez - deja vu
Kpop,2026-06-09,2024-03-07,Fireworks (I'm The One),ATEEZ,ZERO : FEVER Part.2,spotify:track:0rNLaGUleZ91DXMxmZNq5v,ateez - fireworks (i'm the one)
Kpop,2026-06-09,2024-03-07,Given-Taken,ENHYPEN,BORDER : DAY ONE,spotify:track:69WpV0U7OMNFGyq8I63dcC,enhypen - given-taken
Kpop,2026-06-09,2024-03-07,Go Big or Go Home,ENHYPEN,DIMENSION : DILEMMA,spotify:track:6IqKFke4ZhKbGYULllEezY,enhypen - go big or go home
Kpop,2026-06-09,2024-03-07,Bad Decisions (with BTS & Snoop Dogg),benny blanco,Bad Decisions (with BTS & Snoop Dogg),spotify:track:0xzI1KAr0Yd9tv8jlIk3sn,benny blanco - bad decisions (with bts & snoop dogg)
Kpop,2026-06-09,2024-03-07,PS5,salem ilese,(MORE) Unsponsored Content,spotify:track:3YQkC6dE9YE9sH1751qqEr,salem ilese - ps5
Kpop,2026-06-09,2024-03-07,BTBT,B.I,BTBT,spotify:track:4XcxgZSriCYamtIA7BgT7V,b.i - btbt
Kpop,2026-06-09,2024-03-07,DDU-DU DDU-DU,BLACKPINK,SQUARE UP,spotify:track:4lQsB3ERTWSNaAN1IkuNRl,blackpink - ddu-du ddu-du
Kpop,2026-06-09,2024-03-07,Mmmh,KAI,KAI - The 1st Mini Album,spotify:track:5dntGTbUtmUO239wQ0k3yM,kai - mmmh
Kpop,2026-06-09,2024-03-07,MIC Drop,BTS,Love Yourself 承 'Her',spotify:track:4gZGAVECoiutzp64KSHNjE,bts - mic drop
Kpop,2026-06-09,2024-03-07,HIP,MAMAMOO,reality in BLACK,spotify:track:24nK8tW7Pt3Inh2utttuoG,mamamoo - hip
Kpop,2026-06-09,2024-03-07,Blessed-Cursed,ENHYPEN,DIMENSION : ANSWER,spotify:track:7ecbsiAQ6PNdiAq0hplVZo,enhypen - blessed-cursed
Kpop,2026-06-09,2024-03-07,Gangnam Style (강남스타일),PSY,Gangnam Style (강남스타일),spotify:track:03UrZgTINDqvnUMbbIMhql,psy - gangnam style (강남스타일)
Kpop,2026-06-09,2024-03-07,Don't Wanna Cry,SEVENTEEN,Al1,spotify:track:6Upu6yjkdi0DVI8E3IBZEU,seventeen - don't wanna cry
Kpop,2026-06-09,2024-03-07,Shoong! (feat. LISA of BLACKPINK),TAEYANG,Down to Earth,spotify:track:5HrIcZOo1DysX53qDRlRnt,taeyang - shoong! (feat. lisa of blackpink)
Kpop,2026-06-09,2024-03-07,"Smoke (Prod. Dynamicduo, Padi)",Dynamicduo,Street Woman Fighter2 (SWF2) Class Mission,spotify:track:1qRfAvzRIJQodWKBNFAb6C,"dynamicduo - smoke (prod. dynamicduo, padi)"
Kpop,2026-06-09,2024-03-07,Maria,HWASA,María,spotify:track:0ZeGfEAL5Rl4pd5LZBGuEK,hwasa - maria
Kpop,2026-06-09,2024-03-07,DUN DUN,EVERGLOW,reminiscence,spotify:track:3ejAkJLWQSEJDqDXxK3efB,everglow - dun dun
Kpop,2026-06-09,2024-03-07,Pretty Savage,BLACKPINK,THE ALBUM,spotify:track:1XnpzbOGptRwfJhZgLbmSr,blackpink - pretty savage
Kpop,2026-06-09,2024-03-07,Cold Blooded,Jessi,Cold Blooded,spotify:track:34JfHOd0fcefm4FSPSrIhF,jessi - cold blooded
Kpop,2026-06-09,2024-03-07,Daechwita,Agust D,D-2,spotify:track:0JKGe340YJwfDrpXqPQ8sw,agust d - daechwita
Kpop,2026-06-09,2024-03-07,LA DI DA,EVERGLOW,-77.82X-78.29,spotify:track:6mIjJONoUMvGPT9Kzrab3L,everglow - la di da
Kpop,2026-06-09,2024-03-07,Drunk-Dazed,ENHYPEN,BORDER : CARNIVAL,spotify:track:1wcr8DjnN59Awev8nnKpQ4,enhypen - drunk-dazed
Kpop,2026-06-09,2024-03-07,MANIAC,Stray Kids,ODDINARY,spotify:track:63irPUP3xB74fHdw1Aw9zR,stray kids - maniac
Kpop,2026-06-09,2024-03-07,HALAZIA,ATEEZ,SPIN OFF : FROM THE WITNESS,spotify:track:5cTnKClHyczcUhFT8MKBZe,ateez - halazia
Kpop,2026-06-09,2024-03-07,Devil by the Window,TOMORROW X TOGETHER,The Name Chapter: TEMPTATION,spotify:track:53H3sGmqiXWO4MwuZAJfyn,tomorrow x together - devil by the window
Kpop,2026-06-09,2024-03-07,Black Mamba,aespa,Girls - The 2nd Mini Album,spotify:track:6Tj9KfzPp7tmgcDdsaPwGE,aespa - black mamba
Kpop,2026-06-09,2024-03-07,Into the I-LAND,I-LAND,Into the I-LAND,spotify:track:18W2OWFsdGCjG7iA4iYpMw,i-land - into the i-land
Kpop,2026-06-09,2024-03-07,WAVE,ATEEZ,TREASURE EP.3 : One To All,spotify:track:28xjm4FnnGI4Xnds7VoNSl,ateez - wave
Kpop,2026-06-09,2024-03-07,Say My Name,ATEEZ,TREASURE EP.2 : Zero To One,spotify:track:2UP7KnRSvc4taXbjOoSX0f,ateez - say my name
Kpop,2026-06-09,2024-03-07,WONDERLAND,ATEEZ,TREASURE EP.FIN : All To Action,spotify:track:6k67RdkVjTZj79c1cRz7IQ,ateez - wonderland
Kpop,2026-06-09,2024-03-07,Low Low,WayV-TEN&YANGYANG,Low Low,spotify:track:1TF9k6wfT1rkHnRp1AqAum,wayv-ten&yangyang - low low
Kpop,2026-06-09,2024-03-07,Magic,TOMORROW X TOGETHER,SWEET,spotify:track:6KFhu3gk0whUnGCeOjkL8A,tomorrow x together - magic
Kpop,2026-06-09,2024-03-07,Trust Fund Baby,TOMORROW X TOGETHER,minisode 2: Thursday's Child,spotify:track:20pl0RVGT7P6L1Jr9p51nw,tomorrow x together - trust fund baby
Kpop,2026-06-09,2024-03-07,SHOUT OUT,ENHYPEN,MANIFESTO : DAY 1,spotify:track:5Z2DNRAhs6r4VdINVkRhYY,enhypen - shout out
Kpop,2026-06-09,2024-03-07,Bills,ENHYPEN,DARK BLOOD,spotify:track:2nfluhFVrO5OBXPzRWlwlz,enhypen - bills
Kpop,2026-06-09,2024-03-07,My You,Jung Kook,My You,spotify:track:0pNFrM5L0te1EXGxveeYiR,jung kook - my you
Kpop,2026-06-09,2024-03-07,Butter,BTS,"Butter (Hotter, Sweeter, Cooler)",spotify:track:1mWdTewIgB3gtBM3TOSFhB,bts - butter
Kpop,2026-06-09,2024-03-07,Dynamite,BTS,BE,spotify:track:5QDLhrAOJJdNAmCTJ8xMyW,bts - dynamite
Kpop,2026-06-09,2024-03-07,IDOL,BTS,Love Yourself 結 'Answer',spotify:track:1e8J3XClxZbFmvIHLI8CE4,bts - idol
Kpop,2026-06-09,2024-03-07,My Universe,Coldplay,Music Of The Spheres,spotify:track:46HNZY1i7O6jwTA7Slo2PI,coldplay - my universe
Kpop,2026-06-09,2024-03-07,Kiss and Make Up,Dua Lipa,Dua Lipa,spotify:track:7jr3iPu4O4bTCVwLMbdU2i,dua lipa - kiss and make up
Kpop,2026-06-09,2024-03-07,Kill This Love,BLACKPINK,KILL THIS LOVE,spotify:track:6hvczQ05jc1yGlp9zhb95V,blackpink - kill this love
Kpop,2026-06-09,2024-03-07,Waste It On Me (feat. BTS),Steve Aoki,Neon Future III,spotify:track:2J0X46UkpfLlWbuCXFgDLr,steve aoki - waste it on me (feat. bts)
Kpop,2026-06-09,2024-03-19,Smart,LE SSERAFIM,EASY,spotify:track:4lR8sYGMGZPvthF2yUfo7T,le sserafim - smart
Kpop,2026-06-09,2024-03-19,EASY,LE SSERAFIM,EASY,spotify:track:2O4Bb2WCkjlTPO827OnBMI,le sserafim - easy
Kpop,2026-06-09,2024-03-19,MANIAC,VIVIZ,The 4th Mini Album 'VERSUS',spotify:track:618OKP1lBkNJL8uZdNSvQE,viviz - maniac
Kpop,2026-06-09,2024-03-19,Guilty,TAEMIN,Guilty - The 4th Mini Album,spotify:track:4jMwQaDiDICry8Ia1gFnAn,taemin - guilty
Kpop,2026-06-09,2024-03-19,Still Monster,ENHYPEN,ORANGE BLOOD,spotify:track:6tuTpe37ljVcrJeZAAKBE1,enhypen - still monster
Kpop,2026-06-09,2024-03-19,Blind,ENHYPEN,ORANGE BLOOD,spotify:track:5zyAmGZ6IfotltMUqzMhdg,enhypen - blind
Kpop,2026-06-09,2024-03-19,Orange Flower (You Complete Me),ENHYPEN,ORANGE BLOOD,spotify:track:5Cb3JSisvjlZhjSfYD6d7C,enhypen - orange flower (you complete me)
Kpop,2026-06-09,2024-03-19,Killin' It,P1Harmony,Killin' It,spotify:track:2E7qG81LXdZEfobhcrVm06,p1harmony - killin' it
Kpop,2026-06-09,2024-03-19,Ditto,NewJeans,Ditto,spotify:track:3r8RuvgbX9s7ammBn07D3W,newjeans - ditto
Kpop,2026-06-09,2024-03-19,Yes or No,Jung Kook,GOLDEN,spotify:track:2gkVEnpahpE3bQuvGuCpAV,jung kook - yes or no
Kpop,2026-06-09,2024-03-19,Cookie,NewJeans,NewJeans 1st EP 'New Jeans',spotify:track:2DwUdMJ5uxv20EhAildreg,newjeans - cookie
Kpop,2026-06-09,2024-03-19,What Makes You Beautiful,ENHYPEN,What Makes You Beautiful [THE SEASONS: Red Carpet with Lee Hyo Ri],spotify:track:4NxbUHGeXsQgxvR8YKbHjC,enhypen - what makes you beautiful
Kpop,2026-06-09,2024-03-19,Attention,NewJeans,NewJeans 1st EP 'New Jeans',spotify:track:2pIUpMhHL6L9Z5lnKxJJr9,newjeans - attention
Kpop,2026-06-09,2024-03-19,LALALALA,Stray Kids,ROCK-STAR,spotify:track:1OG1NoKpZZLrMqMYCk9m84,stray kids - lalalala
Kpop,2026-06-09,2024-03-19,MEGAVERSE,Stray Kids,ROCK-STAR,spotify:track:5Q1tv4GTxP3IJeGMOKdrFO,stray kids - megaverse
Kpop,2026-06-09,2024-03-19,I Love My Body,HWASA,I Love My Body,spotify:track:0pHylQR53epYtRcVIhUSCh,hwasa - i love my body
Kpop,2026-06-09,2024-03-19,Super,SEVENTEEN,FML,spotify:track:3AOf6YEpxQ894FmrwI9k96,seventeen - super
Kpop,2026-06-09,2024-03-19,Gum,Jessi,Gum,spotify:track:6QJEWaTiiBSYPHr6FrZ8vu,jessi - gum
Kpop,2026-06-09,2024-04-05,Deja Vu,TOMORROW X TOGETHER,minisode 3: TOMORROW,spotify:track:3aAnwyBJY9OLNLqSgd4fZU,tomorrow x together - deja vu
Kpop,2026-06-09,2024-05-11,SHEESH,BABYMONSTER,BABYMONS7ER,spotify:track:1njlnn8ZKHI77Pe9szIONR,babymonster - sheesh
Kpop,2026-06-09,2024-05-11,Magnetic,ILLIT,SUPER REAL ME,spotify:track:1aKvZDoLGkNMxoRYgkckZG,illit - magnetic
Kpop,2026-06-09,2024-05-24,MAESTRO,SEVENTEEN,17 IS RIGHT HERE,spotify:track:2UE9XGbAzicJIyo4bB6sqM,seventeen - maestro
Kpop,2026-06-09,2024-05-24,SPOT!,ZICO,SPOT!,spotify:track:1SS0WlKhJewviwEDZ6dWj0,zico - spot!
Kpop,2026-06-09,2024-05-24,WHY?,Stray Kids,WHY?,spotify:track:2NeJBfbWgs19WiBXAUPpBq,stray kids - why?
Kpop,2026-06-09,2024-05-24,The Killa (I Belong to You),TOMORROW X TOGETHER,minisode 3: TOMORROW,spotify:track:33RfPb7Vca7s2x5xzXR5E3,tomorrow x together - the killa (i belong to you)
Kpop,2026-06-09,2024-05-24,Don't Wanna Cry,SEVENTEEN,17 IS RIGHT HERE,spotify:track:1WEk8mX0loccWCAcTZqVH8,seventeen - don't wanna cry
Kpop,2026-06-09,2024-05-24,HOT,SEVENTEEN,17 IS RIGHT HERE,spotify:track:3g9z9amouOxjEZve1SpSTE,seventeen - hot
Kpop,2026-06-09,2024-05-24,God’s Menu,Stray Kids,GO LIVE,spotify:track:4XPXrcpyNr30Km6aPiflJy,stray kids - god’s menu
Kpop,2026-06-09,2024-05-24,Love Talk - English Version,WayV,Love Talk,spotify:track:2e3cJdJ8xWwydl8JIYlCqB,wayv - love talk - english version
Kpop,2026-06-09,2024-05-24,dimple,BTS,Love Yourself 承 'Her',spotify:track:6pp6xf9zS55GD4nr318XUH,bts - dimple
Kpop,2026-06-09,2024-05-24,Monster,EXO,EX'ACT,spotify:track:7GbUWl6qLW1gdngbEV2WDJ,exo - monster
Kpop,2026-06-09,2024-05-24,Okey Dokey,MINO,Show Me the Money 4 Episode 6,spotify:track:1R6qeTvAvaxB7hydIYVIY8,mino - okey dokey
Kpop,2026-06-09,2024-05-24,No More Dream,BTS,2 Cool 4 Skool,spotify:track:089PFeXotzDLNQz9NCk6pF,bts - no more dream
Kpop,2026-06-09,2024-05-24,N.O,BTS,"O!RUL8,2?",spotify:track:7JosxtkCqIQieNWXA2Dj3v,bts - n.o
Kpop,2026-06-09,2024-05-24,Go Go,BTS,Love Yourself 承 'Her',spotify:track:5vOT8VO87TAnUjh0oADwb1,bts - go go
Kpop,2026-06-09,2024-05-24,"Red Lights (Bang Chan, Hyunjin)",Stray Kids,NOEASY,spotify:track:0LatE4S9UtCDwIdGQsFFKL,"stray kids - red lights (bang chan, hyunjin)"
Kpop,2026-06-09,2024-05-24,Thunderous,Stray Kids,NOEASY,spotify:track:0nwTMzpatarzvLvtwwzdCt,stray kids - thunderous
Kpop,2026-06-09,2024-05-24,CASE 143,Stray Kids,MAXIDENT,spotify:track:3O8G8eVrhfXTGttyQ1xVuq,stray kids - case 143
Kpop,2026-06-09,2024-05-24,S-Class,Stray Kids,5-STAR,spotify:track:3gTQwwDNJ42CCLo3Sf4JDd,stray kids - s-class
Kpop,2026-06-09,2024-05-24,Lose My Breath (Feat. Charlie Puth),Stray Kids,Lose My Breath (Feat. Charlie Puth),spotify:track:2DXavoWAmIHlrECHPM1Vca,stray kids - lose my breath (feat. charlie puth)
Kpop,2026-06-09,2024-12-11,Bad Girls Like You,Tobii,Bad Girls Like You,spotify:track:23EDUpNbiKcDwhUf9kBRo8,tobii - bad girls like you
Kpop,2026-06-09,2024-12-11,APT.,ROSÉ,APT.,spotify:track:5vNRhkKd0yEAg8suGBpjeY,rosé - apt.
Kpop,2026-06-09,2024-12-11,number one girl,ROSÉ,rosie,spotify:track:1lcBt7LoEikqYmhUoa2cez,rosé - number one girl
Kpop,2026-06-09,2024-12-11,3am,ROSÉ,rosie,spotify:track:3y4q6bBdbXsTIaPiwiiUfy,rosé - 3am
Kpop,2026-06-09,2024-12-11,STUPID IN LOVE (feat. HUH YUNJIN of LE SSERAFIM),MAX,LOVE IN STEREO,spotify:track:3W2kGv8CcwRl2MWQN5vxKL,max - stupid in love (feat. huh yunjin of le sserafim)
Kpop,2026-06-09,2024-12-11,Ice On My Teeth,ATEEZ,Ice On My Teeth,spotify:track:1UoXctDvnI2KLshhi6SpE4,ateez - ice on my teeth
Kpop,2026-06-09,2024-12-11,WORK,ATEEZ,GOLDEN HOUR : Part.1,spotify:track:3VHD84tIdyxRTtRc167YSR,ateez - work
Kpop,2026-06-09,2024-12-11,Midas Touch,KISS OF LIFE,Midas Touch,spotify:track:0vaxYDAuAO1nPolC6bQp7V,kiss of life - midas touch
Kpop,2026-06-09,2024-12-11,CRAZY,LE SSERAFIM,CRAZY (Party Remixes 1),spotify:track:4gxEY3Mh5FZZDAJAKPNrCS,le sserafim - crazy
Kpop,2026-06-09,2024-12-11,Supernatural,NewJeans,Supernatural,spotify:track:5ocSQW5sIUIOFojwXEz9Ki,newjeans - supernatural
Kpop,2026-06-09,2025-06-18,Killin' It Girl (feat. GloRilla),j-hope,Killin' It Girl (feat. GloRilla),spotify:track:5PCOOngROV9jWsUViSy4Ed,j-hope - killin' it girl (feat. glorilla)
Kpop,2026-06-09,2025-06-18,THUNDER,SEVENTEEN,SEVENTEEN 5th Album 'HAPPY BURSTDAY',spotify:track:0qkYuCno3SoU8vxkCdx0iJ,seventeen - thunder
Kpop,2026-06-09,2025-06-18,Pretty Boy,P1Harmony,DUH!,spotify:track:4etRRTZx5odrdgKiZqGSZ6,p1harmony - pretty boy
Kpop,2026-06-09,2026-01-21,My Universe,Coldplay,My Universe,spotify:track:3FeVmId7tL5YN8B7R3imoM,coldplay - my universe
Kpop,2026-06-09,2026-02-09,Never Let Go,LNGSHOT,SHOT CALLERS,spotify:track:37xebnhvUyM8VyyDDeo65d,lngshot - never let go
Kpop,2026-06-09,2026-02-09,Moonwalkin',LNGSHOT,SHOT CALLERS,spotify:track:46V2ciN6F5bxjQWityNhkY,lngshot - moonwalkin'
Kpop,2026-06-09,2026-03-24,GO!,CORTIS,COLOR OUTSIDE THE LINES,spotify:track:6OWWZtNQORY1McaZmOrwhc,cortis - go!
Kpop,2026-06-09,2026-03-27,Mikrokosmos,BTS,MAP OF THE SOUL : PERSONA,spotify:track:0jSccBRnhNU4KtACMQPvco,bts - mikrokosmos
Kpop,2026-06-09,2026-03-27,WAVE,ATEEZ,TREASURE EP.3 : One To All,spotify:track:4A9SgBxOfRf6C39cTgzQLu,ateez - wave
Kpop,2026-06-09,2026-04-17,Body to Body,BTS,ARIRANG,spotify:track:2rKkfc4VZ74FQDc1FF1Zo6,bts - body to body
Kpop,2026-06-09,2026-04-17,Aliens,BTS,ARIRANG,spotify:track:5tg21NdePCn5m8F9BXOEeJ,bts - aliens
Kpop,2026-06-09,2026-04-17,Like Animals,BTS,ARIRANG,spotify:track:2IFND3phjzIG1RcPnHh2hP,bts - like animals
Kpop,2026-06-09,2026-04-17,they don’t know ’bout us,BTS,ARIRANG,spotify:track:0b61A7v9agI08BG21jJPQ9,bts - they don’t know ’bout us
Kpop,2026-06-09,2026-04-17,NORMAL,BTS,ARIRANG,spotify:track:4B4Q7zfd0aHcuhQBfCRnH5,bts - normal
Kpop,2026-06-09,2026-04-17,2.0,BTS,ARIRANG,spotify:track:3bmpXHVie1GTy37OkXJ7Vc,bts - 2.0
Kpop,2026-06-09,2026-04-17,SWIM,BTS,ARIRANG,spotify:track:68lbSrXDORS51pmyjZv712,bts - swim
Kpop,2026-06-09,2026-04-17,Killin' It Girl (feat. GloRilla),j-hope,Killin' It Girl (feat. GloRilla),spotify:track:5PCOOngROV9jWsUViSy4Ed,j-hope - killin' it girl (feat. glorilla)
Kpop,2026-06-09,2026-04-17,MONA LISA,j-hope,MONA LISA,spotify:track:5Fhr3wqeieN5WDkAsqL1JJ,j-hope - mona lisa
Kpop,2026-06-09,2026-04-17,JUMP,BLACKPINK,JUMP,spotify:track:5H1sKFMzDeMtXwND3V6hRY,blackpink - jump
Kpop,2026-06-09,2026-06-09,BOLO (feat. YDG),PENOMECO,Organic,spotify:track:77ILSQGJhqDVOfeWdtEexk,penomeco - bolo (feat. ydg)
Kpop,2026-06-09,2026-06-09,BOOMPALA,LE SSERAFIM,"'PUREFLOW', Pt. 1",spotify:track:41d2WjuL0ikRKVjxmL7ZFz,le sserafim - boompala
KIARA,2026-01-28,2024-01-05,i wish you cheated,Alexander Stewart,i wish you cheated,spotify:track:6ErCfbbI9BG4bK2djjKUvP,alexander stewart - i wish you cheated
KIARA,2026-01-28,2024-01-05,Wide Awake,Katy Perry,Teenage Dream: The Complete Confection,spotify:track:5JLv62qFIS1DR3zGEcApRt,katy perry - wide awake
KIARA,2026-01-28,2024-01-05,Gorgeous,Taylor Swift,reputation,spotify:track:1ZY1PqizIl78geGM4xWlEA,taylor swift - gorgeous
KIARA,2026-01-28,2024-01-05,Enchanted,Taylor Swift,Speak Now,spotify:track:3sqrvkNC6IPTIXvvbx9Arw,taylor swift - enchanted
KIARA,2026-01-28,2024-01-05,Intrusive Thoughts,Natalie Jane,Where Am I?,spotify:track:6PwrZtyXv480zMraalNzPd,natalie jane - intrusive thoughts
KIARA,2026-01-28,2024-01-05,That Part,Lauren Spencer Smith,Mirror,spotify:track:7ggnnK9KC8ZKhahPdnY0c3,lauren spencer smith - that part
KIARA,2026-01-28,2024-01-09,Dandelions,Ruth B.,Safe Haven,spotify:track:2eAvDnpXP5W0cVtiI0PUxV,ruth b. - dandelions
KIARA,2026-01-28,2024-01-05,Standing Next to You,Jung Kook,GOLDEN,spotify:track:2KslE17cAJNHTsI2MI0jb2,jung kook - standing next to you
KIARA,2026-01-28,2024-01-05,Nonsense,Sabrina Carpenter,emails i can't send,spotify:track:6dgUya35uo964z7GZXM07g,sabrina carpenter - nonsense
KIARA,2026-01-28,2024-01-05,Fictional,Khloe Rose,The In Between,spotify:track:56xb5xXdUopdjiknbFmC4W,khloe rose - fictional
KIARA,2026-01-28,2024-01-05,leave me in the dark,Alexander Stewart,leave me in the dark,spotify:track:6ggcyYvhJCnUID8EZGQng1,alexander stewart - leave me in the dark
KIARA,2026-01-28,2024-01-05,"""Slut!"" (Taylor's Version) (From The Vault)",Taylor Swift,1989 (Taylor's Version),spotify:track:71BqAINEnezjQfxE4VuJfq,"taylor swift - ""slut!"" (taylor's version) (from the vault)"
KIARA,2026-01-28,2024-01-05,Blank Space,Taylor Swift,1989,spotify:track:1u8c2t2Cy7UBoG4ArRcF5g,taylor swift - blank space
KIARA,2026-01-28,2024-01-05,Treat You Better,Shawn Mendes,Illuminate,spotify:track:3QGsuHI8jO1Rx4JWLUh9jd,shawn mendes - treat you better
KIARA,2026-01-28,2024-01-05,Shake It Off,Taylor Swift,1989,spotify:track:0cqRj7pUJDkTCEsJkx8snD,taylor swift - shake it off
KIARA,2026-01-28,2024-01-05,Baby,Justin Bieber,My World 2.0,spotify:track:6epn3r7S14KUqlReYr77hA,justin bieber - baby
KIARA,2026-01-28,2024-01-05,Sorry,Justin Bieber,Purpose,spotify:track:09CtPGIpYB4BrO8qb1RGsF,justin bieber - sorry
KIARA,2026-01-28,2024-01-05,Love Yourself,Justin Bieber,Purpose,spotify:track:50kpGaPAhYJ3sGmk6vplg0,justin bieber - love yourself
KIARA,2026-01-28,2024-01-05,Closer,The Chainsmokers,Closer,spotify:track:7BKLCZ1jbUBVqRi2FVlTVw,the chainsmokers - closer
KIARA,2026-01-28,2024-01-05,I Like Me Better,LAUV,I met you when I was 18.,spotify:track:0EcQcdcbQeVJn9fknj44Be,lauv - i like me better
KIARA,2026-01-28,2024-01-05,2002,Anne-Marie,Speak Your Mind,spotify:track:2BgEsaKNfHUdlh97KmvFyo,anne-marie - 2002
KIARA,2026-01-28,2024-01-05,FRIENDS,Marshmello,FRIENDS,spotify:track:08bNPGLD8AhKpnnERrAc6G,marshmello - friends
KIARA,2026-01-28,2024-01-05,Say You Won't Let Go,James Arthur,Back from the Edge,spotify:track:5uCax9HTNlzGybIStD3vDh,james arthur - say you won't let go
KIARA,2026-01-28,2024-01-05,Stitches,Shawn Mendes,Handwritten,spotify:track:3zkWCteF82vJwv0hRLba76,shawn mendes - stitches
KIARA,2026-01-28,2024-01-05,Scars To Your Beautiful,Alessia Cara,Know-It-All,spotify:track:0wI7QkCcs8FUQE1OkXUIqd,alessia cara - scars to your beautiful
KIARA,2026-01-28,2024-01-05,Scars,Keenan Te,Scars,spotify:track:5SjfjoYaRJ5jycgqwV0ow0,keenan te - scars
KIARA,2026-01-28,2024-01-05,favorite lesson,yaeow,favorite lesson,spotify:track:4sclvawl5PVjt5oXRcPbF2,yaeow - favorite lesson
KIARA,2026-01-28,2024-01-05,Fingerprints,Keenan Te,Fingerprints,spotify:track:4kAlUfeHA7oxVKPs823Goj,keenan te - fingerprints
KIARA,2026-01-28,2024-01-05,Numb,Josh Makazo,GRADIENT,spotify:track:4lTtKlS7hD4n1WcRoWZ3wo,josh makazo - numb
KIARA,2026-01-28,2024-01-05,Elastic Heart,Sia,1000 Forms Of Fear,spotify:track:6kwAbEjseqBob48jCus7Sz,sia - elastic heart
KIARA,2026-01-28,2024-01-06,Flowers,Lauren Spencer Smith,Flowers,spotify:track:6Z165JvPnS8PYvGW8oLGLc,lauren spencer smith - flowers
KIARA,2026-01-28,2024-01-11,Human Nature,Josh Makazo,GRADIENT,spotify:track:3t52A63M852sUyVOYWPheG,josh makazo - human nature
KIARA,2026-01-28,2024-01-11,comethru,Jeremy Zucker,"summer,",spotify:track:18uwL0vNUanqZH0ro2QcOP,jeremy zucker - comethru
KIARA,2026-01-28,2024-01-11,Eyes Off You,PRETTYMUCH,Phases - EP,spotify:track:0VpEX8ib3wE7u8NOw4szU6,prettymuch - eyes off you
KIARA,2026-01-28,2024-01-11,Tattoo,Loreen,Tattoo,spotify:track:1DmW5Ep6ywYwxc2HMT5BG6,loreen - tattoo
KIARA,2026-01-28,2024-01-11,It's You,Ali Gatie,YOU,spotify:track:5DqdesEfbRyOlSS3Tf6c29,ali gatie - it's you
KIARA,2026-01-28,2024-01-12,One Dance,Drake,Views,spotify:track:1zi7xx7UVEFkmKfv06H8x0,drake - one dance
KIARA,2026-01-28,2024-01-15,need you now,BAD !DEA,need you now,spotify:track:3eDAesWQO8qazWhYDGGtlx,bad !dea - need you now
KIARA,2026-01-28,2024-01-15,Sprinter,Dave,Sprinter,spotify:track:2FDTHlrBguDzQkp7PVj16Q,dave - sprinter
KIARA,2026-01-28,2024-01-15,Cruel Summer,Taylor Swift,Lover,spotify:track:1BxfuPKGuaTgP7aM0Bbdwr,taylor swift - cruel summer
KIARA,2026-01-28,2024-01-17,like my father,Jax,like my father,spotify:track:5YVmHTAsdWnoanWXB7AwZX,jax - like my father
KIARA,2026-01-28,2024-01-21,Screenshots,晴弥,Screenshots,spotify:track:6dwi8nybo1SDJ2meUaW8eS,晴弥 - screenshots
KIARA,2026-01-28,2024-02-13,STUPID IN LOVE (feat. HUH YUNJIN of LE SSERAFIM),MAX,STUPID IN LOVE (feat. HUH YUNJIN of LE SSERAFIM),spotify:track:60JZB9waHUPWJTGbYO6kDB,max - stupid in love (feat. huh yunjin of le sserafim)
KIARA,2026-01-28,2024-02-23,Attention,Charlie Puth,Voicenotes,spotify:track:5cF0dROlMOK5uNZtivgu50,charlie puth - attention
KIARA,2026-01-28,2024-02-23,Shape of You,Ed Sheeran,÷,spotify:track:7qiZfU4dY1lWllzX7mPBI3,ed sheeran - shape of you
KIARA,2026-01-28,2024-02-28,Like I Do (with sunkis),J.Tajor,Like I Do (with sunkis),spotify:track:76NX6bt1KCSg0yULpmlkyJ,j.tajor - like i do (with sunkis)
KIARA,2026-01-28,2024-02-29,Drive You Insane,Daniel Di Angelo,Drive You Insane,spotify:track:7ckfO3Cerf6OsNgdHBqf1b,daniel di angelo - drive you insane
KIARA,2026-01-28,2024-02-29,Talk Dirty,Daniel Di Angelo,Talk Dirty,spotify:track:5H7RczSSEEt5u058DJjgdw,daniel di angelo - talk dirty
KIARA,2026-01-28,2024-03-02,double take,Dhruv,double take,spotify:track:47isJpIIO8m7BJEhiFhnaf,dhruv - double take
KIARA,2026-01-28,2024-03-02,LIMBO,keshi,GABRIEL,spotify:track:2bdVgAQgosGUJoViVDNeOV,keshi - limbo
KIARA,2026-01-28,2024-03-02,Angel Baby,Troye Sivan,Angel Baby,spotify:track:2m6Ko3CY1qXNNja8AlugNc,troye sivan - angel baby
KIARA,2026-01-28,2024-03-02,Shinunoga E-Wa,Fujii Kaze,HELP EVER HURT NEVER,spotify:track:0o9zmvc5f3EFApU52PPIyW,fujii kaze - shinunoga e-wa
KIARA,2026-01-28,2024-03-02,Top Tier,sunkis,Top Tier,spotify:track:5jmBbkBYN9Zxbr8oYQEuUE,sunkis - top tier
KIARA,2026-01-28,2024-03-07,Let Me Down Slowly,Alec Benjamin,Narrated For You,spotify:track:2qxmye6gAegTMjLKEBoR3d,alec benjamin - let me down slowly
KIARA,2026-01-28,2024-03-07,Arcade,Duncan Laurence,Small Town Boy,spotify:track:1J14CdDAvBTE1AJYUOwl6C,duncan laurence - arcade
KIARA,2026-01-28,2024-03-07,Bad Liar,Imagine Dragons,Origins,spotify:track:2RSHsoi04658QL5xgQVov3,imagine dragons - bad liar
KIARA,2026-01-28,2024-03-07,Memories,Maroon 5,JORDI,spotify:track:4cktbXiXOapiLBMprHFErI,maroon 5 - memories
KIARA,2026-01-28,2024-03-07,Little Do You Know,Alex & Sierra,It's About Us,spotify:track:1almCHdsfikRPfVB9VrEdT,alex & sierra - little do you know
KIARA,2026-01-28,2024-03-07,Please Don't Go,Joel Adams,Please Don't Go,spotify:track:3cNjgVBKTJ1SvKhunrCdVy,joel adams - please don't go
KIARA,2026-01-28,2024-03-07,Happier,Ed Sheeran,÷,spotify:track:2RttW7RAu5nOAfq6YFvApB,ed sheeran - happier
KIARA,2026-01-28,2024-03-07,I Think I'm In Love,Kat Dahlia,My Garden,spotify:track:3U1TuSqHIubBA10cVP7Sk6,kat dahlia - i think i'm in love
KIARA,2026-01-28,2024-03-07,I'm a Mess,Bebe Rexha,Expectations,spotify:track:04ZTP5KsCypmtCmQg5tH9R,bebe rexha - i'm a mess
KIARA,2026-01-28,2024-03-07,Someone You Loved,Lewis Capaldi,Divinely Uninspired To A Hellish Extent,spotify:track:7qEHsqek33rTcFNT9PFqLf,lewis capaldi - someone you loved
KIARA,2026-01-28,2024-03-07,everything i wanted,Billie Eilish,everything i wanted,spotify:track:3ZCTVFBt2Brf31RLEnCkWJ,billie eilish - everything i wanted
KIARA,2026-01-28,2024-03-07,happier,Olivia Rodrigo,SOUR,spotify:track:2tGvwE8GcFKwNdAXMnlbfl,olivia rodrigo - happier
KIARA,2026-01-28,2024-03-07,I Wanna Be Yours,Arctic Monkeys,AM,spotify:track:5XeFesFbtLpXzIVDNQP22n,arctic monkeys - i wanna be yours
KIARA,2026-01-28,2024-03-07,Rewrite The Stars,James Arthur,The Greatest Showman: Reimagined,spotify:track:7FlHNJT4TC120CDvFOHzei,james arthur - rewrite the stars
KIARA,2026-01-28,2024-03-07,Night Changes,One Direction,FOUR,spotify:track:5O2P9iiztwhomNh8xkR9lJ,one direction - night changes
KIARA,2026-01-28,2024-03-07,Style,Taylor Swift,1989,spotify:track:0ug5NqcwcFR2xrfTkc7k8e,taylor swift - style
KIARA,2026-01-28,2024-03-07,Believer,Imagine Dragons,Evolve,spotify:track:0pqnGHJpmpxLKifKRmU6WP,imagine dragons - believer
KIARA,2026-01-28,2024-03-07,ROCKSTAR (feat. Roddy Ricch),DaBaby,BLAME IT ON BABY,spotify:track:7ytR5pFWmSjzHJIeQkgog4,dababy - rockstar (feat. roddy ricch)
KIARA,2026-01-28,2024-03-07,The Greatest,Sia,This Is Acting (Deluxe Version),spotify:track:6bLopGnirdrilrpdVB6Um1,sia - the greatest
KIARA,2026-01-28,2024-03-07,Too Good At Goodbyes,Sam Smith,The Thrill Of It All,spotify:track:1mXVgsBdtIVeCLJnSnmtdV,sam smith - too good at goodbyes
KIARA,2026-01-28,2024-03-07,Levitating,Dua Lipa,Future Nostalgia,spotify:track:39LLxExYz6ewLAcYrzQQyP,dua lipa - levitating
KIARA,2026-01-28,2024-03-07,Prisoner (feat. Dua Lipa),Miley Cyrus,Plastic Hearts,spotify:track:2Oycxb8QbPkpHTo8ZrmG0B,miley cyrus - prisoner (feat. dua lipa)
KIARA,2026-01-28,2024-03-07,good 4 u,Olivia Rodrigo,SOUR,spotify:track:4ZtFanR9U6ndgddUvNcjcG,olivia rodrigo - good 4 u
KIARA,2026-01-28,2024-03-07,positions,Ariana Grande,Positions,spotify:track:35mvY5S1H3J2QZyna3TFe0,ariana grande - positions
KIARA,2026-01-28,2024-03-07,Heat Waves,Glass Animals,Dreamland,spotify:track:3USxtqRwSYz57Ewm6wWRMp,glass animals - heat waves
KIARA,2026-01-28,2024-05-24,MIDDLE OF THE NIGHT,Elley Duhé,MIDDLE OF THE NIGHT,spotify:track:58HvfVOeJY7lUuCqF0m3ly,elley duhé - middle of the night
KIARA,2026-01-28,2024-05-24,Easy On Me,Adele,Easy On Me,spotify:track:0gplL1WMoJ6iYaPgMCL0gX,adele - easy on me
KIARA,2026-01-28,2024-07-29,Slow It Down,Benson Boone,Fireworks & Rollerblades,spotify:track:51eSHglvG1RJXtL3qI5trr,benson boone - slow it down
KIARA,2026-01-28,2024-08-01,Iris,The Goo Goo Dolls,Dizzy up the Girl,spotify:track:6Qyc6fS4DsZjB2mRW9DsQs,the goo goo dolls - iris
KIARA,2026-01-28,2024-08-01,Fire On Fire,Sam Smith,Love Goes,spotify:track:7t3Xdbufg7q2onVsR8RBdY,sam smith - fire on fire
KIARA,2026-01-28,2024-10-04,Around Me,No Guidnce,Around Me,spotify:track:1YEVx89VQ53Lj96DuDs6Et,no guidnce - around me
KIARA,2026-01-28,2024-10-13,labour,Paris Paloma,labour,spotify:track:2Ggr9IfS70wYQacW8nZKPG,paris paloma - labour
KIARA,2026-01-28,2024-10-13,LABOUR - the cacophony,Paris Paloma,LABOUR,spotify:track:4B0cJGASxVICLW2AsBZhiE,paris paloma - labour - the cacophony
KIARA,2026-01-28,2025-01-30,I'll Be Waiting,Cian Ducrot,I'll Be Waiting,spotify:track:2nRaAETFbe39JVCFSVDkcc,cian ducrot - i'll be waiting
KIARA,2026-01-28,2025-02-22,bloodline,Ariana Grande,"thank u, next",spotify:track:2hloaUoRonYssMuqLCBLTX,ariana grande - bloodline
KIARA,2026-01-28,2025-03-03,Constellations,Jade LeMac,Constellations,spotify:track:6XZFPFanJb6RKGvuAAv3g8,jade lemac - constellations
KIARA,2026-01-28,2025-03-03,Firework,Katy Perry,Teenage Dream,spotify:track:3lXbHd0EoryoQh3vpevNEP,katy perry - firework
KIARA,2026-01-28,2025-03-03,I.F.L.Y.,Bazzi,Soul Searching,spotify:track:4a6q8CR2hzLk2plDkSxkfD,bazzi - i.f.l.y.
KIARA,2026-01-28,2025-06-21,Like I'm Gonna Lose You (feat. John Legend),Meghan Trainor,Title,spotify:track:7MjKAV0mFiEID9WhDSSzaW,meghan trainor - like i'm gonna lose you (feat. john legend)
KIARA,2026-01-28,2026-01-28,If the World Was Ending (feat. Julia Michaels),JP Saxe,If the World Was Ending (feat. Julia Michaels),spotify:track:2kJwzbxV2ppxnQoYw4GLBZ,jp saxe - if the world was ending (feat. julia michaels)
