track_key,artist_name,track_name,play_count,total_minutes_played,first_played,last_played,playlist_count,playlists,in_library
(((()))) - novacane - 8d audio,(((()))),Novacane - 8D Audio,2,1.0639166666666666,2026-01-12 05:25:00,2026-02-11 08:05:00,0,Not in any playlist,True
03’babyshay - dreamz & nightmarez - wthelly?,03’BabyShay,Dreamz & NightMarez - Wthelly?,1,0.03216666666666667,2026-04-23 20:13:00,2026-04-23 20:13:00,0,Not in any playlist,False
5 seconds of summer - youngblood,5 Seconds of Summer,Youngblood,9,30.512616666666666,2025-07-21 07:39:00,2026-02-13 16:09:00,1,Life,True
50 cent - baby by me,50 Cent,Baby By Me,7,16.763716666666667,2026-03-13 05:50:00,2026-06-16 11:15:00,1,R&B,True
50 cent - just a lil bit,50 Cent,Just A Lil Bit,7,8.8139,2026-03-13 05:56:00,2026-06-16 12:16:00,1,"Volume up ,logic down",False
528hz open heart chakra - life loves me﻿ - crown chakra - spirituality,528Hz Open Heart Chakra,Life Loves Me﻿ - Crown Chakra - Spirituality,3,24.50985,2026-04-19 01:19:00,2026-04-25 05:53:00,0,Not in any playlist,False
528hz release inner conflict & struggle - heal old negative energy,528Hz Release Inner Conflict & Struggle,Heal Old Negative Energy,3,74.12738333333334,2026-04-19 05:32:00,2026-04-25 03:22:00,0,Not in any playlist,False
5star - cmonnn (hit it one time) (pt. 2) (feat. lay bankz),5Star,Cmonnn (Hit It One Time) (Pt. 2) (feat. Lay Bankz),10,22.8523,2026-03-27 07:12:00,2026-06-09 14:22:00,3,"Dance away, Life, Volume up ,logic down",True
5star - cmonnn (hit it one time)(feat. lay bankz),5Star,Cmonnn (Hit It One Time)(feat. Lay Bankz),1,0.14085,2026-04-23 20:15:00,2026-04-23 20:15:00,0,Not in any playlist,False
6lack - temporary (feat. don toliver),6LACK,Temporary (feat. Don Toliver),1,2.9722166666666667,2025-12-05 07:17:00,2025-12-05 07:17:00,0,Not in any playlist,False
741hz energy orbiting manifest healing - cleanse aura (orbital manifest healing),741Hz Energy Orbiting Manifest Healing,Cleanse Aura (Orbital Manifest Healing),3,31.098933333333335,2026-04-19 02:56:00,2026-04-25 02:20:00,0,Not in any playlist,False
`ёarly - hoes be shoutin',`ёarly,HOES BE SHOUTIN',1,0.03626666666666667,2026-04-23 20:13:00,2026-04-23 20:13:00,0,Not in any playlist,False
aaryan shah - renegade,Aaryan Shah,Renegade,9,18.2809,2025-09-08 19:21:00,2026-06-18 11:51:00,2,"1 A.M, ❤️😍",False
abba - slipping through my fingers,ABBA,Slipping Through My Fingers,1,0.028983333333333333,2026-03-27 07:19:00,2026-03-27 07:19:00,0,Not in any playlist,False
abigail chams - me too,Abigail Chams,Me too,9,18.864066666666666,2025-07-09 21:45:00,2026-05-25 09:30:00,1,Kenyan tunes,False
abigail chams - nani?,Abigail Chams,Nani?,1,0.03206666666666667,2025-12-05 17:31:00,2025-12-05 17:31:00,0,Not in any playlist,False
addison rae - diet pepsi,Addison Rae,Diet Pepsi,1,0.13561666666666666,2026-05-02 06:51:00,2026-05-02 06:51:00,0,Not in any playlist,False
addison rae - obsessed,Addison Rae,Obsessed,1,2.234783333333333,2026-05-23 08:13:00,2026-05-23 08:13:00,0,Not in any playlist,False
adele - chasing pavements,Adele,Chasing Pavements,1,0.00165,2026-03-24 10:24:00,2026-03-24 10:24:00,0,Not in any playlist,False
adele - easy on me,,,0,0.0,,,1,KIARA,False
adele - love in the dark,Adele,Love In The Dark,1,0.01085,2026-03-24 10:24:00,2026-03-24 10:24:00,0,Not in any playlist,False
aespa - black mamba,aespa,Black Mamba,1,0.11735,2026-02-10 19:27:00,2026-02-10 19:27:00,1,Kpop,False
aespa - drama,,,0,0.0,,,1,Kpop,False
aespa - illusion,aespa,Illusion,2,6.501766666666667,2026-02-13 19:19:00,2026-02-14 05:44:00,1,Kpop,False
aespa - next level,,,0,0.0,,,1,Kpop,False
aespa - savage,aespa,Savage,1,0.13636666666666666,2026-03-02 15:28:00,2026-03-02 15:28:00,1,Kpop,False
aespa - welcome to my world (feat. nævis),aespa,Welcome To MY World (feat. nævis),1,0.09996666666666666,2026-03-27 07:17:00,2026-03-27 07:17:00,0,Not in any playlist,False
after midnight disco - after midnight feelings,After Midnight Disco,After Midnight Feelings,1,0.0,2026-02-21 16:48:00,2026-02-21 16:48:00,0,Not in any playlist,False
agust d - daechwita,,,0,0.0,,,1,Kpop,False
aika & nahreel - katika (feat. diamond platnumz),Aika & Nahreel,Katika (feat. Diamond Platnumz),12,26.822816666666668,2025-08-28 07:50:00,2026-03-30 17:56:00,1,OG😝,False
aira - muse,aira,Muse,1,0.16246666666666668,2025-08-17 06:14:00,2025-08-17 06:14:00,0,Not in any playlist,False
aira - my unsent love letter,aira,my unsent love letter,14,52.694700000000005,2025-08-18 09:36:00,2026-05-19 06:32:00,1,R&B,False
akd - trip a trip,AKD,Trip a Trip,2,2.079133333333333,2026-06-02 07:45:00,2026-06-02 07:45:00,0,Not in any playlist,False
akon - beautiful,Akon,Beautiful,1,0.053816666666666665,2026-03-13 05:52:00,2026-03-13 05:52:00,0,Not in any playlist,False
akon - don't matter,Akon,Don't Matter,1,0.10795,2026-03-13 05:53:00,2026-03-13 05:53:00,0,Not in any playlist,False
akon - i wanna love you,Akon,I Wanna Love You,1,0.056516666666666666,2026-01-06 15:21:00,2026-01-06 15:21:00,0,Not in any playlist,False
akon - right now (na na na),Akon,Right Now (Na Na Na),1,0.029383333333333334,2026-03-13 05:54:00,2026-03-13 05:54:00,0,Not in any playlist,False
alec benjamin - if we have each other,Alec Benjamin,If We Have Each Other,8,18.270383333333335,2025-10-09 06:29:00,2026-06-16 07:20:00,0,Not in any playlist,True
alec benjamin - let me down slowly,Alec Benjamin,Let Me Down Slowly,2,2.8225666666666664,2025-10-04 11:23:00,2025-10-15 07:54:00,1,KIARA,False
alessia cara - here,Alessia Cara,Here,2,3.3242166666666666,2025-09-08 19:21:00,2025-10-17 19:05:00,1,1 A.M,False
alessia cara - scars to your beautiful,,,0,0.0,,,1,KIARA,False
alex & sierra - little do you know,,,0,0.0,,,1,KIARA,False
alex isley - love again,Alex Isley,Love Again,6,13.355866666666667,2025-12-05 06:47:00,2026-06-05 13:21:00,2,"R&B, Sensual",True
alex isley - mic on,Alex Isley,Mic On,1,0.05733333333333333,2025-07-09 21:50:00,2025-07-09 21:50:00,0,Not in any playlist,False
alex warren - ordinary,Alex Warren,Ordinary,7,11.544116666666667,2025-10-15 11:35:00,2026-06-18 09:30:00,1,❤️😍,False
alexander stewart - i wish you cheated,,,0,0.0,,,1,KIARA,False
alexander stewart - leave me in the dark,,,0,0.0,,,1,KIARA,False
ali gatie - it's you,Ali Gatie,It's You,11,25.44085,2025-07-21 07:43:00,2026-04-01 09:37:00,2,"KIARA, Life",False
alicia keys - fallin',Alicia Keys,Fallin',1,0.03805,2026-03-13 05:55:00,2026-03-13 05:55:00,0,Not in any playlist,False
alicia keys - if i ain't got you,Alicia Keys,If I Ain't Got You,1,0.03576666666666667,2026-03-13 05:56:00,2026-03-13 05:56:00,0,Not in any playlist,False
alicia keys - no one,Alicia Keys,No One,1,0.09718333333333333,2026-01-06 15:20:00,2026-01-06 15:20:00,0,Not in any playlist,False
alikiba - aje,Alikiba,AJE,17,38.53805,2025-08-28 09:18:00,2026-06-08 07:22:00,1,OG😝,False
alikiba - chekecha cheketua,Alikiba,Chekecha Cheketua,17,57.65658333333334,2025-08-28 14:52:00,2026-06-08 07:44:00,1,OG😝,False
alikiba - cinderella,Alikiba,Cinderella,14,42.829316666666664,2025-11-12 06:37:00,2026-06-14 17:07:00,1,OG😝,False
alikiba - dodo,Alikiba,Dodo,12,43.5631,2025-11-26 15:29:00,2026-05-23 11:31:00,1,OG😝,False
alikiba - dushelele,Alikiba,Dushelele,3,9.055216666666666,2026-03-16 06:39:00,2026-04-01 15:09:00,1,OG😝,False
alikiba - hadithi,Alikiba,Hadithi,2,0.13438333333333333,2025-08-28 09:20:00,2026-01-19 15:07:00,0,Not in any playlist,False
alikiba - huku,Alikiba,Huku,5,13.029366666666665,2025-08-12 07:47:00,2026-04-01 18:07:00,1,Kenyan tunes,False
alikiba - kadogo,Alikiba,Kadogo,7,13.344516666666665,2025-08-28 07:19:00,2026-03-22 09:43:00,1,OG😝,False
alikiba - mahaba,Alikiba,Mahaba,2,0.22233333333333333,2025-11-25 06:45:00,2026-03-16 06:37:00,0,Not in any playlist,False
alikiba - mapenzi run dunia,Alikiba,Mapenzi Run Dunia,7,29.444516666666665,2025-11-28 11:13:00,2026-06-14 17:28:00,1,OG😝,False
alikiba - mvumo wa radi,Alikiba,Mvumo Wa Radi,2,0.09103333333333333,2025-08-28 07:45:00,2026-03-16 06:37:00,0,Not in any playlist,False
alikiba - mwambie sina,Alikiba,Mwambie Sina,1,0.06695,2026-03-16 06:40:00,2026-03-16 06:40:00,0,Not in any playlist,False
alikiba - mwana,Alikiba,Mwana,20,70.32863333333333,2025-08-28 08:24:00,2026-06-09 07:42:00,1,OG😝,False
alikiba - nakshi nakshi mrembo,Alikiba,Nakshi Nakshi Mrembo,1,0.2775666666666667,2026-03-18 07:11:00,2026-03-18 07:11:00,0,Not in any playlist,False
alikiba - seduce me,Alikiba,Seduce Me,17,56.45471666666667,2025-08-28 07:54:00,2026-06-09 08:27:00,1,OG😝,False
alikiba - single boy,Alikiba,Single Boy,2,0.59045,2026-01-18 15:55:00,2026-01-19 15:06:00,0,Not in any playlist,False
alikiba - usiniseme,Alikiba,Usiniseme,2,0.12901666666666667,2025-08-28 09:19:00,2026-03-16 06:34:00,0,Not in any playlist,False
alikiba - utu,Alikiba,Utu,2,0.47448333333333337,2025-08-28 09:20:00,2026-03-16 06:47:00,0,Not in any playlist,False
alikiba ft.kings music abdukiba x cheed x k2ga x killy - mwambie sina,ALIKIBA Ft.Kings Music Abdukiba X Cheed X K2ga X Killy,Mwambie Sina,1,0.06463333333333333,2025-08-28 07:18:00,2025-08-28 07:18:00,0,Not in any playlist,False
alley - want it bad,Alley,want it bad,5,3.92195,2025-08-17 06:16:00,2026-04-15 18:43:00,1,1 A.M,False
altare - bye,Altare,bye,2,0.05706666666666667,2026-01-12 18:36:00,2026-03-24 10:25:00,0,Not in any playlist,False
amaarae - angels in tibet,Amaarae,Angels in Tibet,5,9.68025,2025-07-15 20:02:00,2026-03-02 14:39:00,1,Dance away,False
amaarae - sad girlz luv money remix (feat. kali uchis and moliy),Amaarae,SAD GIRLZ LUV MONEY Remix (feat. Kali Uchis and Moliy),8,27.301849999999998,2025-10-09 07:09:00,2026-06-16 10:41:00,1,Sensual,True
amaria bb - slow motion,AMARIA BB,Slow Motion,4,11.066666666666666,2025-07-07 20:40:00,2026-01-02 17:44:00,1,Sensual,True
ambia - clarity,Ambia,Clarity,1,2.1333333333333333,2026-04-24 07:14:00,2026-04-24 07:14:00,0,Not in any playlist,False
ambia - love is now,Ambia,Love Is Now,1,2.2,2026-04-25 07:47:00,2026-04-25 07:47:00,0,Not in any playlist,False
ambia - restoration,Ambia,Restoration,1,2.2,2026-04-24 06:46:00,2026-04-24 06:46:00,0,Not in any playlist,False
ambia - root chakra healing,Ambia,Root Chakra Healing,1,2.6666666666666665,2026-04-25 06:58:00,2026-04-25 06:58:00,0,Not in any playlist,False
ambia - third eye healing,Ambia,Third Eye Healing,1,2.3666666666666667,2026-04-25 07:15:00,2026-04-25 07:15:00,0,Not in any playlist,False
amelia moore - next door (feat. astn),Amelia Moore,next door (feat. ASTN),11,31.62055,2025-06-25 19:37:00,2026-06-20 09:54:00,2,"Feelings, Sensual",True
amo - sticks and rackz (nuclear),AMO,Sticks and Rackz (Nuclear),1,0.03963333333333333,2026-04-23 20:13:00,2026-04-23 20:13:00,0,Not in any playlist,False
amy winehouse - tears dry on their own,Amy Winehouse,Tears Dry On Their Own,1,0.00355,2026-05-18 13:14:00,2026-05-18 13:14:00,0,Not in any playlist,False
andy bumuntu - on fire,Andy Bumuntu,On Fire,2,3.3441833333333335,2025-07-03 16:15:00,2026-03-16 06:37:00,0,Not in any playlist,False
angelbaby - before you,angelbaby,before you,1,0.015816666666666666,2026-01-06 13:54:00,2026-01-06 13:54:00,0,Not in any playlist,False
anna thompson - heart center,Anna Thompson,Heart Center,3,48.10000000000001,2026-04-19 00:32:00,2026-04-24 21:38:00,0,Not in any playlist,False
"anna thompson - money, money everywhere",Anna Thompson,"Money, Money Everywhere",3,32.525,2026-04-19 07:20:00,2026-04-24 23:30:00,0,Not in any playlist,False
anne-marie - 2002,Anne-Marie,2002,11,28.054833333333335,2025-07-08 20:04:00,2026-05-31 18:47:00,2,"KIARA, Life",False
aqyila - bloom,Aqyila,Bloom,1,0.037866666666666667,2026-03-13 05:57:00,2026-03-13 05:57:00,0,Not in any playlist,False
arctic monkeys - i wanna be yours,Arctic Monkeys,I Wanna Be Yours,5,13.6897,2025-10-15 07:27:00,2026-06-18 11:44:00,2,"KIARA, ❤️😍",False
ari abdul - babydoll,Ari Abdul,BABYDOLL,1,1.7658,2026-03-25 07:13:00,2026-03-25 07:13:00,0,Not in any playlist,False
ariana grande - 34+35,Ariana Grande,34+35,16,43.40591666666667,2025-07-15 20:08:00,2026-05-02 07:41:00,2,"Dance away, Life",False
ariana grande - 7 rings,Ariana Grande,7 rings,11,29.758950000000002,2025-06-30 20:53:00,2026-03-28 09:10:00,1,Life,False
ariana grande - almost is never enough,Ariana Grande,Almost Is Never Enough,1,0.0,2025-07-09 21:42:00,2025-07-09 21:42:00,0,Not in any playlist,False
ariana grande - baby i,Ariana Grande,Baby I,1,0.5012833333333333,2026-06-20 08:11:00,2026-06-20 08:11:00,0,Not in any playlist,True
ariana grande - bad decisions,Ariana Grande,Bad Decisions,1,2.3765,2026-05-02 08:54:00,2026-05-02 08:54:00,0,Not in any playlist,False
ariana grande - bad idea,Ariana Grande,bad idea,1,0.07706666666666667,2026-05-02 07:58:00,2026-05-02 07:58:00,0,Not in any playlist,False
ariana grande - be my baby,Ariana Grande,Be My Baby,8,23.15095,2025-07-21 08:14:00,2026-03-25 11:16:00,1,Life,False
ariana grande - best mistake,Ariana Grande,Best Mistake,4,11.686883333333334,2026-02-02 18:35:00,2026-06-20 10:04:00,1,Sensual,True
ariana grande - better off,Ariana Grande,better off,3,2.90055,2026-05-02 07:54:00,2026-05-02 08:01:00,0,Not in any playlist,False
ariana grande - blazed (feat. pharrell williams),Ariana Grande,blazed (feat. Pharrell Williams),1,3.272666666666667,2026-05-02 08:24:00,2026-05-02 08:24:00,0,Not in any playlist,False
ariana grande - bloodline,Ariana Grande,bloodline,26,79.95476666666667,2025-07-01 20:27:00,2026-06-19 18:24:00,3,"Dance away, KIARA, Life",True
ariana grande - borderline (feat. missy elliott),Ariana Grande,borderline (feat. Missy Elliott),1,2.9588833333333335,2026-05-02 07:44:00,2026-05-02 07:44:00,0,Not in any playlist,False
ariana grande - boyfriend (with social house),Ariana Grande,boyfriend (with Social House),22,54.292699999999996,2025-07-03 10:05:00,2026-06-16 06:49:00,1,Life,True
ariana grande - break free,Ariana Grande,Break Free,1,3.58065,2026-02-02 19:37:00,2026-02-02 19:37:00,0,Not in any playlist,False
"ariana grande - break up with your girlfriend, i'm bored",Ariana Grande,"break up with your girlfriend, i'm bored",2,6.348,2026-02-02 19:01:00,2026-03-07 08:31:00,0,Not in any playlist,False
ariana grande - breathin,Ariana Grande,breathin,5,16.513333333333332,2025-06-30 20:47:00,2026-02-02 19:26:00,1,Life,False
ariana grande - bye,Ariana Grande,bye,10,19.227883333333335,2026-02-02 19:10:00,2026-06-16 20:15:00,0,Not in any playlist,True
ariana grande - dandelion,Ariana Grande,dandelion,2,6.753183333333333,2026-05-02 06:29:00,2026-05-29 06:18:00,0,Not in any playlist,False
ariana grande - dangerous woman,Ariana Grande,Dangerous Woman,14,51.13568333333333,2025-07-21 07:32:00,2026-03-27 07:29:00,1,Life,False
ariana grande - daydreamin',Ariana Grande,Daydreamin',8,24.658616666666667,2025-06-30 20:11:00,2026-04-01 09:51:00,1,Life,False
ariana grande - don't wanna break up again,Ariana Grande,don't wanna break up again,2,5.8002,2026-02-02 19:13:00,2026-05-02 06:54:00,0,Not in any playlist,False
ariana grande - eternal sunshine,Ariana Grande,eternal sunshine,2,7.006666666666667,2026-02-02 19:33:00,2026-05-02 06:33:00,0,Not in any playlist,False
ariana grande - everyday,Ariana Grande,Everyday,28,77.1698,2025-07-02 19:55:00,2026-06-16 12:31:00,3,"Feelings, Life, Sensual",True
ariana grande - everytime,Ariana Grande,everytime,19,46.64521666666667,2025-07-07 20:43:00,2026-03-28 05:08:00,2,"Feelings, Life",True
ariana grande - get well soon,Ariana Grande,get well soon,1,4.883933333333333,2026-05-02 07:53:00,2026-05-02 07:53:00,0,Not in any playlist,False
ariana grande - god is a woman,Ariana Grande,God is a woman,12,36.2745,2025-09-06 09:20:00,2026-05-02 08:16:00,1,Life,False
ariana grande - goodnight n go,Ariana Grande,goodnight n go,2,6.316866666666667,2026-02-02 19:23:00,2026-05-02 07:58:00,0,Not in any playlist,False
ariana grande - hate that i made you love me,Ariana Grande,hate that i made you love me,5,6.660816666666666,2026-05-29 06:06:00,2026-06-19 18:59:00,0,Not in any playlist,False
ariana grande - honeymoon avenue,Ariana Grande,Honeymoon Avenue,2,5.783066666666667,2026-02-02 19:50:00,2026-05-02 08:25:00,0,Not in any playlist,False
ariana grande - i don't care,Ariana Grande,I Don't Care,1,2.9671,2026-05-02 08:33:00,2026-05-02 08:33:00,0,Not in any playlist,False
ariana grande - i wish i hated you,Ariana Grande,i wish i hated you,2,5.1211,2026-02-02 19:52:00,2026-05-02 06:36:00,0,Not in any playlist,False
ariana grande - imagine,Ariana Grande,imagine,1,3.5377666666666667,2026-02-02 19:44:00,2026-02-02 19:44:00,0,Not in any playlist,False
ariana grande - imperfect for you,Ariana Grande,imperfect for you,2,6.08555,2026-05-02 06:57:00,2026-05-29 06:26:00,0,Not in any playlist,False
ariana grande - in my head,Ariana Grande,in my head,1,3.7157833333333334,2026-02-02 18:45:00,2026-02-02 18:45:00,0,Not in any playlist,False
ariana grande - into you,Ariana Grande,Into You,31,104.64005,2025-06-30 20:40:00,2026-06-20 09:00:00,3,"Life, Sensual, ❤️😍",True
ariana grande - intro (end of the world),Ariana Grande,intro (end of the world),13,18.517633333333333,2025-07-08 20:30:00,2026-05-29 06:23:00,2,"Dance away, Life",False
ariana grande - just like magic,Ariana Grande,just like magic,2,4.91925,2026-05-02 07:05:00,2026-05-23 08:08:00,0,Not in any playlist,False
ariana grande - knew better / forever boy,Ariana Grande,Knew Better / Forever Boy,1,4.986883333333333,2026-05-02 08:41:00,2026-05-02 08:41:00,0,Not in any playlist,False
ariana grande - let me love you,Ariana Grande,Let Me Love You,16,39.73896666666667,2025-07-15 19:51:00,2026-05-05 17:25:00,1,Dance away,False
ariana grande - love language,Ariana Grande,love language,5,4.778616666666666,2026-05-02 07:33:00,2026-05-23 08:15:00,0,Not in any playlist,False
ariana grande - love me harder,Ariana Grande,Love Me Harder,12,31.822533333333332,2025-10-15 11:27:00,2026-04-15 19:10:00,1,❤️😍,False
ariana grande - main thing,Ariana Grande,main thing,1,2.1513333333333335,2026-05-02 07:17:00,2026-05-02 07:17:00,0,Not in any playlist,False
ariana grande - motive (with doja cat),Ariana Grande,motive (with Doja Cat),15,39.92791666666667,2025-08-16 08:55:00,2026-05-02 07:38:00,1,Life,False
ariana grande - my hair,Ariana Grande,my hair,4,6.5717,2026-02-02 19:55:00,2026-05-02 08:26:00,0,Not in any playlist,False
ariana grande - nasa,Ariana Grande,NASA,1,0.09693333333333333,2026-05-02 08:04:00,2026-05-02 08:04:00,0,Not in any playlist,False
ariana grande - nasty,Ariana Grande,nasty,5,16.727733333333333,2025-10-10 20:10:00,2026-06-19 18:04:00,0,Not in any playlist,False
ariana grande - needy,Ariana Grande,needy,9,22.491183333333332,2025-12-31 07:29:00,2026-06-07 07:39:00,1,Sensual,True
ariana grande - no tears left to cry,Ariana Grande,no tears left to cry,4,10.2882,2026-02-02 17:58:00,2026-05-02 08:01:00,0,Not in any playlist,False
ariana grande - obvious,Ariana Grande,obvious,2,4.898616666666667,2026-05-02 07:27:00,2026-05-23 08:11:00,0,Not in any playlist,False
ariana grande - off the table (with the weeknd),Ariana Grande,off the table (with The Weeknd),3,11.997466666666668,2026-02-02 19:41:00,2026-05-02 07:09:00,0,Not in any playlist,False
ariana grande - one last time,Ariana Grande,One Last Time,23,62.28371666666667,2025-06-20 20:28:00,2026-06-16 10:37:00,1,Life,True
ariana grande - ordinary things (feat. nonna),Ariana Grande,ordinary things (feat. Nonna),1,2.808333333333333,2026-05-02 06:42:00,2026-05-02 06:42:00,0,Not in any playlist,False
ariana grande - past life,Ariana Grande,past life,2,7.083766666666667,2026-06-02 07:51:00,2026-06-09 14:26:00,0,Not in any playlist,True
ariana grande - pete davidson,Ariana Grande,pete davidson,1,1.1215166666666667,2026-05-02 07:54:00,2026-05-02 07:54:00,0,Not in any playlist,False
ariana grande - positions,Ariana Grande,positions,19,46.68781666666666,2025-06-22 19:51:00,2026-05-02 07:30:00,2,"KIARA, Life",False
ariana grande - pov,Ariana Grande,pov,29,74.16875,2025-07-09 21:42:00,2026-06-12 04:40:00,2,"Dance away, Life",True
ariana grande - problem,Ariana Grande,Problem,6,11.340966666666667,2025-10-09 07:43:00,2026-05-13 19:48:00,0,Not in any playlist,True
ariana grande - r.e.m,Ariana Grande,R.E.M,2,4.5854,2026-05-02 08:09:00,2026-05-23 08:31:00,0,Not in any playlist,False
ariana grande - raindrops (an angel cried),Ariana Grande,raindrops (an angel cried),2,1.2546666666666666,2026-05-02 07:45:00,2026-05-23 08:25:00,0,Not in any playlist,False
ariana grande - safety net (feat. ty dolla $ign),Ariana Grande,safety net (feat. Ty Dolla $ign),12,39.39451666666667,2025-10-10 20:49:00,2026-05-29 06:10:00,1,Sensual,True
ariana grande - santa tell me,Ariana Grande,Santa Tell Me,1,3.40155,2026-01-05 07:38:00,2026-01-05 07:38:00,0,Not in any playlist,True
ariana grande - saturn returns interlude,Ariana Grande,Saturn Returns Interlude,1,0.7027666666666667,2026-05-02 06:47:00,2026-05-02 06:47:00,0,Not in any playlist,False
ariana grande - shut up,Ariana Grande,shut up,1,2.6285,2026-05-02 07:03:00,2026-05-02 07:03:00,0,Not in any playlist,False
ariana grande - side to side,Ariana Grande,Side To Side,16,39.49965,2025-07-13 13:49:00,2026-06-14 16:09:00,0,Not in any playlist,True
ariana grande - six thirty,Ariana Grande,six thirty,2,6.074466666666667,2026-05-02 07:12:00,2026-05-23 08:05:00,0,Not in any playlist,False
ariana grande - stuck with u (with justin bieber),Ariana Grande,Stuck with U (with Justin Bieber),36,94.07185,2025-06-20 20:50:00,2026-06-14 16:01:00,2,"Life, R&B",True
ariana grande - successful,Ariana Grande,successful,1,3.7897666666666665,2026-05-02 08:04:00,2026-05-02 08:04:00,0,Not in any playlist,False
ariana grande - supernatural,Ariana Grande,supernatural,22,57.27321666666667,2025-07-02 20:12:00,2026-06-07 07:19:00,1,Life,True
ariana grande - sweetener,Ariana Grande,sweetener,4,13.037733333333334,2026-02-02 18:58:00,2026-05-02 08:12:00,0,Not in any playlist,True
ariana grande - test drive,Ariana Grande,test drive,1,0.013333333333333334,2026-05-02 07:09:00,2026-05-02 07:09:00,0,Not in any playlist,False
"ariana grande - thank u, next",Ariana Grande,"thank u, next",15,38.027883333333335,2025-07-08 20:34:00,2026-03-27 08:42:00,1,Life,False
ariana grande - the boy is mine,Ariana Grande,the boy is mine,16,41.310050000000004,2025-07-02 15:56:00,2026-05-02 06:23:00,1,Life,False
ariana grande - the light is coming (feat. nicki minaj),Ariana Grande,the light is coming (feat. Nicki Minaj),1,3.806216666666667,2026-05-02 08:20:00,2026-05-02 08:20:00,0,Not in any playlist,False
ariana grande - the way,Ariana Grande,The Way,3,7.699716666666667,2026-01-06 15:21:00,2026-03-07 08:16:00,0,Not in any playlist,False
ariana grande - thinking bout you,Ariana Grande,Thinking Bout You,1,3.3397833333333335,2026-05-02 08:36:00,2026-05-02 08:36:00,0,Not in any playlist,False
ariana grande - true story,Ariana Grande,true story,2,3.2214666666666663,2026-05-02 06:26:00,2026-05-29 06:29:00,0,Not in any playlist,False
ariana grande - twilight zone,Ariana Grande,twilight zone,1,3.30535,2026-02-02 19:16:00,2026-02-02 19:16:00,0,Not in any playlist,False
ariana grande - we can't be friends (wait for your love),Ariana Grande,we can't be friends (wait for your love),7,24.106416666666668,2025-09-29 08:15:00,2026-05-02 06:40:00,0,Not in any playlist,False
ariana grande - west side,Ariana Grande,west side,12,17.819699999999997,2025-07-16 19:14:00,2026-05-05 17:02:00,2,"Dance away, Sensual",True
ariana grande - why try,Ariana Grande,Why Try,1,0.9716833333333333,2026-02-02 20:06:00,2026-02-02 20:06:00,0,Not in any playlist,False
"ariana grande - yes, and?",Ariana Grande,"yes, and?",2,6.365683333333333,2026-05-02 06:46:00,2026-05-29 06:46:00,0,Not in any playlist,False
aslay - bembea (feat. alikiba),Aslay,Bembea (feat. Alikiba),1,0.032733333333333337,2026-01-19 15:07:00,2026-01-19 15:07:00,0,Not in any playlist,False
aslay - mhudumu,Aslay,Mhudumu,16,48.334066666666665,2025-08-28 08:32:00,2026-03-30 17:24:00,1,OG😝,False
aslay - natamba,Aslay,Natamba,19,43.981683333333336,2025-08-28 09:19:00,2026-04-01 15:46:00,1,OG😝,False
aslay - nibebe,Aslay,Nibebe,2,0.268,2025-08-28 07:18:00,2026-03-16 06:42:00,0,Not in any playlist,False
aslay - pusha,Aslay,Pusha,1,0.1374,2026-03-16 06:42:00,2026-03-16 06:42:00,0,Not in any playlist,False
aslay - usiitie doa (feat. khadija kopa),Aslay,Usiitie Doa (feat. Khadija Kopa),1,0.0512,2025-08-28 09:21:00,2025-08-28 09:21:00,0,Not in any playlist,False
ateez - bouncy (k-hot chilli peppers),ATEEZ,BOUNCY (K-HOT CHILLI PEPPERS),3,9.365549999999999,2025-09-30 05:51:00,2026-02-15 04:37:00,2,"Kpop, Kpop -hits",False
ateez - crazy form,ATEEZ,Crazy Form,4,13.056033333333334,2025-09-30 06:18:00,2026-04-17 15:09:00,2,"Kpop, Kpop -hits",False
ateez - deja vu,ATEEZ,Deja Vu,8,13.6487,2025-09-30 06:21:00,2026-03-02 15:28:00,2,"Kpop, Kpop -hits",False
ateez - fireworks (i'm the one),ATEEZ,Fireworks (I'm The One),2,6.985833333333333,2025-10-05 12:49:00,2026-02-10 07:30:00,1,Kpop,False
ateez - halazia,ATEEZ,HALAZIA,5,10.08165,2025-10-05 13:18:00,2026-04-17 15:19:00,1,Kpop,False
ateez - ice on my teeth,ATEEZ,Ice On My Teeth,7,20.845483333333334,2025-06-26 05:25:00,2026-03-02 14:53:00,3,"Dance away, Kpop, Kpop -hits",False
ateez - lemon drop,ATEEZ,Lemon Drop,2,5.979850000000001,2025-06-26 05:11:00,2025-06-27 19:56:00,0,Not in any playlist,False
ateez - masterpiece,ATEEZ,Masterpiece,1,2.6719,2025-06-26 05:38:00,2025-06-26 05:38:00,0,Not in any playlist,False
ateez - say my name,ATEEZ,Say My Name,1,3.7055166666666666,2025-10-05 12:46:00,2025-10-05 12:46:00,1,Kpop,False
ateez - wave,ATEEZ,WAVE,3,10.19665,2025-10-05 12:59:00,2026-06-16 12:38:00,1,Kpop,False
ateez - wonderland,ATEEZ,WONDERLAND,2,6.633783333333334,2025-10-05 12:53:00,2026-02-09 18:23:00,1,Kpop,False
ateez - work,ATEEZ,WORK,3,8.619083333333332,2025-09-30 06:14:00,2026-03-02 15:48:00,2,"Kpop, Kpop -hits",False
august alsina - i luv this shit - remix (bonus track),August Alsina,I Luv This Shit - Remix (Bonus Track),2,0.17855,2026-01-12 18:37:00,2026-03-13 05:51:00,0,Not in any playlist,False
august alsina - no love,August Alsina,No Love,1,4.601333333333334,2025-12-05 09:40:00,2025-12-05 09:40:00,0,Not in any playlist,False
avalon magic - intuitive healing,Avalon Magic,Intuitive Healing,1,4.183333333333334,2026-04-18 16:02:00,2026-04-18 16:02:00,0,Not in any playlist,False
avril - kitoko (feat. l rice),Avril,Kitoko (feat. L Rice),1,0.0339,2026-03-16 06:43:00,2026-03-16 06:43:00,0,Not in any playlist,False
ay masta - zigo remix,Ay Masta,Zigo Remix,2,3.88525,2025-10-21 11:45:00,2025-10-21 13:13:00,0,Not in any playlist,False
ayanna ife - strut,Ayanna Ife,Strut,7,10.884,2025-11-25 09:56:00,2026-06-16 11:06:00,1,"Volume up ,logic down",False
ayesha erotica - make u cum,Ayesha Erotica,Make U Cum,1,0.034216666666666666,2026-04-23 20:13:00,2026-04-23 20:13:00,0,Not in any playlist,False
ayra starr - commas,Ayra Starr,Commas,3,7.854466666666667,2025-06-29 20:05:00,2025-08-12 06:59:00,1,Dance away,False
ayra starr - last heartbreak song (feat. giveon),Ayra Starr,Last Heartbreak Song (feat. Giveon),1,2.4946166666666665,2025-12-05 09:28:00,2025-12-05 09:28:00,0,Not in any playlist,False
ayzha nyree - no guidance,Ayzha Nyree,No Guidance,10,34.9257,2025-07-21 07:51:00,2026-05-03 18:12:00,2,"Life, Sensual",True
b.i - btbt,B.I,BTBT,7,22.7168,2025-10-05 13:28:00,2026-06-18 08:50:00,1,Kpop,False
b.o.b - headband (feat. 2 chainz),B.o.B,HeadBand (feat. 2 Chainz),1,0.032633333333333334,2026-04-23 20:19:00,2026-04-23 20:19:00,0,Not in any playlist,False
b.o.b - nothin' on you (feat. bruno mars),B.o.B,Nothin' on You (feat. Bruno Mars),4,13.590583333333335,2025-10-15 12:12:00,2026-06-18 10:45:00,1,❤️😍,False
b.o.b - nothing on you,B.o.B,Nothing on You,1,1.7950333333333333,2025-12-12 08:08:00,2025-12-12 08:08:00,0,Not in any playlist,True
baby bash - cyclone (feat. t-pain),Baby Bash,Cyclone (feat. T-Pain),1,0.3234,2026-04-23 20:17:00,2026-04-23 20:17:00,0,Not in any playlist,False
babyboy av - confession,Babyboy AV,Confession,4,8.111833333333333,2025-07-07 20:34:00,2026-01-08 18:25:00,0,Not in any playlist,True
babymonster - sheesh,BABYMONSTER,SHEESH,1,2.8392833333333334,2026-02-09 18:55:00,2026-02-09 18:55:00,1,Kpop,False
bad !dea - need you now,BAD !DEA,need you now,1,2.81745,2026-05-31 18:56:00,2026-05-31 18:56:00,1,KIARA,False
banky w. - yes/no,Banky W.,Yes/No,1,2.1276,2025-07-03 16:38:00,2025-07-03 16:38:00,0,Not in any playlist,False
barakah the prince - niseme nawe,Barakah The Prince,Niseme Nawe,4,0.19543333333333335,2025-08-28 07:50:00,2026-03-18 07:10:00,0,Not in any playlist,False
barakah the prince - siachani nawe,Barakah The Prince,Siachani Nawe,3,0.181,2025-08-28 07:09:00,2025-08-28 09:19:00,0,Not in any playlist,False
barnaba - halichachi (feat. khadija kopa),Barnaba,Halichachi (feat. Khadija Kopa),1,0.03325,2025-08-28 09:22:00,2025-08-28 09:22:00,0,Not in any playlist,False
barnaba - mzuri (feat. rayvanny),Barnaba,Mzuri (feat. Rayvanny),2,0.3553,2025-08-28 07:12:00,2025-09-06 08:29:00,0,Not in any playlist,False
barnaba - nibusu (feat. yammi & mbosso),Barnaba,Nibusu (feat. Yammi & Mbosso),1,0.03965,2025-08-28 08:16:00,2025-08-28 08:16:00,0,Not in any playlist,False
barnaba - salama (feat. diamond platnumz),Barnaba,Salama (feat. Diamond Platnumz),3,0.18986666666666666,2025-08-28 08:17:00,2025-11-25 06:45:00,0,Not in any playlist,False
barnaba - tuachane mdogomdogo,Barnaba,Tuachane Mdogomdogo,1,0.31583333333333335,2025-08-28 07:10:00,2025-08-28 07:10:00,0,Not in any playlist,False
bayanni - ta ta ta (with jason derulo),Bayanni,Ta Ta Ta (with Jason Derulo),1,0.04345,2026-03-24 10:26:00,2026-03-24 10:26:00,0,Not in any playlist,False
bazzi - beautiful (feat. camila cabello),Bazzi,Beautiful (feat. Camila Cabello),10,30.0,2025-06-30 20:50:00,2026-06-16 08:02:00,2,"Life, Sensual",True
bazzi - gone,Bazzi,Gone,1,0.05028333333333333,2025-12-09 13:55:00,2025-12-09 13:55:00,0,Not in any playlist,False
bazzi - i.f.l.y.,Bazzi,I.F.L.Y.,2,2.7619,2025-10-04 10:15:00,2025-10-15 07:54:00,1,KIARA,False
bazzi - why,Bazzi,Why,1,2.471,2025-10-04 10:42:00,2025-10-04 10:42:00,0,Not in any playlist,False
bbno$ - bing bong,bbno$,bing bong,1,0.09991666666666667,2026-04-23 20:13:00,2026-04-23 20:13:00,0,Not in any playlist,False
"bebe rexha - baby, i'm jealous (feat. doja cat)",Bebe Rexha,"Baby, I'm Jealous (feat. Doja Cat)",1,0.0,2026-03-02 14:50:00,2026-03-02 14:50:00,1,Dance away,False
bebe rexha - i'm a mess,Bebe Rexha,I'm a Mess,3,5.235983333333333,2025-10-04 10:49:00,2026-05-31 19:08:00,1,KIARA,False
beenie gunter - no mo,Beenie Gunter,No Mo,1,0.23571666666666666,2025-12-19 18:14:00,2025-12-19 18:14:00,0,Not in any playlist,False
beka flavour - sikinai,Beka Flavour,Sikinai,1,0.049,2025-08-28 07:10:00,2025-08-28 07:10:00,0,Not in any playlist,False
benny blanco - bad decisions (with bts & snoop dogg),benny blanco,Bad Decisions (with BTS & Snoop Dogg),2,5.757149999999999,2025-10-08 12:27:00,2026-02-14 06:05:00,1,Kpop,False
benny blanco - eastside (with halsey & khalid),benny blanco,Eastside (with Halsey & Khalid),6,14.242833333333333,2025-08-08 14:08:00,2025-12-13 11:36:00,2,"Dance away, Life",False
benson boone - slow it down,Benson Boone,Slow It Down,1,2.6971833333333333,2025-07-02 15:49:00,2025-07-02 15:49:00,1,KIARA,False
bensoul - extra pressure,Bensoul,Extra Pressure,5,14.222233333333334,2025-07-03 16:18:00,2026-06-14 17:17:00,0,Not in any playlist,False
bensoul - nairobi (feat. mejja),Bensoul,Nairobi (feat. Mejja),2,7.3437,2026-05-27 07:09:00,2026-06-09 08:47:00,0,Not in any playlist,False
bensoul - navutishwa,Bensoul,Navutishwa,2,0.044833333333333336,2025-07-09 21:44:00,2025-07-09 21:44:00,0,Not in any playlist,False
bensoul - viva la vida,Bensoul,Viva La Vida,10,29.700000000000003,2025-07-03 15:57:00,2026-06-11 20:58:00,1,Kenyan tunes,False
beyoncé - all night,Beyoncé,All Night,1,0.05273333333333333,2026-03-13 05:57:00,2026-03-13 05:57:00,0,Not in any playlist,False
beyoncé - baby boy (feat. sean paul),Beyoncé,Baby Boy (feat. Sean Paul),1,0.11193333333333333,2026-03-13 05:51:00,2026-03-13 05:51:00,0,Not in any playlist,False
beyoncé - halo,Beyoncé,Halo,1,0.028133333333333333,2026-01-06 15:20:00,2026-01-06 15:20:00,0,Not in any playlist,False
beyoncé - irreplaceable,Beyoncé,Irreplaceable,1,0.024833333333333332,2026-03-13 05:55:00,2026-03-13 05:55:00,0,Not in any playlist,False
beyoncé - naughty girl,Beyoncé,Naughty Girl,1,0.10255,2026-03-13 05:55:00,2026-03-13 05:55:00,0,Not in any playlist,False
beyoncé - partition,Beyoncé,Partition,1,0.028866666666666665,2026-03-27 07:18:00,2026-03-27 07:18:00,0,Not in any playlist,False
beyoncé - plastic off the sofa,Beyoncé,PLASTIC OFF THE SOFA,1,1.3494333333333333,2025-12-05 07:26:00,2025-12-05 07:26:00,0,Not in any playlist,False
bibi - bibi vengeance,BIBI,BIBI Vengeance,5,11.016083333333334,2025-10-05 12:10:00,2026-06-18 07:44:00,1,Kpop,False
bibi - scott and zelda,BIBI,Scott and Zelda,11,32.308566666666664,2025-09-08 19:22:00,2026-06-16 09:10:00,1,Kpop -hits,True
bien - chikwere,Bien,Chikwere,2,2.1472499999999997,2025-07-09 21:44:00,2026-06-09 08:24:00,0,Not in any playlist,False
bien - inauma,Bien,Inauma,3,10.515483333333334,2025-07-03 16:11:00,2026-06-09 07:38:00,0,Not in any playlist,False
bien - lost & found,Bien,Lost & Found,3,6.533816666666667,2025-07-09 21:45:00,2026-06-14 16:58:00,0,Not in any playlist,False
bien - reset rewind,Bien,Reset Rewind,1,1.1009166666666668,2026-05-27 07:41:00,2026-05-27 07:41:00,0,Not in any playlist,False
bien - true love,Bien,True Love,1,2.8444333333333334,2026-01-06 19:04:00,2026-01-06 19:04:00,0,Not in any playlist,False
"big mountain - baby, i love your way",Big Mountain,"Baby, I Love Your Way",1,0.056266666666666666,2026-03-27 07:19:00,2026-03-27 07:19:00,0,Not in any playlist,False
big red machine - renegade,Big Red Machine,Renegade,1,0.24321666666666666,2025-08-02 14:00:00,2025-08-02 14:00:00,0,Not in any playlist,False
big sean - i don't fuck with you,Big Sean,I Don't Fuck With You,6,15.415316666666666,2026-04-23 20:02:00,2026-06-15 13:39:00,1,"Volume up ,logic down",False
billie eilish - birds of a feather,Billie Eilish,BIRDS OF A FEATHER,1,0.1269,2026-05-02 06:46:00,2026-05-02 06:46:00,0,Not in any playlist,False
billie eilish - everything i wanted,,,0,0.0,,,1,KIARA,False
billie eilish - l’amour de ma vie,Billie Eilish,L’AMOUR DE MA VIE,1,0.16736666666666666,2026-05-02 06:54:00,2026-05-02 06:54:00,0,Not in any playlist,False
binaural beats isochronic tones lab - 396 hz liberating guilt and fear,Binaural Beats Isochronic Tones Lab,396 Hz Liberating Guilt and Fear,3,60.0,2026-04-18 22:32:00,2026-04-25 02:57:00,0,Not in any playlist,False
black eyed peas - just can’t get enough,Black Eyed Peas,Just Can’t Get Enough,1,0.0407,2026-01-06 15:22:00,2026-01-06 15:22:00,0,Not in any playlist,False
blackpink - as if it's your last,BLACKPINK,As If It's Your Last,1,0.5713833333333334,2026-03-02 15:11:00,2026-03-02 15:11:00,1,Kpop,False
blackpink - boombayah,,,0,0.0,,,1,Kpop,False
blackpink - crazy over you,BLACKPINK,Crazy Over You,2,5.4648666666666665,2025-10-08 13:14:00,2026-02-10 10:40:00,1,Kpop,False
blackpink - ddu-du ddu-du,BLACKPINK,DDU-DU DDU-DU,4,7.483966666666666,2025-10-08 12:43:00,2026-06-09 14:47:00,1,Kpop,False
blackpink - forever young,BLACKPINK,Forever Young,1,3.985,2026-03-03 05:14:00,2026-03-03 05:14:00,1,Kpop,False
blackpink - how you like that,BLACKPINK,How You Like That,1,0.023566666666666666,2025-09-08 19:22:00,2025-09-08 19:22:00,0,Not in any playlist,False
blackpink - ice cream (with selena gomez),BLACKPINK,Ice Cream (with Selena Gomez),4,11.854166666666668,2025-10-08 13:08:00,2026-04-17 14:43:00,1,Kpop,False
blackpink - jump,BLACKPINK,JUMP,2,0.9351666666666667,2025-07-24 20:47:00,2025-08-09 05:16:00,1,Kpop,False
blackpink - kill this love,BLACKPINK,Kill This Love,2,3.13695,2025-10-08 13:02:00,2025-11-23 12:08:00,1,Kpop,False
blackpink - love to hate me,,,0,0.0,,,1,Kpop,False
blackpink - lovesick girls,BLACKPINK,Lovesick Girls,1,3.2460833333333334,2025-07-10 17:25:00,2025-07-10 17:25:00,1,Kpop,False
blackpink - pink venom,BLACKPINK,Pink Venom,2,6.232150000000001,2025-10-08 12:49:00,2025-11-23 11:50:00,1,Kpop,False
blackpink - playing with fire,BLACKPINK,PLAYING WITH FIRE,3,9.864416666666667,2025-10-16 09:18:00,2026-04-17 14:17:00,1,Kpop,False
blackpink - pretty savage,BLACKPINK,Pretty Savage,3,7.026983333333334,2025-11-23 11:26:00,2026-02-09 18:42:00,1,Kpop,False
blackpink - shut down,BLACKPINK,Shut Down,4,11.725933333333334,2025-06-22 19:56:00,2025-11-23 11:08:00,1,Kpop,False
blackpink - typa girl,BLACKPINK,Typa Girl,2,5.972433333333333,2025-10-08 12:46:00,2025-11-23 11:01:00,1,Kpop,False
blackpink - whistle,BLACKPINK,WHISTLE,2,7.0544,2026-02-15 04:31:00,2026-03-02 16:00:00,1,Kpop,False
blackstreet - we gonna take u back (lude) / don't leave me,Blackstreet,We Gonna Take U Back (Lude) / Don't Leave Me,1,0.0357,2026-01-06 15:22:00,2026-01-06 15:22:00,0,Not in any playlist,False
"bobby v. - slow down - 12"" version",Bobby V.,"Slow Down - 12"" Version",2,0.23463333333333336,2026-03-13 05:51:00,2026-03-13 05:51:00,0,Not in any playlist,False
bol4 - some,BOL4,Some,1,3.022883333333333,2026-02-15 04:24:00,2026-02-15 04:24:00,1,Kpop,False
bonge la nyau - nipe matamu,Bonge La Nyau,Nipe Matamu,1,0.036833333333333336,2025-08-28 09:22:00,2025-08-28 09:22:00,0,Not in any playlist,False
boyz ii men - end of the road,Boyz II Men,End Of The Road,1,0.0339,2026-03-13 05:55:00,2026-03-13 05:55:00,0,Not in any playlist,False
bracket - yori yori,Bracket,Yori Yori,2,3.6742666666666666,2025-07-03 16:08:00,2025-12-19 18:01:00,0,Not in any playlist,False
brandy - the boy is mine,Brandy,The Boy Is Mine,8,15.102383333333332,2026-03-13 05:52:00,2026-06-16 11:03:00,1,R&B,False
brandy - the boy is mine - radio edit,Brandy,The Boy Is Mine - Radio Edit,1,2.911016666666667,2026-04-23 20:05:00,2026-04-23 20:05:00,0,Not in any playlist,True
brandy maina - trust no 1,Brandy Maina,Trust No 1,12,32.21691666666667,2026-01-19 15:19:00,2026-06-09 20:41:00,2,"Kenyan tunes, R&B",False
brent faiyaz - all mine,Brent Faiyaz,ALL MINE,1,0.0536,2026-01-12 18:36:00,2026-01-12 18:36:00,0,Not in any playlist,False
brent faiyaz - best time,Brent Faiyaz,Best Time,1,1.37515,2025-12-05 07:34:00,2025-12-05 07:34:00,0,Not in any playlist,False
brent faiyaz - peter pan.,Brent Faiyaz,peter pan.,1,0.04956666666666667,2025-07-09 21:48:00,2025-07-09 21:48:00,0,Not in any playlist,False
brent faiyaz - tony soprano.,Brent Faiyaz,tony soprano.,1,0.055883333333333333,2025-07-09 21:47:00,2025-07-09 21:47:00,0,Not in any playlist,False
brick & lace - love is wicked,Brick & Lace,Love Is Wicked,2,0.07181666666666667,2026-03-13 05:55:00,2026-03-13 05:55:00,0,Not in any playlist,False
bridget blue - kesho,Bridget Blue,Kesho,4,8.1309,2026-01-06 19:15:00,2026-06-09 21:02:00,0,Not in any playlist,False
bridget blue - nairobi streets,Bridget Blue,Nairobi Streets,4,10.3177,2026-05-27 07:36:00,2026-06-14 17:37:00,0,Not in any playlist,False
bright - ndoa,Bright,Ndoa,1,0.021366666666666666,2025-08-28 09:22:00,2025-08-28 09:22:00,0,Not in any playlist,False
brock - these chicks freestyle,Brock,These Chicks Freestyle,1,0.04655,2026-04-23 20:12:00,2026-04-23 20:12:00,0,Not in any playlist,False
bruce melodie - katerina,Bruce Melodie,Katerina,3,13.774383333333333,2026-05-27 07:30:00,2026-06-14 17:03:00,0,Not in any playlist,False
bruce melodie - sawa sawa,Bruce Melodie,Sawa Sawa,2,0.030983333333333335,2025-08-28 07:50:00,2025-08-28 09:23:00,0,Not in any playlist,False
bruklin - daydreaming,Bruklin,Daydreaming,2,5.117633333333333,2025-06-30 20:56:00,2025-08-08 14:30:00,0,Not in any playlist,False
bruno mars - 24k magic,Bruno Mars,24K Magic,2,4.993483333333334,2025-12-12 08:37:00,2026-04-15 14:02:00,0,Not in any playlist,False
bruno mars - after last night (with thundercat & bootsy collins),Bruno Mars,After Last Night (with Thundercat & Bootsy Collins),2,4.51155,2025-11-18 14:30:00,2025-12-12 08:12:00,0,Not in any playlist,False
bruno mars - calling all my lovelies,Bruno Mars,Calling All My Lovelies,5,8.701233333333334,2025-10-15 11:59:00,2026-04-15 10:44:00,1,❤️😍,False
bruno mars - cha cha cha,Bruno Mars,Cha Cha Cha,5,19.7133,2026-04-15 10:48:00,2026-06-20 08:10:00,2,"R&B, ❤️😍",True
bruno mars - chunky,Bruno Mars,Chunky,1,3.116216666666667,2026-04-15 14:00:00,2026-04-15 14:00:00,0,Not in any playlist,False
bruno mars - count on me,Bruno Mars,Count on Me,1,3.291166666666667,2026-04-15 10:56:00,2026-04-15 10:56:00,0,Not in any playlist,False
bruno mars - dance with me,Bruno Mars,Dance With Me,1,3.6548,2026-04-13 08:10:00,2026-04-13 08:10:00,0,Not in any playlist,False
bruno mars - finesse,Bruno Mars,Finesse,2,6.366666666666666,2025-12-12 07:55:00,2026-06-20 08:19:00,1,❤️😍,False
bruno mars - finesse - remix; feat. cardi b,Bruno Mars,Finesse - Remix; feat. Cardi B,1,3.6214833333333334,2025-12-12 08:06:00,2025-12-12 08:06:00,0,Not in any playlist,False
bruno mars - god was showing off,Bruno Mars,God Was Showing Off,2,3.5438333333333336,2026-04-13 07:43:00,2026-06-20 08:40:00,1,❤️😍,True
bruno mars - grenade,Bruno Mars,Grenade,2,7.403033333333333,2025-12-12 08:23:00,2026-01-26 11:32:00,0,Not in any playlist,False
bruno mars - i just might,Bruno Mars,I Just Might,1,0.10416666666666667,2026-02-04 03:50:00,2026-02-04 03:50:00,1,❤️😍,False
bruno mars - it will rain,Bruno Mars,It Will Rain,1,4.295333333333334,2025-12-12 07:47:00,2025-12-12 07:47:00,0,Not in any playlist,False
bruno mars - just the way you are,Bruno Mars,Just the Way You Are,1,3.6789,2025-12-12 08:16:00,2025-12-12 08:16:00,0,Not in any playlist,False
bruno mars - leave the door open,Bruno Mars,Leave The Door Open,11,31.3067,2025-12-12 07:52:00,2026-06-18 12:26:00,4,"Feelings, Life, Sensual, ❤️😍",True
bruno mars - locked out of heaven,Bruno Mars,Locked out of Heaven,1,3.8913166666666665,2025-12-12 08:27:00,2025-12-12 08:27:00,0,Not in any playlist,False
bruno mars - marry you,Bruno Mars,Marry You,2,7.6731,2025-12-12 08:02:00,2026-04-15 13:57:00,0,Not in any playlist,False
bruno mars - moonshine,Bruno Mars,Moonshine,1,3.80955,2026-04-13 08:20:00,2026-04-13 08:20:00,0,Not in any playlist,False
bruno mars - natalie,Bruno Mars,Natalie,2,7.5009,2026-04-13 08:24:00,2026-04-15 13:43:00,0,Not in any playlist,False
bruno mars - nothing left,Bruno Mars,Nothing Left,1,0.27213333333333334,2026-04-15 14:00:00,2026-04-15 14:00:00,1,❤️😍,False
bruno mars - risk it all,Bruno Mars,Risk It All,14,41.02576666666666,2026-04-13 07:47:00,2026-06-18 11:37:00,2,"R&B, ❤️😍",True
bruno mars - runaway baby,Bruno Mars,Runaway Baby,1,2.4741333333333335,2026-04-15 14:12:00,2026-04-15 14:12:00,0,Not in any playlist,False
bruno mars - show me,Bruno Mars,Show Me,1,0.010166666666666666,2026-04-13 08:25:00,2026-04-13 08:25:00,0,Not in any playlist,False
bruno mars - skate,Bruno Mars,Skate,2,5.852883333333333,2026-04-13 08:06:00,2026-04-15 14:14:00,0,Not in any playlist,False
bruno mars - something serious,,,0,0.0,,,1,❤️😍,False
bruno mars - straight up & down,Bruno Mars,Straight up & Down,1,3.3031166666666665,2026-04-15 13:50:00,2026-04-15 13:50:00,0,Not in any playlist,False
bruno mars - talking to the moon,Bruno Mars,Talking to the Moon,2,3.667883333333333,2025-12-12 08:30:00,2026-04-15 13:53:00,0,Not in any playlist,False
bruno mars - talking to the moon - acoustic piano,Bruno Mars,Talking to the Moon - Acoustic Piano,1,0.29488333333333333,2026-04-15 14:05:00,2026-04-15 14:05:00,0,Not in any playlist,False
bruno mars - that's what i like,Bruno Mars,That's What I Like,22,67.04656666666666,2025-07-08 20:21:00,2026-06-20 08:36:00,2,"Life, ❤️😍",False
bruno mars - the lazy song,Bruno Mars,The Lazy Song,4,12.607266666666666,2025-12-12 08:33:00,2026-06-14 15:55:00,0,Not in any playlist,True
bruno mars - the other side (feat. ceelo green and b.o.b),Bruno Mars,The Other Side (feat. CeeLo Green and B.o.B),1,3.8057833333333333,2026-04-15 10:53:00,2026-04-15 10:53:00,0,Not in any playlist,False
bruno mars - too good to say goodbye,Bruno Mars,Too Good to Say Goodbye,3,9.710016666666668,2025-10-15 12:04:00,2026-06-18 11:55:00,1,❤️😍,False
bruno mars - treasure,Bruno Mars,Treasure,1,2.976,2026-04-15 13:46:00,2026-04-15 13:46:00,0,Not in any playlist,False
bruno mars - versace on the floor,Bruno Mars,Versace on the Floor,9,34.83251666666666,2025-10-15 11:49:00,2026-06-20 08:15:00,1,❤️😍,False
bruno mars - when i was your man,Bruno Mars,When I Was Your Man,1,0.10548333333333333,2025-12-12 08:33:00,2025-12-12 08:33:00,0,Not in any playlist,False
bruno mars - why you wanna fight?,,,0,0.0,,,1,❤️😍,False
bryansanon - lets go crazy,Bryansanon,Lets Go Crazy,1,0.04016666666666667,2026-04-23 20:12:00,2026-04-23 20:12:00,0,Not in any playlist,False
bryansanon - move yo body,Bryansanon,MOVE YO BODY,1,0.08748333333333333,2026-04-23 20:12:00,2026-04-23 20:12:00,0,Not in any playlist,False
bryson tiller - don't,Bryson Tiller,Don't,11,29.884216666666667,2026-01-12 18:36:00,2026-06-16 11:19:00,1,R&B,False
bts - 00:00 (zero o’clock),BTS,00:00 (Zero O’Clock),7,23.378383333333332,2025-10-09 06:59:00,2026-03-03 11:20:00,1,Kpop,True
bts - 2.0,BTS,2.0,1,0.44483333333333336,2026-03-23 05:45:00,2026-03-23 05:45:00,1,Kpop,False
bts - a brand new day (bts world original soundtrack) (pt. 2),BTS,A Brand New Day (BTS World Original Soundtrack) (Pt. 2),1,3.417,2025-06-25 19:44:00,2025-06-25 19:44:00,0,Not in any playlist,False
bts - airplane pt.2,BTS,Airplane pt.2,1,3.6435833333333334,2025-10-09 06:01:00,2025-10-09 06:01:00,0,Not in any playlist,False
bts - aliens,BTS,Aliens,1,1.6856833333333334,2026-03-22 15:52:00,2026-03-22 15:52:00,1,Kpop,False
bts - black swan,BTS,Black Swan,2,0.03095,2025-09-08 19:22:00,2026-03-27 07:17:00,0,Not in any playlist,False
bts - blood sweat & tears,BTS,Blood Sweat & Tears,3,7.2350666666666665,2025-10-16 08:46:00,2026-02-10 07:39:00,1,Kpop,False
bts - body to body,BTS,Body to Body,1,3.1620833333333334,2026-03-22 18:40:00,2026-03-22 18:40:00,1,Kpop,False
bts - boy in luv,BTS,Boy in Luv,1,3.8463,2026-03-02 15:22:00,2026-03-02 15:22:00,1,Kpop,False
bts - boy with luv (feat. halsey),BTS,Boy With Luv (feat. Halsey),2,7.6591,2025-10-16 08:43:00,2025-11-23 10:45:00,1,Kpop,False
bts - burning up (fire),BTS,Burning Up (Fire),1,3.3892,2026-06-18 07:50:00,2026-06-18 07:50:00,0,Not in any playlist,False
bts - butter,BTS,Butter,3,5.486366666666666,2025-10-16 09:15:00,2026-02-10 19:27:00,1,Kpop,False
bts - come over,BTS,Come Over,2,3.085433333333333,2026-06-16 19:49:00,2026-06-19 19:02:00,0,Not in any playlist,False
bts - dimple,BTS,dimple,3,7.364883333333333,2025-10-16 08:53:00,2026-02-10 10:31:00,1,Kpop,False
bts - dna,BTS,DNA,2,7.437433333333333,2025-10-16 08:50:00,2025-11-23 10:58:00,1,Kpop,False
bts - dope,BTS,Dope,1,4.00035,2025-10-16 09:23:00,2025-10-16 09:23:00,1,Kpop,False
bts - dynamite,BTS,Dynamite,2,6.603366666666666,2025-07-10 17:38:00,2025-10-08 13:11:00,1,Kpop,False
bts - euphoria,BTS,Euphoria,9,23.453216666666666,2025-08-06 19:44:00,2026-05-05 12:18:00,1,Kpop,True
bts - fake love,BTS,FAKE LOVE,7,28.272266666666667,2025-06-22 20:00:00,2026-06-17 11:20:00,1,Kpop,False
bts - filter,BTS,Filter,2,3.0106,2025-06-26 05:51:00,2025-06-27 19:53:00,0,Not in any playlist,False
bts - fya,BTS,FYA,1,2.9617833333333334,2026-03-21 18:30:00,2026-03-21 18:30:00,0,Not in any playlist,False
bts - go go,BTS,Go Go,1,3.92965,2025-10-08 13:18:00,2025-10-08 13:18:00,1,Kpop,False
bts - house of cards (full length edition),BTS,House of Cards (Full Length Edition),1,0.030116666666666667,2026-03-27 07:17:00,2026-03-27 07:17:00,0,Not in any playlist,False
bts - i need u,BTS,I Need U,1,0.10108333333333333,2026-03-02 16:07:00,2026-03-02 16:07:00,1,Kpop,False
bts - idol,BTS,IDOL,2,7.4244,2025-06-27 20:05:00,2025-10-16 08:57:00,1,Kpop,False
bts - into the sun,BTS,Into the Sun,1,0.24621666666666667,2026-03-22 18:37:00,2026-03-22 18:37:00,0,Not in any playlist,False
bts - life goes on,BTS,Life Goes On,4,10.392066666666667,2025-09-08 19:22:00,2026-06-17 10:44:00,0,Not in any playlist,True
bts - like animals,BTS,Like Animals,2,5.5045,2026-03-22 18:33:00,2026-04-17 14:23:00,1,Kpop,False
bts - make it right,BTS,Make It Right,5,18.866333333333333,2025-07-13 13:43:00,2026-02-15 04:20:00,1,Kpop,True
bts - merry go round,BTS,Merry Go Round,1,0.18385,2026-03-21 18:24:00,2026-03-21 18:24:00,0,Not in any playlist,False
bts - mic drop,,,0,0.0,,,1,Kpop,False
bts - mikrokosmos,BTS,Mikrokosmos,1,3.7370833333333335,2026-06-18 08:26:00,2026-06-18 08:26:00,1,Kpop,False
bts - my time,BTS,My Time,1,3.9076166666666667,2026-06-14 15:51:00,2026-06-14 15:51:00,0,Not in any playlist,True
bts - n.o,,,0,0.0,,,1,Kpop,False
bts - no more dream,BTS,No More Dream,4,4.3839500000000005,2026-02-09 17:39:00,2026-04-17 15:17:00,1,Kpop,False
bts - normal,BTS,NORMAL,7,18.180400000000002,2026-03-21 18:27:00,2026-05-10 15:19:00,1,Kpop,True
bts - on,BTS,ON,1,4.106333333333334,2026-06-18 08:46:00,2026-06-18 08:46:00,0,Not in any playlist,False
bts - permission to dance,BTS,Permission to Dance,2,3.9227666666666665,2025-10-16 09:00:00,2026-03-02 16:24:00,1,Kpop,False
bts - pied piper,BTS,Pied Piper,2,4.121533333333333,2026-03-27 07:17:00,2026-06-18 08:08:00,0,Not in any playlist,False
bts - run bts,BTS,Run BTS,4,5.94865,2025-09-08 19:22:00,2026-06-17 11:02:00,0,Not in any playlist,False
bts - spring day,,,0,0.0,,,1,Kpop,False
bts - swim,BTS,SWIM,1,1.9828333333333332,2026-03-22 18:45:00,2026-03-22 18:45:00,1,Kpop,False
bts - they don’t know ’bout us,BTS,they don’t know ’bout us,1,2.73735,2026-06-16 12:58:00,2026-06-16 12:58:00,1,Kpop,False
bts - yet to come,BTS,Yet To Come,2,6.453116666666666,2026-02-13 19:35:00,2026-04-17 15:00:00,1,Kpop,False
buddy guy - ain't no sunshine,Buddy Guy,Ain't No Sunshine,1,0.02178333333333333,2026-01-06 15:24:00,2026-01-06 15:24:00,0,Not in any playlist,False
burna boy - gbona,Burna Boy,Gbona,2,6.253633333333333,2025-08-03 19:10:00,2026-01-28 15:22:00,1,Dance away,False
burna boy - tatata (feat. travis scott),Burna Boy,TaTaTa (feat. Travis Scott),1,0.16253333333333334,2025-08-12 07:31:00,2025-08-12 07:31:00,0,Not in any playlist,False
bülow - you & jennifer,bülow,You & Jennifer,1,0.03556666666666667,2025-07-09 21:42:00,2025-07-09 21:42:00,0,Not in any playlist,False
c4 pedro - love again (feat. sauti sol),C4 Pedro,Love Again (feat. Sauti Sol),7,27.992733333333334,2025-07-29 16:23:00,2026-05-23 09:12:00,1,Kenyan tunes,False
c4 pedro - posa,C4 Pedro,Posa,1,3.4431,2025-07-03 16:00:00,2025-07-03 16:00:00,0,Not in any playlist,False
c4 pedro - tu és a mulher,C4 Pedro,Tu És a Mulher,1,4.6146666666666665,2025-07-03 16:26:00,2025-07-03 16:26:00,0,Not in any playlist,False
calen mirren - energy protection,Calen Mirren,Energy Protection,1,3.583816666666667,2026-04-25 07:02:00,2026-04-25 07:02:00,0,Not in any playlist,False
"calvin harris - feels (feat. pharrell williams, katy perry & big sean)",Calvin Harris,"Feels (feat. Pharrell Williams, Katy Perry & Big Sean)",7,11.57905,2026-01-05 07:51:00,2026-06-16 08:55:00,0,Not in any playlist,True
calvin harris - this is what you came for,Calvin Harris,This Is What You Came For,1,3.6983333333333333,2026-03-24 11:22:00,2026-03-24 11:22:00,0,Not in any playlist,False
camila cabello - havana (feat. young thug),Camila Cabello,Havana (feat. Young Thug),1,3.621783333333333,2025-10-15 07:40:00,2025-10-15 07:40:00,0,Not in any playlist,False
camila cabello - my oh my (feat. dababy),Camila Cabello,My Oh My (feat. DaBaby),10,25.648116666666667,2025-07-08 20:29:00,2026-04-17 13:38:00,1,Life,False
camila cabello - never be the same,Camila Cabello,Never Be the Same,3,7.6841333333333335,2025-06-20 20:32:00,2025-12-09 13:55:00,0,Not in any playlist,False
camila cabello - shameless,Camila Cabello,Shameless,3,10.9868,2025-10-09 07:56:00,2025-12-03 16:09:00,0,Not in any playlist,False
cardi b - bodak yellow,Cardi B,Bodak Yellow,1,3.72855,2026-06-16 11:48:00,2026-06-16 11:48:00,0,Not in any playlist,False
cardi b - please me,Cardi B,Please Me,33,94.19826666666667,2025-07-21 07:03:00,2026-06-20 10:00:00,4,"Life, R&B, Sensual, ❤️😍",True
cardi b - up,Cardi B,Up,3,5.2789,2026-04-15 18:49:00,2026-06-16 12:07:00,0,Not in any playlist,False
cardi b - wap (feat. megan thee stallion),Cardi B,WAP (feat. Megan Thee Stallion),1,2.9874,2026-04-15 19:50:00,2026-04-15 19:50:00,0,Not in any playlist,False
carl storm - with you in the morning,Carl Storm,With You in the Morning,6,9.932516666666666,2025-06-25 20:04:00,2026-02-15 07:37:00,1,Sensual,True
cashmere cat - adore,Cashmere Cat,Adore,2,3.61595,2026-05-02 06:50:00,2026-05-02 08:00:00,0,Not in any playlist,False
cass nova - nightwatch vibe,Cass Nova,Nightwatch Vibe,1,0.37775,2025-11-25 09:59:00,2025-11-25 09:59:00,0,Not in any playlist,False
cassie - long way 2 go,Cassie,Long Way 2 Go,2,2.560366666666667,2026-03-13 05:50:00,2026-05-29 06:12:00,0,Not in any playlist,False
cassie - me & u,Cassie,Me & U,1,0.043083333333333335,2026-03-13 05:53:00,2026-03-13 05:53:00,0,Not in any playlist,False
cassper nyovest - my heart - coke studio south africa: season 2,Cassper Nyovest,My Heart - Coke Studio South Africa: Season 2,1,0.01948333333333333,2025-08-28 07:48:00,2025-08-28 07:48:00,0,Not in any playlist,False
casting crowns - glorious day (living he loved me),Casting Crowns,Glorious Day (Living He Loved Me),3,0.7552666666666668,2025-11-26 09:56:00,2026-02-13 15:42:00,0,Not in any playlist,False
ceechynaa - peggy,Ceechynaa,Peggy,1,0.03233333333333333,2026-04-23 20:15:00,2026-04-23 20:15:00,0,Not in any playlist,False
celina sharma - 24/7,Celina Sharma,24/7,14,35.6013,2025-08-06 19:40:00,2026-03-28 08:54:00,1,Life,True
central cee - band4band (feat. lil baby),Central Cee,BAND4BAND (feat. Lil Baby),2,4.6996,2025-07-15 20:00:00,2025-08-03 19:14:00,1,Dance away,False
chakra frequencies - optimal health (528 hz),Chakra Frequencies,Optimal Health (528 Hz),4,16.1003,2026-04-19 00:44:00,2026-04-24 23:19:00,0,Not in any playlist,False
charice - pyramid (feat. iyaz),Charice,Pyramid (feat. Iyaz),1,0.029933333333333333,2026-01-06 15:21:00,2026-01-06 15:21:00,0,Not in any playlist,False
charisma - sina noma,Charisma,SINA NOMA,1,3.1517166666666667,2025-10-14 18:03:00,2025-10-14 18:03:00,0,Not in any playlist,False
charli xcx - party 4 u,Charli xcx,party 4 u,1,0.027766666666666665,2026-03-24 10:26:00,2026-03-24 10:26:00,0,Not in any playlist,False
charlie puth - attention,Charlie Puth,Attention,13,40.75086666666667,2025-06-20 20:20:00,2026-05-31 18:53:00,2,"KIARA, Life",False
charlie puth - how long,Charlie Puth,How Long,1,0.86965,2026-01-30 08:22:00,2026-01-30 08:22:00,0,Not in any playlist,False
charlie puth - light switch,Charlie Puth,Light Switch,5,9.885316666666666,2025-10-09 06:39:00,2026-03-10 11:09:00,0,Not in any playlist,True
charlie puth - we don't talk anymore (feat. selena gomez),Charlie Puth,We Don't Talk Anymore (feat. Selena Gomez),3,3.8980333333333332,2026-01-08 18:05:00,2026-01-30 08:25:00,0,Not in any playlist,False
chase atlantic - 23,Chase Atlantic,23,2,9.261333333333333,2026-02-09 10:44:00,2026-03-23 09:40:00,1,Chase Atlantic,False
chase atlantic - aleyuh,Chase Atlantic,ALEYUH,1,3.19645,2026-03-07 05:30:00,2026-03-07 05:30:00,1,Chase Atlantic,False
chase atlantic - anchor tattoo,Chase Atlantic,Anchor Tattoo,1,3.7792,2026-03-23 05:10:00,2026-03-23 05:10:00,1,Chase Atlantic,False
chase atlantic - angeline,Chase Atlantic,Angeline,2,4.137133333333333,2026-03-07 05:46:00,2026-05-03 17:44:00,1,Chase Atlantic,False
chase atlantic - angels,Chase Atlantic,ANGELS,1,4.304666666666667,2026-03-23 09:45:00,2026-03-23 09:45:00,1,Chase Atlantic,False
chase atlantic - beauty in death,Chase Atlantic,BEAUTY IN DEATH,2,3.0391000000000004,2026-02-09 07:45:00,2026-02-09 10:35:00,1,Chase Atlantic,False
chase atlantic - call me back,Chase Atlantic,CALL ME BACK,2,8.166666666666666,2026-02-09 10:52:00,2026-03-23 11:10:00,1,Chase Atlantic,False
chase atlantic - cassie,Chase Atlantic,Cassie,3,7.0647166666666665,2025-12-05 18:05:00,2026-05-03 17:47:00,1,Chase Atlantic,False
chase atlantic - church,Chase Atlantic,Church,1,3.6666666666666665,2026-02-23 18:31:00,2026-02-23 18:31:00,1,Chase Atlantic,False
chase atlantic - chxse,,,0,0.0,,,1,Chase Atlantic,False
chase atlantic - cold nights,Chase Atlantic,COLD NIGHTS,3,9.599499999999999,2025-12-05 17:57:00,2026-02-23 19:19:00,1,Chase Atlantic,False
chase atlantic - consume (feat. goon des garcons),Chase Atlantic,Consume (feat. Goon Des Garcons),5,17.861833333333333,2025-11-25 08:30:00,2026-05-03 17:44:00,1,Chase Atlantic,False
chase atlantic - dancer in the dark,Chase Atlantic,Dancer in the Dark,1,4.203116666666666,2025-12-05 18:16:00,2025-12-05 18:16:00,1,Chase Atlantic,False
chase atlantic - devilish,Chase Atlantic,DEVILISH,6,8.7279,2025-08-17 06:16:00,2026-03-23 12:32:00,2,"1 A.M, Chase Atlantic",False
chase atlantic - die for me,Chase Atlantic,DIE FOR ME,3,10.34075,2025-12-05 19:33:00,2026-02-15 06:08:00,1,Chase Atlantic,False
chase atlantic - disconnected,Chase Atlantic,DISCONNECTED,2,4.622783333333333,2025-10-09 13:29:00,2025-11-20 07:36:00,1,Sensual,True
chase atlantic - doubt it,,,0,0.0,,,1,Chase Atlantic,False
chase atlantic - drugs & money - new mix,Chase Atlantic,Drugs & Money - New Mix,10,27.1724,2025-10-09 08:03:00,2026-06-20 09:11:00,3,"Chase Atlantic, Sensual, ❤️😍",True
chase atlantic - empty,,,0,0.0,,,1,Chase Atlantic,False
chase atlantic - escort,Chase Atlantic,ESCORT,1,3.6470666666666665,2026-03-23 06:10:00,2026-03-23 06:10:00,1,Chase Atlantic,False
chase atlantic - even though i'm depressed,Chase Atlantic,EVEN THOUGH I'M DEPRESSED,3,7.248166666666666,2025-12-05 18:45:00,2026-04-01 12:06:00,1,Chase Atlantic,False
chase atlantic - falling,Chase Atlantic,Falling,1,3.720666666666667,2026-02-09 11:07:00,2026-02-09 11:07:00,1,Chase Atlantic,False
chase atlantic - friends,Chase Atlantic,Friends,5,19.02475,2025-11-25 08:26:00,2026-06-09 12:01:00,1,Chase Atlantic,False
chase atlantic - gravity,Chase Atlantic,Gravity,3,11.021566666666667,2025-12-05 18:23:00,2026-03-23 11:29:00,1,Chase Atlantic,False
chase atlantic - greengreengreen,Chase Atlantic,GREENGREENGREEN,2,3.21655,2025-12-05 18:38:00,2026-03-19 05:10:00,1,Chase Atlantic,False
chase atlantic - heaven and back,Chase Atlantic,HEAVEN AND BACK,10,29.29253333333333,2025-10-09 08:21:00,2026-04-01 12:17:00,3,"1 A.M, Chase Atlantic, Sensual",True
chase atlantic - her,Chase Atlantic,HER,1,2.828666666666667,2026-02-15 06:26:00,2026-02-15 06:26:00,1,Chase Atlantic,False
chase atlantic - hold your breath,Chase Atlantic,Hold Your Breath,2,7.697066666666666,2026-03-19 05:19:00,2026-06-09 11:57:00,1,Chase Atlantic,False
chase atlantic - i don't like darkness,Chase Atlantic,I DON'T LIKE DARKNESS,2,3.6768833333333335,2025-12-05 18:19:00,2026-02-15 06:08:00,1,Chase Atlantic,False
chase atlantic - i never existed,Chase Atlantic,I NEVER EXISTED,4,9.18455,2025-12-05 19:16:00,2026-04-01 13:12:00,1,Chase Atlantic,False
chase atlantic - i think i’m lost again,Chase Atlantic,I THINK I’M LOST AGAIN,4,10.588766666666666,2025-12-05 18:35:00,2026-03-23 11:02:00,1,Chase Atlantic,False
chase atlantic - into it,Chase Atlantic,Into It,16,39.58646666666667,2025-10-15 11:24:00,2026-06-18 09:47:00,3,"1 A.M, Chase Atlantic, ❤️😍",False
chase atlantic - intro,Chase Atlantic,INTRO,1,2.0411166666666665,2026-03-23 11:22:00,2026-03-23 11:22:00,1,Chase Atlantic,False
chase atlantic - keep it up,,,0,0.0,,,1,Chase Atlantic,False
chase atlantic - like a rockstar,,,0,0.0,,,1,Chase Atlantic,False
chase atlantic - love is (not) easy,Chase Atlantic,LOVE IS (NOT) EASY,5,10.017183333333332,2025-12-05 19:22:00,2026-03-19 05:22:00,1,Chase Atlantic,False
chase atlantic - lust,Chase Atlantic,LUST,1,0.2949,2026-03-23 05:36:00,2026-03-23 05:36:00,1,Chase Atlantic,False
chase atlantic - mamacita,Chase Atlantic,MAMACITA,8,23.774916666666666,2025-10-09 06:52:00,2026-06-16 06:55:00,2,"Chase Atlantic, Sensual",True
chase atlantic - meddle about,Chase Atlantic,Meddle About,14,40.23736666666667,2025-10-15 11:44:00,2026-06-18 11:14:00,2,"Chase Atlantic, ❤️😍",False
chase atlantic - molly,Chase Atlantic,MOLLY,1,3.4686666666666666,2026-03-23 09:24:00,2026-03-23 09:24:00,1,Chase Atlantic,False
chase atlantic - moonlight,Chase Atlantic,Moonlight,10,41.189933333333336,2025-10-09 13:02:00,2026-06-16 09:43:00,3,"1 A.M, Chase Atlantic, Sensual",True
chase atlantic - no friends (feat. ilovemakonnen & k camp),Chase Atlantic,No Friends (feat. ILOVEMAKONNEN & K Camp),1,3.71555,2026-03-19 05:26:00,2026-03-19 05:26:00,1,Chase Atlantic,False
chase atlantic - no rainbows,Chase Atlantic,NO RAINBOWS,1,3.578,2026-03-23 11:06:00,2026-03-23 11:06:00,1,Chase Atlantic,False
chase atlantic - numb to the feeling,Chase Atlantic,Numb to the Feeling,2,7.586216666666667,2026-02-09 11:11:00,2026-03-23 05:13:00,1,Chase Atlantic,False
chase atlantic - obsessive,Chase Atlantic,Obsessive,4,12.100466666666666,2026-02-23 19:05:00,2026-06-09 08:57:00,1,Chase Atlantic,False
chase atlantic - ohmami,Chase Atlantic,OHMAMI,11,37.805933333333336,2025-10-09 07:02:00,2026-06-18 09:14:00,4,"1 A.M, Chase Atlantic, Sensual, ❤️😍",True
chase atlantic - ohmami - with maggie lindemann,Chase Atlantic,OHMAMI - With Maggie Lindemann,2,7.561466666666667,2025-12-05 18:49:00,2026-03-07 05:42:00,1,Chase Atlantic,False
chase atlantic - okay,,,0,0.0,,,1,Chase Atlantic,False
chase atlantic - out the roof,Chase Atlantic,OUT THE ROOF,1,3.2651166666666667,2026-03-23 09:52:00,2026-03-23 09:52:00,1,Chase Atlantic,False
chase atlantic - ozone,Chase Atlantic,Ozone,4,11.283916666666666,2025-10-09 13:25:00,2026-06-19 12:13:00,2,"Chase Atlantic, Sensual",True
chase atlantic - paranoid,Chase Atlantic,PARANOID,1,3.6686666666666667,2025-12-05 18:42:00,2025-12-05 18:42:00,1,Chase Atlantic,False
chase atlantic - phases,Chase Atlantic,PHASES,11,26.148833333333332,2025-10-09 07:41:00,2026-05-10 15:29:00,2,"Chase Atlantic, Sensual",True
chase atlantic - please stand by [feat. de’wayne & xavier mayne],Chase Atlantic,PLEASE STAND BY [Feat. DE’WAYNE & Xavier Mayne],1,3.4182166666666665,2026-04-01 12:25:00,2026-04-01 12:25:00,1,Chase Atlantic,False
chase atlantic - pleasexanny,Chase Atlantic,PLEASEXANNY,2,3.4557,2026-03-19 05:38:00,2026-03-23 11:19:00,1,Chase Atlantic,False
chase atlantic - right here,Chase Atlantic,Right Here,4,15.666666666666666,2025-12-05 19:01:00,2026-03-23 09:58:00,1,Chase Atlantic,False
chase atlantic - roxanne,Chase Atlantic,Roxanne,2,5.5414666666666665,2026-02-15 06:41:00,2026-04-01 12:40:00,1,Chase Atlantic,False
chase atlantic - run away,Chase Atlantic,Run Away,2,6.441783333333333,2026-02-23 19:11:00,2026-03-23 06:18:00,1,Chase Atlantic,False
chase atlantic - slide,Chase Atlantic,SLIDE,3,7.961883333333333,2025-12-05 17:54:00,2026-02-12 19:14:00,1,Chase Atlantic,False
chase atlantic - slow down,Chase Atlantic,Slow Down,5,14.078116666666666,2025-09-08 19:21:00,2026-03-23 09:31:00,3,"1 A.M, Chase Atlantic, Sensual",True
chase atlantic - stranger things,Chase Atlantic,STRANGER THINGS,1,2.8,2025-12-05 18:07:00,2025-12-05 18:07:00,1,Chase Atlantic,False
chase atlantic - stuckinmybrain,,,0,0.0,,,1,Chase Atlantic,False
chase atlantic - swim,Chase Atlantic,Swim,22,58.421483333333335,2025-07-08 20:04:00,2026-06-20 08:43:00,4,"1 A.M, Chase Atlantic, Sensual, ❤️😍",True
chase atlantic - talk slow,Chase Atlantic,Talk Slow,2,4.40855,2025-12-05 18:57:00,2026-02-09 07:15:00,1,Chase Atlantic,False
chase atlantic - the walls,Chase Atlantic,The Walls,2,6.5675333333333334,2026-02-12 19:43:00,2026-04-01 12:21:00,1,Chase Atlantic,False
chase atlantic - tidal wave,Chase Atlantic,Tidal Wave,8,24.399933333333333,2025-06-25 19:33:00,2026-06-20 09:14:00,2,"Chase Atlantic, Sensual",True
chase atlantic - too late,Chase Atlantic,TOO LATE,1,3.206,2026-02-15 06:23:00,2026-02-15 06:23:00,1,Chase Atlantic,False
chase atlantic - triggered,Chase Atlantic,Triggered,1,0.60265,2026-03-07 05:31:00,2026-03-07 05:31:00,1,Chase Atlantic,False
chase atlantic - uncomfortable,Chase Atlantic,Uncomfortable,2,5.771816666666666,2025-12-05 19:12:00,2026-04-01 12:11:00,1,Chase Atlantic,False
chase atlantic - vibes,Chase Atlantic,Vibes,3,8.529433333333333,2026-02-15 06:12:00,2026-06-08 14:09:00,1,Chase Atlantic,False
chase atlantic - victory lap [feat. de’wayne],Chase Atlantic,VICTORY LAP [Feat. DE’WAYNE],7,17.83278333333333,2025-10-09 08:10:00,2026-06-16 10:00:00,0,Not in any playlist,True
chase atlantic - wasted,Chase Atlantic,WASTED,1,2.9166666666666665,2025-12-05 19:04:00,2025-12-05 19:04:00,1,Chase Atlantic,False
chase atlantic - what u call that,Chase Atlantic,WHAT U CALL THAT,2,6.92755,2026-03-23 09:36:00,2026-05-23 08:22:00,1,Chase Atlantic,False
chase atlantic - why stop now,Chase Atlantic,Why Stop Now,3,11.1439,2025-12-05 19:29:00,2026-03-23 05:05:00,1,Chase Atlantic,False
chase atlantic - you too.,Chase Atlantic,YOU TOO.,2,6.2617666666666665,2026-02-09 07:26:00,2026-03-23 06:14:00,1,Chase Atlantic,False
chase shakur - mhmm (with rimon),Chase Shakur,MHMM (with RIMON),1,0.23101666666666668,2025-07-09 21:50:00,2025-07-09 21:50:00,0,Not in any playlist,False
"chef boy - take it off ""lights off""",Chef Boy,"Take it off ""Lights off""",1,2.2769,2026-06-15 13:47:00,2026-06-15 13:47:00,1,"Volume up ,logic down",False
chege - waache waoane,Chege,Waache Waoane,28,58.712516666666666,2025-08-28 07:48:00,2026-05-23 10:34:00,1,OG😝,True
chella - my darling - mpenzi wangu,Chella,My Darling - Mpenzi Wangu,1,0.04185,2025-08-28 08:17:00,2025-08-28 08:17:00,0,Not in any playlist,False
chlöe - how does it feel,Chlöe,How Does It Feel,1,2.777066666666667,2025-12-05 07:58:00,2025-12-05 07:58:00,0,Not in any playlist,False
chris brown - angel numbers / ten toes,Chris Brown,Angel Numbers / Ten Toes,5,22.93691666666667,2025-08-03 19:39:00,2026-06-07 07:16:00,1,Dance away,False
chris brown - back to sleep,Chris Brown,Back To Sleep,2,0.04825,2026-03-13 05:51:00,2026-03-13 05:58:00,0,Not in any playlist,False
chris brown - bouncing / g5,Chris Brown,Bouncing / G5,1,2.94285,2025-08-12 06:53:00,2025-08-12 06:53:00,1,Dance away,False
chris brown - city girls,Chris Brown,City Girls,1,0.0426,2026-03-13 05:57:00,2026-03-13 05:57:00,0,Not in any playlist,False
chris brown - delusional,Chris Brown,Delusional,1,0.020383333333333333,2026-03-13 05:58:00,2026-03-13 05:58:00,0,Not in any playlist,False
chris brown - deuces (feat. tyga & kevin mccall),Chris Brown,Deuces (feat. Tyga & Kevin McCall),3,0.10906666666666667,2026-03-13 05:49:00,2026-03-13 05:57:00,0,Not in any playlist,False
chris brown - don't judge me,Chris Brown,Don't Judge Me,1,0.023816666666666667,2026-03-13 05:51:00,2026-03-13 05:51:00,0,Not in any playlist,False
chris brown - don't think they know (feat. aaliyah),Chris Brown,Don't Think They Know (feat. Aaliyah),1,0.03345,2026-03-13 05:52:00,2026-03-13 05:52:00,0,Not in any playlist,False
chris brown - fallin' (feat. leon thomas),Chris Brown,Fallin' (feat. Leon Thomas),2,4.7305,2026-05-26 07:50:00,2026-06-20 08:06:00,0,Not in any playlist,False
chris brown - feel something,Chris Brown,Feel Something,2,0.0616,2026-01-12 18:36:00,2026-03-13 05:58:00,0,Not in any playlist,False
chris brown - forever,Chris Brown,Forever,1,0.04975,2026-03-13 05:54:00,2026-03-13 05:54:00,0,Not in any playlist,False
chris brown - gimme that,Chris Brown,Gimme That,1,0.04635,2026-03-13 05:51:00,2026-03-13 05:51:00,0,Not in any playlist,False
chris brown - gimme that remix (feat. lil' wayne),Chris Brown,Gimme That Remix (feat. Lil' Wayne),1,0.0321,2026-03-13 05:55:00,2026-03-13 05:55:00,0,Not in any playlist,False
chris brown - girl you loud,Chris Brown,Girl You Loud,4,3.9013166666666663,2026-01-12 18:35:00,2026-06-16 10:10:00,1,Sensual,True
chris brown - go crazy,Chris Brown,Go Crazy,3,8.847999999999999,2025-07-16 19:17:00,2026-06-16 20:05:00,1,Dance away,False
chris brown - holy blindfold,Chris Brown,Holy Blindfold,1,0.0227,2025-07-09 21:48:00,2025-07-09 21:48:00,0,Not in any playlist,False
chris brown - it depends (feat. bryson tiller),Chris Brown,It Depends (feat. Bryson Tiller),1,4.53125,2025-12-05 07:22:00,2025-12-05 07:22:00,0,Not in any playlist,False
chris brown - kiss kiss (feat. t-pain),Chris Brown,Kiss Kiss (feat. T-Pain),1,0.0399,2026-03-13 05:52:00,2026-03-13 05:52:00,0,Not in any playlist,False
chris brown - lights out (feat. fat trel),Chris Brown,Lights Out (feat. Fat Trel),1,0.0566,2026-01-12 18:37:00,2026-01-12 18:37:00,0,Not in any playlist,False
chris brown - loyal (feat. lil wayne & tyga),Chris Brown,Loyal (feat. Lil Wayne & Tyga),1,4.415633333333333,2025-12-05 09:32:00,2025-12-05 09:32:00,0,Not in any playlist,False
chris brown - new flame (feat. usher & rick ross),Chris Brown,New Flame (feat. Usher & Rick Ross),3,0.07696666666666666,2025-10-11 18:28:00,2026-03-13 05:57:00,0,Not in any playlist,False
chris brown - next to you (feat. justin bieber),Chris Brown,Next To You (feat. Justin Bieber),1,0.08706666666666667,2026-03-13 05:50:00,2026-03-13 05:50:00,0,Not in any playlist,False
chris brown - no guidance (feat. drake),Chris Brown,No Guidance (feat. Drake),3,4.368933333333334,2025-08-03 18:57:00,2025-08-12 06:47:00,1,Dance away,False
chris brown - questions,Chris Brown,Questions,2,4.315916666666666,2025-07-16 19:22:00,2025-08-03 18:59:00,1,Dance away,False
chris brown - residuals,Chris Brown,Residuals,2,7.1726,2025-10-10 19:34:00,2025-12-05 09:22:00,0,Not in any playlist,False
chris brown - run it! (feat. juelz santana),Chris Brown,Run It! (feat. Juelz Santana),2,0.13625,2026-03-13 05:55:00,2026-04-23 19:56:00,0,Not in any playlist,False
chris brown - say goodbye,Chris Brown,Say Goodbye,1,0.028633333333333334,2026-03-13 05:52:00,2026-03-13 05:52:00,0,Not in any playlist,False
chris brown - sensational (feat. davido & lojay),Chris Brown,Sensational (feat. Davido & Lojay),2,4.016266666666667,2025-07-16 19:45:00,2025-12-05 06:40:00,1,Dance away,False
chris brown - take you down,Chris Brown,Take You Down,1,0.02905,2026-03-13 05:50:00,2026-03-13 05:50:00,0,Not in any playlist,False
chris brown - under the influence,Chris Brown,Under The Influence,4,9.2437,2025-10-02 19:26:00,2026-05-28 07:37:00,0,Not in any playlist,False
chris brown - wall to wall,Chris Brown,Wall To Wall,1,0.030133333333333335,2026-03-13 05:51:00,2026-03-13 05:51:00,0,Not in any playlist,False
chris brown - wet the bed (feat. ludacris),Chris Brown,Wet The Bed (feat. Ludacris),1,0.06823333333333333,2026-03-13 05:50:00,2026-03-13 05:50:00,0,Not in any playlist,False
chris brown - yo (excuse me miss),Chris Brown,Yo (Excuse Me Miss),1,0.11071666666666667,2026-03-13 05:56:00,2026-03-13 05:56:00,0,Not in any playlist,False
chris grey - always been you,Chris Grey,ALWAYS BEEN YOU,1,0.01645,2026-01-12 18:36:00,2026-01-12 18:36:00,0,Not in any playlist,False
chris grey - always been you (with josh makazo),Chris Grey,ALWAYS BEEN YOU (With Josh Makazo),3,4.270566666666667,2025-09-08 19:21:00,2026-02-13 16:58:00,1,1 A.M,False
chris grey - cold blooded,Chris Grey,COLD BLOODED,2,2.8813500000000003,2025-09-08 19:21:00,2025-10-17 17:24:00,1,1 A.M,False
chris grey - different,Chris Grey,DIFFERENT,2,2.5425500000000003,2025-09-08 19:21:00,2025-10-17 17:15:00,1,1 A.M,False
chris grey - give me your love,Chris Grey,GIVE ME YOUR LOVE,1,2.9067333333333334,2025-10-02 19:42:00,2025-10-02 19:42:00,0,Not in any playlist,False
chris grey - haunted,Chris Grey,HAUNTED,3,2.69385,2025-09-08 19:21:00,2025-10-17 16:54:00,1,1 A.M,False
chris grey - let the world burn,Chris Grey,LET THE WORLD BURN,3,5.444566666666667,2025-09-08 19:21:00,2025-10-02 19:13:00,1,1 A.M,False
chris grey - let the world burn (with g-eazy & ari abdul) - remix,Chris Grey,LET THE WORLD BURN (with G-Eazy & Ari Abdul) - Remix,1,0.022,2026-01-12 18:36:00,2026-01-12 18:36:00,0,Not in any playlist,False
chris grey - let the world burn - sped up,Chris Grey,LET THE WORLD BURN - Sped Up,1,0.04398333333333333,2026-01-12 18:37:00,2026-01-12 18:37:00,0,Not in any playlist,False
chris grey - make the angels cry,Chris Grey,MAKE THE ANGELS CRY,2,2.37445,2025-09-08 19:21:00,2025-10-17 16:56:00,1,1 A.M,False
chris grey - us against the world,Chris Grey,US AGAINST THE WORLD,5,7.624583333333334,2025-10-09 06:48:00,2026-06-20 10:13:00,1,Sensual,True
chris grey - wrong,Chris Grey,WRONG,5,11.498,2025-10-02 19:18:00,2026-06-16 07:10:00,2,"1 A.M, Sensual",True
chris mula - go to work,Chris Mula,Go to Work,1,0.0407,2026-04-23 20:16:00,2026-04-23 20:16:00,0,Not in any playlist,False
christian bella - nashindwa,Christian Bella,Nashindwa,2,0.05751666666666666,2026-01-19 15:06:00,2026-03-16 06:34:00,0,Not in any playlist,False
christina aguilera - genie in a bottle,Christina Aguilera,Genie In a Bottle,1,0.09538333333333333,2026-03-27 07:18:00,2026-03-27 07:18:00,0,Not in any playlist,False
cian ducrot - i'll be waiting,Cian Ducrot,I'll Be Waiting,2,5.751583333333333,2025-11-25 07:32:00,2026-02-16 08:28:00,1,KIARA,False
ciara - ecstasy (remix) [feat. teyana taylor],Ciara,Ecstasy (Remix) [feat. Teyana Taylor],1,0.049166666666666664,2025-07-09 21:49:00,2025-07-09 21:49:00,0,Not in any playlist,False
ciara - get up (feat. chamillionaire),Ciara,Get Up (feat. Chamillionaire),2,0.054316666666666666,2026-03-13 05:51:00,2026-03-13 05:51:00,0,Not in any playlist,False
ciara - like a boy,Ciara,Like a Boy,1,0.0343,2026-03-13 05:55:00,2026-03-13 05:55:00,0,Not in any playlist,False
ciara - oh (feat. ludacris),Ciara,Oh (feat. Ludacris),1,0.10716666666666666,2026-03-13 05:50:00,2026-03-13 05:50:00,0,Not in any playlist,False
claudi-mariee - never love again,Claudi-Mariee,Never Love Again,1,0.03225,2025-07-09 21:52:00,2025-07-09 21:52:00,0,Not in any playlist,False
clean bandit - symphony (feat. zara larsson),Clean Bandit,Symphony (feat. Zara Larsson),1,0.028916666666666667,2026-03-24 10:25:00,2026-03-24 10:25:00,0,Not in any playlist,False
coco jones - aeomg,Coco Jones,AEOMG,1,0.01985,2025-07-09 21:50:00,2025-07-09 21:50:00,0,Not in any playlist,False
coco jones - here we go (uh oh),Coco Jones,Here We Go (Uh Oh),1,3.60845,2025-12-05 06:50:00,2025-12-05 06:50:00,0,Not in any playlist,False
coco jones - on sight,Coco Jones,On Sight,1,0.14145,2025-07-09 21:49:00,2025-07-09 21:49:00,0,Not in any playlist,False
col3trane - where have you been all my life?,Col3trane,Where Have You Been All My Life?,2,3.058033333333333,2025-09-08 19:21:00,2025-10-17 18:42:00,1,1 A.M,False
coldplay - my universe,Coldplay,My Universe,8,18.72168333333333,2026-01-21 10:39:00,2026-03-28 05:38:00,2,"Kpop, Kpop -hits",True
corinne bailey rae - put your records on,Corinne Bailey Rae,Put Your Records On,1,0.036,2026-03-27 07:19:00,2026-03-27 07:19:00,0,Not in any playlist,False
cortis - fashion,CORTIS,FaSHioN,2,2.9327666666666667,2026-03-24 10:25:00,2026-06-18 08:20:00,0,Not in any playlist,False
cortis - go!,CORTIS,GO!,4,6.018533333333333,2026-03-24 10:24:00,2026-06-19 19:05:00,2,"Kpop, Kpop -hits",True
craig david - 7 days,Craig David,7 Days,1,0.0253,2026-03-13 05:52:00,2026-03-13 05:52:00,0,Not in any playlist,False
crush - rush hour (feat. j-hope of bts),,,0,0.0,,,1,Kpop,False
cunu - december 17th,cunu,December 17th,1,0.7917833333333333,2026-04-20 17:33:00,2026-04-20 17:33:00,0,Not in any playlist,False
cupcakke - deepthroat,cupcakKe,Deepthroat,1,0.14505,2026-04-23 20:00:00,2026-04-23 20:00:00,0,Not in any playlist,False
cutler jackie lavaris ewes - high voltage smile,CUTLER JACKIE LAVARIS EWES,High Voltage Smile,1,0.04075,2026-04-23 20:13:00,2026-04-23 20:13:00,0,Not in any playlist,False
céline dion - it's all coming back to me now,Céline Dion,It's All Coming Back to Me Now,1,0.0307,2026-03-27 07:19:00,2026-03-27 07:19:00,0,Not in any playlist,False
d voice - baby mpya,D Voice,Baby Mpya,1,0.036583333333333336,2025-08-28 08:13:00,2025-08-28 08:13:00,0,Not in any playlist,False
d voice - bambam,D Voice,BamBam,18,49.78235,2025-08-28 08:12:00,2026-06-08 07:19:00,1,OG😝,False
d voice - mpeni taarifa,D Voice,Mpeni Taarifa,1,0.033633333333333335,2025-08-28 09:20:00,2025-08-28 09:20:00,0,Not in any playlist,False
d voice - nani,D Voice,Nani,2,0.66095,2025-08-28 08:12:00,2025-11-12 06:48:00,0,Not in any playlist,False
d voice - nimezama,D Voice,Nimezama,1,0.0252,2025-08-28 08:13:00,2025-08-28 08:13:00,0,Not in any playlist,False
d voice - tunapendana,D Voice,Tunapendana,2,3.6211,2025-08-28 08:16:00,2025-09-01 07:08:00,0,Not in any playlist,False
d4l - laffy taffy,D4L,Laffy Taffy,1,0.10623333333333333,2026-04-23 19:56:00,2026-04-23 19:56:00,0,Not in any playlist,False
d4m $loan - sex talk,D4M $loan,Sex Talk,5,7.786933333333334,2026-05-13 05:59:00,2026-06-20 10:13:00,2,"Sensual, Volume up ,logic down",True
d4m $loan - swagg talk,D4M $loan,Swagg Talk,7,12.459633333333333,2026-04-23 20:07:00,2026-05-13 06:06:00,1,"Volume up ,logic down",False
d4m $loan - vogue love,D4M $loan,Vogue Love,1,0.0906,2026-04-23 20:16:00,2026-04-23 20:16:00,0,Not in any playlist,False
dababy - phat,DaBaby,PHAT,2,0.11031666666666666,2026-04-23 20:15:00,2026-04-23 20:18:00,0,Not in any playlist,False
dababy - rockstar (feat. roddy ricch),DaBaby,ROCKSTAR (feat. Roddy Ricch),1,3.0288833333333334,2025-10-15 07:33:00,2025-10-15 07:33:00,1,KIARA,False
dababy - shake sumn (with sexyy red) - remix,DaBaby,SHAKE SUMN (with Sexyy Red) - REMIX,2,0.11326666666666667,2026-04-23 20:11:00,2026-04-23 20:11:00,0,Not in any playlist,False
dadju - django,Dadju,Django,1,4.154,2026-06-20 09:42:00,2026-06-20 09:42:00,0,Not in any playlist,False
dadju - i love you,Dadju,I love you,5,19.822233333333333,2025-07-07 20:55:00,2026-06-16 10:27:00,0,Not in any playlist,True
daniel caesar - always,Daniel Caesar,Always,1,0.0393,2026-03-13 05:57:00,2026-03-13 05:57:00,0,Not in any playlist,False
daniel caesar - best part (feat. h.e.r.),Daniel Caesar,Best Part (feat. H.E.R.),12,34.480850000000004,2025-09-08 19:21:00,2026-06-18 12:14:00,2,"1 A.M, R&B",False
daniel caesar - get you (feat. kali uchis),Daniel Caesar,Get You (feat. Kali Uchis),5,9.847566666666665,2026-03-13 05:49:00,2026-06-19 18:13:00,0,Not in any playlist,False
daniel caesar - hold me down,Daniel Caesar,Hold Me Down,1,0.047766666666666666,2026-03-13 05:57:00,2026-03-13 05:57:00,0,Not in any playlist,False
daniel caesar - japanese denim,Daniel Caesar,Japanese Denim,1,0.0864,2026-03-13 05:58:00,2026-03-13 05:58:00,0,Not in any playlist,False
daniel caesar - valentina,Daniel Caesar,Valentina,1,2.5755333333333335,2025-12-05 06:56:00,2025-12-05 06:56:00,0,Not in any playlist,False
daniel caesar - who knows,Daniel Caesar,Who Knows,1,0.022066666666666665,2026-03-13 05:58:00,2026-03-13 05:58:00,0,Not in any playlist,False
daniel di angelo - 3am in la freestyle,Daniel Di Angelo,3AM IN LA FREESTYLE,2,4.335416666666666,2025-09-08 19:21:00,2025-10-17 17:32:00,1,1 A.M,False
daniel di angelo - backseat,Daniel Di Angelo,Backseat,2,2.8319,2025-09-08 19:21:00,2025-10-17 17:06:00,1,1 A.M,False
daniel di angelo - drive you insane,Daniel Di Angelo,Drive You Insane,2,3.5343666666666667,2025-10-04 11:34:00,2025-10-15 07:54:00,1,KIARA,False
daniel di angelo - habits freestyle,Daniel Di Angelo,HABITS FREESTYLE,3,4.8614,2025-09-08 19:21:00,2026-02-13 17:10:00,1,1 A.M,False
daniel di angelo - issues,Daniel Di Angelo,ISSUES,2,2.7029666666666667,2025-09-08 19:21:00,2025-10-17 17:12:00,1,1 A.M,False
daniel di angelo - liquor x chronic freestyle,Daniel Di Angelo,Liquor x Chronic Freestyle,5,4.32735,2025-08-17 06:16:00,2026-02-13 17:00:00,1,1 A.M,False
daniel di angelo - lose face,Daniel Di Angelo,Lose Face,1,3.360133333333333,2025-10-17 17:54:00,2025-10-17 17:54:00,0,Not in any playlist,False
daniel di angelo - loyalty,Daniel Di Angelo,LOYALTY,3,10.053149999999999,2025-11-29 13:09:00,2026-06-16 07:14:00,1,Sensual,True
daniel di angelo - miami's model,Daniel Di Angelo,Miami's Model,2,4.803566666666667,2025-09-08 19:21:00,2025-10-17 17:51:00,1,1 A.M,False
daniel di angelo - no friendship,Daniel Di Angelo,No Friendship,10,9.834483333333333,2025-08-06 19:53:00,2026-06-20 09:56:00,1,Sensual,True
daniel di angelo - ride for me,Daniel Di Angelo,Ride for Me,2,3.0131,2025-09-08 19:21:00,2025-10-17 17:04:00,1,1 A.M,False
daniel di angelo - talk dirty,Daniel Di Angelo,Talk Dirty,6,9.71415,2025-09-08 19:21:00,2026-06-16 10:03:00,3,"1 A.M, KIARA, Sensual",True
daniel di angelo - tap out,,,0,0.0,,,1,Sensual,True
danileigh - easy - remix,DaniLeigh,Easy - Remix,1,0.06021666666666667,2026-03-13 05:57:00,2026-03-13 05:57:00,0,Not in any playlist,False
darassa - kama utanipenda,Darassa,Kama Utanipenda,1,0.026166666666666668,2025-08-28 09:20:00,2025-08-28 09:20:00,0,Not in any playlist,False
darassa - looking for love (feat. mbosso),Darassa,Looking For Love (feat. Mbosso),1,0.02385,2025-08-28 08:16:00,2025-08-28 08:16:00,0,Not in any playlist,False
darassa - romeo (feat. zuchu),Darassa,Romeo (feat. Zuchu),1,0.021966666666666666,2025-08-28 08:13:00,2025-08-28 08:13:00,0,Not in any playlist,False
dato seiko - the vow,Dato Seiko,The Vow,3,4.849683333333334,2025-11-28 11:37:00,2026-01-06 14:53:00,0,Not in any playlist,True
dave - location (feat. burna boy),Dave,Location (feat. Burna Boy),3,12.031,2025-06-28 20:22:00,2025-12-13 14:14:00,1,Dance away,False
dave - raindance (feat. tems),Dave,Raindance (feat. Tems),8,14.753383333333332,2026-03-24 10:24:00,2026-06-19 18:16:00,2,"Dance away, Life",False
dave - sprinter,,,0,0.0,,,1,KIARA,False
david guetta - who's that chick ? (feat. rihanna) - single version,David Guetta,Who's That Chick ? (feat. Rihanna) - Single Version,1,0.5451166666666667,2026-03-25 06:26:00,2026-03-25 06:26:00,0,Not in any playlist,False
davido - funds (feat. odumodublvck & chike),Davido,Funds (feat. ODUMODUBLVCK & Chike),1,0.00015,2025-08-12 07:34:00,2025-08-12 07:34:00,0,Not in any playlist,False
davido - kante (feat. fave),Davido,KANTE (feat. Fave),1,1.29725,2026-06-08 13:58:00,2026-06-08 13:58:00,0,Not in any playlist,False
dayoo - huu mwaka,Dayoo,Huu Mwaka,1,0.056433333333333335,2025-09-06 08:30:00,2025-09-06 08:30:00,0,Not in any playlist,False
de'wayne - adios (feat. chase atlantic),DE'WAYNE,Adios (feat. Chase Atlantic),1,4.014083333333334,2025-12-05 18:01:00,2025-12-05 18:01:00,1,Chase Atlantic,False
dej loaf - me u & hennessy (feat. lil wayne),DeJ Loaf,Me U & Hennessy (feat. Lil Wayne),2,0.71,2026-04-23 19:51:00,2026-04-23 20:01:00,0,Not in any playlist,False
denise julia - nvmd,Denise Julia,NVMD,8,15.146183333333333,2025-07-02 20:35:00,2026-01-06 15:02:00,1,Feelings,False
destin conrad - kissing in public,DESTIN CONRAD,KISSING IN PUBLIC,1,0.05535,2025-07-09 21:49:00,2025-07-09 21:49:00,0,Not in any playlist,False
"destiny's child - bills, bills, bills",Destiny's Child,"Bills, Bills, Bills",1,0.055966666666666665,2026-03-13 05:54:00,2026-03-13 05:54:00,0,Not in any playlist,False
destiny's child - cater 2 u,Destiny's Child,Cater 2 U,1,0.04126666666666667,2026-01-06 15:22:00,2026-01-06 15:22:00,0,Not in any playlist,False
destiny's child - say my name,Destiny's Child,Say My Name,1,0.0644,2026-03-13 05:56:00,2026-03-13 05:56:00,0,Not in any playlist,False
devkota - figured you out,Devkota,FIGURED YOU OUT,1,0.059566666666666664,2026-01-08 19:05:00,2026-01-08 19:05:00,1,Sensual,True
dhruv - airplane thoughts,Dhruv,airplane thoughts,5,10.803766666666666,2025-07-08 13:31:00,2026-01-05 10:41:00,0,Not in any playlist,True
dhruv - double take,Dhruv,double take,35,84.3143,2025-06-28 20:31:00,2026-05-15 19:50:00,6,"1 A.M, Dance away, Feelings, KIARA, Life, R&B",False
diamond platnumz - achii (feat. koffi olomide),Diamond Platnumz,Achii (feat. Koffi Olomide),1,0.032966666666666665,2025-08-28 07:49:00,2025-08-28 07:49:00,0,Not in any playlist,False
diamond platnumz - african beauty (feat. omarion),Diamond Platnumz,African Beauty (feat. Omarion),5,11.464266666666667,2025-08-28 07:47:00,2026-06-14 17:21:00,0,Not in any playlist,False
diamond platnumz - amanda (feat. jah prayzah),Diamond Platnumz,Amanda (feat. Jah Prayzah),1,0.038316666666666666,2025-08-28 07:47:00,2025-08-28 07:47:00,0,Not in any playlist,False
diamond platnumz - baikoko,Diamond Platnumz,Baikoko,3,0.23418333333333335,2025-08-28 07:19:00,2026-03-16 06:37:00,0,Not in any playlist,False
diamond platnumz - baila (feat. miri ben-ari),Diamond Platnumz,Baila (feat. Miri Ben-Ari),3,0.4116,2025-08-28 07:47:00,2026-03-16 06:37:00,0,Not in any playlist,False
diamond platnumz - chitaki,Diamond Platnumz,Chitaki,1,0.0202,2025-08-28 07:49:00,2025-08-28 07:49:00,0,Not in any playlist,False
diamond platnumz - down (feat. lintonto & xman rsa),Diamond Platnumz,Down (feat. Lintonto & Xman Rsa),1,0.02505,2025-08-28 08:18:00,2025-08-28 08:18:00,0,Not in any playlist,False
diamond platnumz - eneka,Diamond Platnumz,Eneka,23,61.5783,2025-08-28 07:47:00,2026-05-23 11:57:00,1,OG😝,True
diamond platnumz - far away (feat. vanessa mdee),Diamond Platnumz,Far Away (feat. Vanessa Mdee),2,0.061783333333333336,2025-08-28 07:44:00,2025-08-28 07:48:00,0,Not in any playlist,False
diamond platnumz - fine,Diamond Platnumz,Fine,1,0.013133333333333334,2025-08-28 07:48:00,2025-08-28 07:48:00,0,Not in any playlist,False
diamond platnumz - fire (feat. tiwa savage),Diamond Platnumz,Fire (feat. Tiwa Savage),1,0.014566666666666667,2025-08-28 07:48:00,2025-08-28 07:48:00,0,Not in any playlist,False
diamond platnumz - gidi,Diamond Platnumz,Gidi,2,0.13281666666666667,2025-08-28 07:49:00,2025-08-28 07:49:00,0,Not in any playlist,False
diamond platnumz - hallelujah (feat. morgan heritage),Diamond Platnumz,Hallelujah (feat. Morgan Heritage),1,0.01905,2025-08-28 07:47:00,2025-08-28 07:47:00,0,Not in any playlist,False
diamond platnumz - inama,Diamond Platnumz,Inama,3,0.03965,2025-08-28 07:50:00,2025-08-28 09:23:00,0,Not in any playlist,False
diamond platnumz - inama (feat. fally ipupa),Diamond Platnumz,Inama (feat. Fally Ipupa),3,3.5432,2025-08-28 07:47:00,2025-10-06 06:36:00,0,Not in any playlist,False
diamond platnumz - iyena,Diamond Platnumz,Iyena,1,0.0,2025-09-06 08:31:00,2025-09-06 08:31:00,0,Not in any playlist,False
diamond platnumz - iyena (feat. rayvanny),Diamond Platnumz,Iyena (feat. Rayvanny),18,75.23266666666666,2025-08-28 07:44:00,2026-06-08 07:28:00,1,OG😝,False
diamond platnumz - jeje,Diamond Platnumz,Jeje,16,49.998333333333335,2025-08-28 07:48:00,2026-05-23 12:04:00,1,OG😝,False
diamond platnumz - kanyanga,Diamond Platnumz,Kanyanga,3,0.05963333333333334,2025-08-28 07:47:00,2025-08-28 09:23:00,0,Not in any playlist,False
diamond platnumz - katam (feat. bien),Diamond Platnumz,Katam (feat. Bien),1,0.15625,2025-08-28 08:17:00,2025-08-28 08:17:00,0,Not in any playlist,False
diamond platnumz - kesho,Diamond Platnumz,Kesho,24,60.65293333333333,2025-08-28 07:48:00,2026-06-08 07:32:00,1,OG😝,True
diamond platnumz - kidogo (feat. p square),Diamond Platnumz,Kidogo (feat. P Square),1,0.0329,2025-08-28 07:47:00,2025-08-28 07:47:00,0,Not in any playlist,False
diamond platnumz - kizaizai,Diamond Platnumz,Kizaizai,1,0.06141666666666667,2025-08-28 07:48:00,2025-08-28 07:48:00,0,Not in any playlist,False
diamond platnumz - komasava (comment ça va),Diamond Platnumz,Komasava (Comment Ça Va),3,0.04616666666666666,2025-08-28 07:49:00,2025-08-28 08:17:00,0,Not in any playlist,False
diamond platnumz - kosa langu,Diamond Platnumz,Kosa Langu,2,0.12281666666666666,2025-08-28 07:48:00,2026-03-16 06:37:00,0,Not in any playlist,False
diamond platnumz - kuna,Diamond Platnumz,Kuna,13,85.42201666666666,2025-11-28 09:45:00,2026-03-16 08:19:00,1,OG😝,True
diamond platnumz - lala salama,Diamond Platnumz,Lala Salama,4,0.14636666666666667,2025-08-28 07:50:00,2026-01-19 15:06:00,0,Not in any playlist,False
diamond platnumz - loyal,Diamond Platnumz,Loyal,1,0.02295,2025-08-28 07:48:00,2025-08-28 07:48:00,0,Not in any playlist,False
diamond platnumz - make me sing,Diamond Platnumz,Make Me Sing,1,0.06636666666666667,2026-03-16 06:37:00,2026-03-16 06:37:00,0,Not in any playlist,False
diamond platnumz - mapenzi basi,Diamond Platnumz,Mapenzi Basi,1,0.10208333333333333,2026-03-16 06:39:00,2026-03-16 06:39:00,0,Not in any playlist,False
diamond platnumz - mapoz (feat. mr. blue & jay melody),Diamond Platnumz,Mapoz (feat. Mr. Blue & Jay Melody),2,0.049133333333333334,2025-08-28 07:48:00,2025-08-28 08:18:00,0,Not in any playlist,False
diamond platnumz - marry you (feat. ne-yo),Diamond Platnumz,Marry You (feat. Ne-Yo),1,0.022716666666666666,2025-08-28 07:47:00,2025-08-28 07:47:00,0,Not in any playlist,False
diamond platnumz - mawazo,Diamond Platnumz,Mawazo,6,7.428566666666667,2025-08-28 07:50:00,2026-04-01 15:05:00,1,OG😝,False
diamond platnumz - mbagala,Diamond Platnumz,Mbagala,4,0.1637,2025-08-28 07:50:00,2026-01-19 15:06:00,0,Not in any playlist,False
diamond platnumz - mdogo mdogo,Diamond Platnumz,Mdogo Mdogo,6,17.811550000000004,2025-08-28 07:46:00,2026-06-09 07:12:00,1,OG😝,False
diamond platnumz - mdogomdogo,Diamond Platnumz,Mdogomdogo,1,0.022533333333333332,2025-08-28 07:48:00,2025-08-28 07:48:00,0,Not in any playlist,False
diamond platnumz - melody (feat. jaywillz),Diamond Platnumz,Melody (feat. Jaywillz),1,0.022583333333333334,2025-08-28 07:48:00,2025-08-28 07:48:00,0,Not in any playlist,False
diamond platnumz - moyo wangu,Diamond Platnumz,Moyo Wangu,3,0.33041666666666664,2025-08-28 07:57:00,2026-03-16 06:38:00,0,Not in any playlist,False
diamond platnumz - mtasubiri (feat. zuchu),Diamond Platnumz,Mtasubiri (feat. Zuchu),6,9.13735,2025-08-28 07:48:00,2026-05-23 12:29:00,1,OG😝,False
diamond platnumz - my baby (feat. chike),Diamond Platnumz,My Baby (feat. Chike),2,0.045783333333333336,2025-08-28 07:49:00,2025-08-28 08:17:00,0,Not in any playlist,False
diamond platnumz - my number one,Diamond Platnumz,My Number One,6,6.008,2025-08-28 07:48:00,2026-05-23 11:54:00,1,OG😝,False
diamond platnumz - naanzaje,Diamond Platnumz,Naanzaje,1,0.016666666666666666,2025-08-28 07:49:00,2025-08-28 07:49:00,0,Not in any playlist,False
diamond platnumz - nana (feat. flavour),Diamond Platnumz,Nana (feat. Flavour),1,0.028316666666666667,2025-08-28 07:47:00,2025-08-28 07:47:00,0,Not in any playlist,False
diamond platnumz - nataka kulewa,Diamond Platnumz,Nataka Kulewa,19,51.571,2025-08-28 07:47:00,2026-06-08 07:56:00,1,OG😝,False
diamond platnumz - natulizana,Diamond Platnumz,Natulizana,1,3.60845,2026-06-19 12:22:00,2026-06-19 12:22:00,0,Not in any playlist,True
diamond platnumz - nenda kamwambie,Diamond Platnumz,Nenda Kamwambie,2,4.129616666666666,2026-03-16 06:38:00,2026-03-16 07:46:00,1,OG😝,False
diamond platnumz - niache,Diamond Platnumz,Niache,7,12.888016666666667,2025-08-28 07:44:00,2026-04-01 15:37:00,1,OG😝,False
diamond platnumz - nikuone,Diamond Platnumz,Nikuone,1,0.030316666666666665,2025-08-28 07:48:00,2025-08-28 07:48:00,0,Not in any playlist,False
diamond platnumz - nimpende nani,Diamond Platnumz,Nimpende Nani,18,60.790533333333336,2025-08-28 07:57:00,2026-05-23 10:30:00,1,OG😝,False
diamond platnumz - nitarejea (feat. hawa),Diamond Platnumz,Nitarejea (feat. Hawa),1,0.11533333333333333,2026-03-16 06:38:00,2026-03-16 06:38:00,0,Not in any playlist,False
diamond platnumz - ntampata wapi,Diamond Platnumz,Ntampata Wapi,20,61.726699999999994,2025-08-28 07:21:00,2026-04-01 15:56:00,1,OG😝,False
diamond platnumz - number one (feat. davido) - remix,Diamond Platnumz,Number One (feat. Davido) - remix,1,0.05756666666666667,2025-08-28 07:47:00,2025-08-28 07:47:00,0,Not in any playlist,False
diamond platnumz - pamela (feat. young killer),Diamond Platnumz,Pamela (feat. Young Killer),1,0.0359,2025-08-28 07:47:00,2025-08-28 07:47:00,0,Not in any playlist,False
diamond platnumz - pounds & dollars,Diamond Platnumz,Pounds & Dollars,1,0.00975,2025-08-28 07:49:00,2025-08-28 07:49:00,0,Not in any playlist,False
diamond platnumz - raha (feat. zuchu),Diamond Platnumz,Raha (feat. Zuchu),2,0.17468333333333336,2025-08-28 08:14:00,2026-03-16 06:49:00,0,Not in any playlist,False
diamond platnumz - shu! (feat. chley),Diamond Platnumz,Shu! (feat. Chley),2,0.03958333333333333,2025-08-28 07:48:00,2025-08-28 08:17:00,0,Not in any playlist,False
diamond platnumz - sijaona,Diamond Platnumz,Sijaona,3,0.20666666666666667,2025-08-28 07:44:00,2026-03-16 06:39:00,0,Not in any playlist,False
diamond platnumz - sikomi,Diamond Platnumz,Sikomi,20,51.17695,2025-08-28 07:19:00,2026-06-08 07:49:00,1,OG😝,False
diamond platnumz - somebody,Diamond Platnumz,Somebody,1,0.0182,2025-08-28 07:48:00,2025-08-28 07:48:00,0,Not in any playlist,False
diamond platnumz - sona (feat. adekunle gold),Diamond Platnumz,Sona (feat. Adekunle Gold),1,0.02215,2025-08-28 07:48:00,2025-08-28 07:48:00,0,Not in any playlist,False
diamond platnumz - the one,Diamond Platnumz,The One,2,0.11568333333333333,2025-08-28 07:47:00,2026-03-16 06:37:00,0,Not in any playlist,False
diamond platnumz - ukimuona,Diamond Platnumz,Ukimuona,20,39.836416666666665,2025-08-28 07:47:00,2026-06-19 11:58:00,1,OG😝,False
diamond platnumz - utanipenda,Diamond Platnumz,Utanipenda,20,66.03361666666666,2025-08-28 07:47:00,2026-06-09 07:35:00,1,OG😝,False
diamond platnumz - waah! (feat. koffi olomide),Diamond Platnumz,Waah! (feat. Koffi Olomide),1,0.015333333333333332,2025-08-28 07:48:00,2025-08-28 07:48:00,0,Not in any playlist,False
diamond platnumz - yatapita,Diamond Platnumz,Yatapita,2,0.10805000000000001,2025-08-28 07:48:00,2025-08-28 08:18:00,0,Not in any playlist,False
diamond platnumz - zilipendwa,Diamond Platnumz,Zilipendwa,1,0.017666666666666667,2025-09-06 08:30:00,2025-09-06 08:30:00,0,Not in any playlist,False
diamond platnumz - zuwena,Diamond Platnumz,Zuwena,1,0.024183333333333334,2025-08-28 07:48:00,2025-08-28 07:48:00,0,Not in any playlist,False
dj khaled - i'm on one,DJ Khaled,I'm On One,1,0.3714166666666667,2026-04-23 19:59:00,2026-04-23 19:59:00,0,Not in any playlist,False
dj khaled - wild thoughts (feat. rihanna & bryson tiller),DJ Khaled,Wild Thoughts (feat. Rihanna & Bryson Tiller),3,6.839650000000001,2026-03-25 06:29:00,2026-06-16 09:39:00,0,Not in any playlist,True
dj rd da dz7 - unforgettable,DJ Rd da Dz7,Unforgettable,7,5.926966666666667,2025-06-25 19:46:00,2026-05-31 07:14:00,0,Not in any playlist,True
dj snake - a different way (with lauv),,,0,0.0,,,1,Dance away,False
dj snake - let me love you,DJ Snake,Let Me Love You,8,14.932766666666666,2025-06-21 21:10:00,2026-05-13 19:19:00,1,Dance away,True
dj w+ - gouyad 100 limit,DJ W+,Gouyad 100 Limit,1,0.9371833333333334,2026-06-20 09:50:00,2026-06-20 09:50:00,0,Not in any playlist,False
doechii - anxiety,Doechii,Anxiety,4,14.889316666666666,2025-07-15 20:12:00,2026-05-05 17:12:00,1,Dance away,False
doechii - what it is (solo version),Doechii,What It Is (Solo Version),1,3.1637333333333335,2025-08-12 07:06:00,2025-08-12 07:06:00,1,Dance away,False
dogo janja - mama,Dogo Janja,Mama,1,0.020233333333333332,2025-08-28 09:22:00,2025-08-28 09:22:00,0,Not in any playlist,False
dogo paten - afande,Dogo Paten,Afande,2,0.13936666666666667,2025-08-28 08:13:00,2025-08-28 08:14:00,0,Not in any playlist,False
doja cat - addiction,Doja Cat,Addiction,1,0.28458333333333335,2026-01-12 18:11:00,2026-01-12 18:11:00,0,Not in any playlist,False
doja cat - agora hills,Doja Cat,Agora Hills,19,63.30848333333333,2025-07-21 06:28:00,2026-06-18 11:22:00,3,"Dance away, Life, ❤️😍",False
doja cat - been like this,Doja Cat,Been Like This,12,29.790966666666666,2025-12-12 07:37:00,2026-06-20 10:10:00,3,"1 A.M, Life, Sensual",True
doja cat - candy,Doja Cat,Candy,22,45.3596,2025-07-09 21:40:00,2026-05-15 21:07:00,1,R&B,False
doja cat - casual,Doja Cat,Casual,1,1.87505,2026-01-12 18:31:00,2026-01-12 18:31:00,0,Not in any playlist,False
doja cat - juicy,Doja Cat,Juicy,4,7.804833333333333,2026-03-25 07:10:00,2026-05-02 12:56:00,0,Not in any playlist,True
doja cat - kiss me more (feat. sza),Doja Cat,Kiss Me More (feat. SZA),9,24.806433333333334,2025-07-21 07:28:00,2026-01-12 18:11:00,1,Life,False
doja cat - like that (feat. gucci mane),Doja Cat,Like That (feat. Gucci Mane),2,3.010766666666667,2026-01-12 18:14:00,2026-01-12 18:25:00,0,Not in any playlist,False
doja cat - need to know,Doja Cat,Need to Know,1,0.5000833333333333,2026-01-12 18:10:00,2026-01-12 18:10:00,0,Not in any playlist,False
doja cat - payday (feat. young thug),Doja Cat,Payday (feat. Young Thug),1,0.15801666666666667,2026-01-12 18:09:00,2026-01-12 18:09:00,0,Not in any playlist,False
doja cat - rules,Doja Cat,Rules,2,1.9796,2025-12-12 07:39:00,2026-02-20 14:51:00,0,Not in any playlist,False
doja cat - say so,Doja Cat,Say So,1,0.024183333333333334,2025-07-09 21:42:00,2025-07-09 21:42:00,0,Not in any playlist,False
doja cat - streets,Doja Cat,Streets,9,34.04743333333333,2025-06-29 19:36:00,2026-05-05 17:32:00,1,Dance away,False
doja cat - talk dirty,Doja Cat,Talk Dirty,1,1.2410333333333334,2026-03-25 07:12:00,2026-03-25 07:12:00,0,Not in any playlist,False
doja cat - wine pon you (feat. konshens),Doja Cat,Wine Pon You (feat. Konshens),1,0.5349833333333334,2026-01-12 18:31:00,2026-01-12 18:31:00,0,Not in any playlist,False
doja cat - woman,Doja Cat,Woman,1,2.8771166666666668,2025-10-04 11:17:00,2025-10-04 11:17:00,0,Not in any playlist,False
doja cat - you right,Doja Cat,You Right,3,3.113183333333333,2025-09-08 19:21:00,2025-10-05 18:29:00,1,1 A.M,False
doja cat - you right - extended,Doja Cat,You Right - Extended,1,0.02315,2026-01-12 18:08:00,2026-01-12 18:08:00,0,Not in any playlist,False
don toliver - lose my mind (feat. doja cat) [from f1® the movie],Don Toliver,Lose My Mind (feat. Doja Cat) [From F1® The Movie],1,3.484183333333333,2026-01-12 18:29:00,2026-01-12 18:29:00,0,Not in any playlist,False
don toliver - no pole,Don Toliver,No Pole,2,0.30311666666666665,2026-03-24 10:26:00,2026-06-19 11:54:00,0,Not in any playlist,False
don toliver - you (feat. travis scott),Don Toliver,You (feat. Travis Scott),4,9.262966666666667,2026-03-13 05:56:00,2026-06-16 12:23:00,0,Not in any playlist,False
don-p the panhandle king - kissin bounce,Don-P The Panhandle King,Kissin Bounce,1,0.01721666666666667,2026-04-23 20:13:00,2026-04-23 20:13:00,0,Not in any playlist,False
dopuu - american wedding (hotel california),dopuu,american wedding (Hotel California),4,14.250233333333334,2026-01-28 06:53:00,2026-06-08 13:53:00,1,Life,True
dr0ne3 - thong song - choir christmas version,DR0NE3,Thong Song - Choir Christmas Version,2,3.491916666666667,2026-05-02 12:27:00,2026-05-02 12:30:00,0,Not in any playlist,False
drake - best i ever had,Drake,Best I Ever Had,1,0.08253333333333333,2026-03-13 05:55:00,2026-03-13 05:55:00,0,Not in any playlist,False
drake - not you too (feat. chris brown),Drake,Not You Too (feat. Chris Brown),2,0.06245,2026-01-12 18:36:00,2026-03-13 05:57:00,0,Not in any playlist,False
drake - one dance,Drake,One Dance,2,2.899783333333333,2025-10-04 10:46:00,2025-10-15 07:54:00,1,KIARA,False
drake - trust issues,Drake,Trust Issues,2,0.056516666666666666,2026-01-12 18:36:00,2026-03-13 05:58:00,0,Not in any playlist,False
dreamflute dorothée fröller - 852 hz intuition,Dreamflute Dorothée Fröller,852 Hz Intuition,3,17.846,2026-04-19 01:11:00,2026-04-25 04:20:00,0,Not in any playlist,False
dreamflute dorothée fröller - love frequency meditation 4,Dreamflute Dorothée Fröller,Love Frequency Meditation 4,1,5.190216666666666,2026-04-25 07:09:00,2026-04-25 07:09:00,0,Not in any playlist,False
dreamflute dorothée fröller - love frequency meditation 6,Dreamflute Dorothée Fröller,Love Frequency Meditation 6,1,7.523333333333333,2026-04-25 06:48:00,2026-04-25 06:48:00,0,Not in any playlist,False
dua lipa - break my heart,Dua Lipa,Break My Heart,2,7.394,2026-03-12 04:53:00,2026-05-13 06:23:00,0,Not in any playlist,True
dua lipa - kiss and make up,Dua Lipa,Kiss and Make Up,2,6.30575,2025-09-30 06:30:00,2025-10-05 07:46:00,2,"Kpop, Kpop -hits",False
dua lipa - levitating,Dua Lipa,Levitating,2,3.3968,2025-10-04 10:22:00,2025-10-15 07:54:00,1,KIARA,False
dua lipa - new rules,Dua Lipa,New Rules,1,3.4886666666666666,2025-09-21 07:56:00,2025-09-21 07:56:00,0,Not in any playlist,False
dully sykes - inde,Dully Sykes,Inde,1,0.0244,2026-03-25 06:18:00,2026-03-25 06:18:00,0,Not in any playlist,True
dully sykes - kadamshi,,,0,0.0,,,0,Not in any playlist,True
dully sykes - nikomeshe,Dully Sykes,Nikomeshe,3,0.1655,2025-11-25 06:44:00,2026-03-16 06:43:00,0,Not in any playlist,False
duncan laurence - arcade,Duncan Laurence,Arcade,1,3.0857833333333335,2025-07-01 20:12:00,2025-07-01 20:12:00,1,KIARA,False
dusse wavy - usebenzile,Dusse wavy,Usebenzile,1,4.028266666666667,2025-11-25 10:11:00,2025-11-25 10:11:00,0,Not in any playlist,False
dutch melrose - runrunrun,Dutch Melrose,RUNRUNRUN,1,0.0032166666666666667,2025-09-08 19:21:00,2025-09-08 19:21:00,1,1 A.M,False
dxvn. - curse,Dxvn.,Curse,7,20.607916666666668,2025-09-08 19:20:00,2026-06-14 16:41:00,2,"1 A.M, Sensual",True
dyl - thong song motown - choir christmas version,dYL,Thong Song Motown - Choir Christmas Version,2,6.886266666666667,2025-12-31 07:26:00,2026-01-06 14:05:00,0,Not in any playlist,True
"dynamicduo - smoke (prod. dynamicduo, padi)",,,0,0.0,,,1,Kpop,False
"earth, wind & fire - got to get you into my life","Earth, Wind & Fire",Got to Get You Into My Life,1,0.029866666666666666,2026-01-06 15:24:00,2026-01-06 15:24:00,0,Not in any playlist,False
ebony riley - only you,Ebony Riley,Only You,2,4.4173,2025-11-18 14:48:00,2025-11-25 10:07:00,1,Sensual,True
ebubé - what can i do,Ebubé,What Can I Do,1,0.053533333333333336,2025-07-09 21:51:00,2025-07-09 21:51:00,0,Not in any playlist,False
ed sheeran & justin bieber - i don't care (with justin bieber),Ed Sheeran & Justin Bieber,I Don't Care (with Justin Bieber),7,24.990783333333333,2025-07-21 20:27:00,2026-03-25 10:55:00,1,Life,False
ed sheeran - happier,,,0,0.0,,,1,KIARA,False
ed sheeran - perfect,Ed Sheeran,Perfect,1,0.42985,2025-10-15 11:20:00,2025-10-15 11:20:00,0,Not in any playlist,False
ed sheeran - photograph,Ed Sheeran,Photograph,11,39.85848333333333,2025-06-20 20:25:00,2026-01-28 06:17:00,1,Life,False
ed sheeran - sapphire,Ed Sheeran,Sapphire,1,0.37906666666666666,2025-06-21 20:26:00,2025-06-21 20:26:00,0,Not in any playlist,False
ed sheeran - shape of you,Ed Sheeran,Shape of You,4,15.58085,2025-06-20 20:43:00,2025-10-15 08:09:00,1,KIARA,False
electric light orchestra - telephone line,Electric Light Orchestra,Telephone Line,1,0.028366666666666665,2026-01-06 15:24:00,2026-01-06 15:24:00,0,Not in any playlist,False
"elevation worship - praise (feat. brandon lake, chris brown & chandler moore)",Elevation Worship,"Praise (feat. Brandon Lake, Chris Brown & Chandler Moore)",1,0.011433333333333334,2026-01-06 15:22:00,2026-01-06 15:22:00,0,Not in any playlist,False
elio - hurts 2 hate somebody (with chase atlantic & no rome),ELIO,hurts 2 hate somebody (with Chase Atlantic & No Rome),2,6.222183333333334,2026-05-03 17:53:00,2026-06-16 09:07:00,1,Chase Atlantic,True
elite subliminals - clear skin,Elite Subliminals,Clear Skin,1,1.3640166666666667,2026-04-25 07:38:00,2026-04-25 07:38:00,0,Not in any playlist,False
elite subliminals - glow up fast,Elite Subliminals,Glow up Fast,1,1.2531333333333334,2026-04-25 07:10:00,2026-04-25 07:10:00,0,Not in any playlist,False
elite subliminals - perfect nose,Elite Subliminals,Perfect Nose,1,1.3579333333333334,2026-04-24 06:35:00,2026-04-24 06:35:00,0,Not in any playlist,False
elite subliminals - remove mental blockage while you sleep,Elite Subliminals,Remove Mental Blockage While You Sleep,1,1.4739166666666668,2026-04-25 06:49:00,2026-04-25 06:49:00,0,Not in any playlist,False
ella bright - baby now that i found you,Ella Bright,Baby Now That I Found You,2,4.376,2026-06-08 13:48:00,2026-06-16 08:19:00,0,Not in any playlist,True
ella mai - little things,Ella Mai,Little Things,2,2.979766666666667,2025-07-09 21:48:00,2025-12-05 07:25:00,0,Not in any playlist,False
ella mai - she don't (feat. ty dolla $ign),Ella Mai,She Don't (feat. Ty Dolla $Ign),20,65.9324,2025-07-09 21:40:00,2026-06-05 15:33:00,1,R&B,False
ella mai - this is,Ella Mai,This Is,11,33.884283333333336,2025-08-16 07:38:00,2026-03-28 07:51:00,2,"Life, Sensual",True
ella mai - trip,Ella Mai,Trip,16,53.5358,2025-07-09 21:23:00,2026-05-26 08:14:00,1,R&B,False
ella mai - whatchamacallit (feat. chris brown),Ella Mai,Whatchamacallit (feat. Chris Brown),1,2.9901666666666666,2025-12-05 08:14:00,2025-12-05 08:14:00,0,Not in any playlist,False
elley duhé - middle of the night,Elley Duhé,MIDDLE OF THE NIGHT,2,3.074133333333333,2025-10-04 10:33:00,2025-10-15 07:54:00,1,KIARA,False
elliot james reay - i think they call this love,Elliot James Reay,I Think They Call This Love,1,0.04491666666666667,2026-03-27 07:19:00,2026-03-27 07:19:00,0,Not in any playlist,False
elliott yamin - wait for you,Elliott Yamin,Wait for You,1,0.05658333333333333,2026-01-06 15:22:00,2026-01-06 15:22:00,0,Not in any playlist,False
elmiene - open light,Elmiene,Open Light,1,0.023033333333333333,2025-07-09 21:51:00,2025-07-09 21:51:00,0,Not in any playlist,False
emiliano bruguera - 396 hz power to achieve your goals,Emiliano Bruguera,396 Hz Power to Achieve Your Goals,3,12.602783333333335,2026-04-19 01:38:00,2026-04-24 21:49:00,0,Not in any playlist,False
emiliano bruguera - 432 hz miracle tone with nikola tesla 369 code,Emiliano Bruguera,432 Hz Miracle Tone with Nikola Tesla 369 Code,3,15.772683333333333,2026-04-19 06:41:00,2026-04-25 05:45:00,0,Not in any playlist,False
emin - камин (feat. jony),EMIN,Камин (feat. JONY),4,6.260016666666667,2025-09-08 19:22:00,2026-01-30 08:25:00,1,1 A.M,False
energy orbiting - subconscious mind power,Energy Orbiting,Subconscious Mind Power,3,25.103116666666665,2026-04-18 23:00:00,2026-04-24 23:07:00,0,Not in any playlist,False
enhypen - bad desire (with or without you),ENHYPEN,Bad Desire (With or Without You),2,4.729533333333333,2025-06-26 05:13:00,2025-06-27 19:59:00,0,Not in any playlist,False
enhypen - bad desire (with or without you) (english ver.),ENHYPEN,Bad Desire (With or Without You) (English Ver.),1,0.006233333333333333,2025-09-08 19:22:00,2025-09-08 19:22:00,0,Not in any playlist,False
enhypen - bills,ENHYPEN,Bills,2,5.8584,2025-10-08 12:19:00,2026-02-09 18:39:00,1,Kpop,False
enhypen - bite me,ENHYPEN,Bite Me,4,8.14585,2025-10-05 10:25:00,2026-04-15 18:15:00,2,"Kpop, Kpop -hits",False
enhypen - blessed-cursed,ENHYPEN,Blessed-Cursed,2,2.422266666666667,2025-10-05 13:44:00,2026-02-09 17:45:00,1,Kpop,False
enhypen - blind,ENHYPEN,Blind,4,9.95335,2025-10-08 12:07:00,2026-04-17 14:40:00,1,Kpop,False
enhypen - drunk-dazed,ENHYPEN,Drunk-Dazed,4,9.681516666666667,2025-10-05 13:12:00,2026-04-15 18:15:00,1,Kpop,False
enhypen - fever,ENHYPEN,FEVER,9,22.947533333333332,2025-06-22 20:08:00,2026-06-17 11:23:00,2,"Kpop, Kpop -hits",False
enhypen - future perfect (pass the mic),ENHYPEN,Future Perfect (Pass the MIC),2,6.025016666666667,2025-10-05 12:35:00,2025-10-09 05:57:00,0,Not in any playlist,False
enhypen - given-taken,ENHYPEN,Given-Taken,1,3.0515166666666667,2025-10-05 12:01:00,2025-10-05 12:01:00,1,Kpop,False
enhypen - go big or go home,ENHYPEN,Go Big or Go Home,3,6.723566666666667,2025-10-05 13:22:00,2026-04-17 15:17:00,1,Kpop,False
enhypen - moonstruck,ENHYPEN,Moonstruck,2,2.657016666666667,2025-09-08 19:22:00,2025-10-08 12:22:00,0,Not in any playlist,False
enhypen - orange flower (you complete me),ENHYPEN,Orange Flower (You Complete Me),2,6.0095,2025-10-08 12:33:00,2026-02-10 07:36:00,1,Kpop,False
enhypen - outside,ENHYPEN,Outside,2,3.1870666666666665,2025-06-26 05:29:00,2025-06-27 20:22:00,0,Not in any playlist,False
enhypen - polaroid love,ENHYPEN,Polaroid Love,4,12.306783333333334,2025-10-05 13:02:00,2026-06-18 08:11:00,1,Kpop,False
enhypen - shout out,ENHYPEN,SHOUT OUT,13,25.880200000000002,2025-10-05 13:09:00,2026-03-02 15:32:00,1,Kpop,True
enhypen - still monster,ENHYPEN,Still Monster,2,6.203966666666667,2025-10-08 12:16:00,2026-02-15 04:34:00,1,Kpop,False
enhypen - sweet venom,ENHYPEN,Sweet Venom,9,12.4566,2025-07-08 20:04:00,2026-03-11 10:42:00,1,Kpop,True
enhypen - tamed-dashed,ENHYPEN,Tamed-Dashed,1,3.2695,2025-10-05 13:31:00,2025-10-05 13:31:00,1,Kpop,False
enhypen - what makes you beautiful,ENHYPEN,What Makes You Beautiful,1,2.3051166666666667,2025-10-08 12:01:00,2025-10-08 12:01:00,1,Kpop,False
enhypen - xo (only if you say yes),ENHYPEN,XO (Only If You Say Yes),1,0.02535,2025-09-08 19:22:00,2025-09-08 19:22:00,0,Not in any playlist,False
erika lundmoen - яд,Erika Lundmoen,Яд,13,29.86375,2025-06-30 20:36:00,2026-04-17 13:56:00,3,"1 A.M, Life, Sensual",True
erykah badu - next to you,Erykah Badu,Next To You,1,0.03905,2025-07-09 21:49:00,2025-07-09 21:49:00,0,Not in any playlist,False
espejel eliezer - o amor à la carte,Espejel Eliezer,O Amor à La Carte,1,2.5364333333333335,2026-03-19 05:10:00,2026-03-19 05:10:00,0,Not in any playlist,False
everette harp - night calls,Everette Harp,Night Calls,1,0.014933333333333333,2026-02-06 14:45:00,2026-02-06 14:45:00,0,Not in any playlist,False
everglow - dun dun,EVERGLOW,DUN DUN,1,3.2046666666666668,2026-02-09 18:17:00,2026-02-09 18:17:00,1,Kpop,False
everglow - la di da,,,0,0.0,,,1,Kpop,False
everglow - slay,EVERGLOW,SLAY,2,7.3524666666666665,2026-02-09 18:05:00,2026-04-17 15:16:00,1,Kpop,False
exo - love shot,EXO,Love Shot,6,18.294266666666665,2025-06-26 05:33:00,2026-06-17 10:54:00,1,Kpop,False
exo - monster,EXO,Monster,2,7.378033333333334,2025-10-05 12:14:00,2026-03-03 05:23:00,1,Kpop,False
exo - the eve,EXO,The Eve,1,2.9337666666666666,2025-10-05 13:15:00,2025-10-05 13:15:00,0,Not in any playlist,False
exo - the first snow,EXO,The First Snow,4,10.40545,2025-09-30 05:44:00,2026-03-02 15:22:00,2,"Kpop, Kpop -hits",False
eyeroze - harleys in hawaii,eyeroze,Harleys In Hawaii,1,3.0674166666666665,2025-06-25 20:01:00,2025-06-25 20:01:00,0,Not in any playlist,False
f.hero - mirror mirror,,,0,0.0,,,1,Kpop,False
fabolous - can't let you go (feat. mike shorey & lil' mo),Fabolous,Can't Let You Go (feat. Mike Shorey & Lil' Mo),1,0.03758333333333334,2026-01-06 15:21:00,2026-01-06 15:21:00,0,Not in any playlist,False
faceless - venus,Faceless,Venus,2,2.7396,2025-08-12 07:31:00,2025-08-12 07:34:00,0,Not in any playlist,False
"faouzia - rip, love",Faouzia,"RIP, Love",6,14.589633333333332,2025-10-09 07:27:00,2026-05-05 12:24:00,0,Not in any playlist,True
far east movement - rocketeer,Far East Movement,Rocketeer,1,0.05175,2026-01-06 15:21:00,2026-01-06 15:21:00,0,Not in any playlist,False
fatcat - check in,FatCat,Check In,1,0.03465,2026-04-23 20:12:00,2026-04-23 20:12:00,0,Not in any playlist,False
fave - baby riddim,FAVE,Baby Riddim,2,6.3559,2026-06-08 13:56:00,2026-06-14 17:24:00,0,Not in any playlist,False
femi one - utawezana,FEMI ONE,Utawezana,1,0.0,2025-08-28 07:44:00,2025-08-28 07:44:00,0,Not in any playlist,False
fetty wap - my way (feat. monty),Fetty Wap,My Way (feat. Monty),1,0.13038333333333332,2026-04-23 19:53:00,2026-04-23 19:53:00,0,Not in any playlist,False
fetty wap - trap queen,Fetty Wap,Trap Queen,1,0.09225,2026-04-23 19:56:00,2026-04-23 19:56:00,0,Not in any playlist,False
fifty fifty - cupid,FIFTY FIFTY,Cupid,1,1.3585333333333334,2025-09-30 06:05:00,2025-09-30 06:05:00,0,Not in any playlist,False
fifty fifty - cupid - twin version,FIFTY FIFTY,Cupid - Twin Version,3,5.827933333333334,2025-10-05 07:06:00,2025-10-05 11:43:00,1,Kpop -hits,False
flavour - ashawo - remix,Flavour,Ashawo - Remix,3,9.35735,2026-02-15 07:22:00,2026-03-28 05:56:00,0,Not in any playlist,True
flavour - berna reloaded,Flavour,Berna Reloaded,1,0.01721666666666667,2025-08-28 08:18:00,2025-08-28 08:18:00,0,Not in any playlist,False
flavour - time to party,Flavour,Time To Party,1,0.020383333333333333,2025-08-28 07:49:00,2025-08-28 07:49:00,0,Not in any playlist,False
flavour - time to party (feat. diamond platnumz),Flavour,Time To Party (feat. Diamond Platnumz),1,0.0113,2025-08-28 08:18:00,2025-08-28 08:18:00,0,Not in any playlist,False
flo - fly girl (feat. missy elliott),FLO,Fly Girl (feat. Missy Elliott),9,30.807716666666668,2025-12-05 07:11:00,2026-06-05 13:25:00,1,R&B,False
flo - in my bag (feat. glorilla),FLO,In My Bag (feat. GloRilla),15,44.20486666666667,2025-07-09 21:52:00,2026-05-15 19:08:00,1,R&B,False
flo - walk like this,FLO,Walk Like This,2,6.583116666666667,2025-12-05 09:15:00,2026-01-30 06:34:00,0,Not in any playlist,True
flo milli - flo jackson,Flo Milli,Flo Jackson,4,9.327716666666667,2026-05-31 06:31:00,2026-06-15 13:06:00,1,"Volume up ,logic down",True
flo milli - never lose me,Flo Milli,Never Lose Me,2,2.241833333333333,2026-04-23 20:19:00,2026-06-16 11:32:00,0,Not in any playlist,False
floyymenor - gata only,FloyyMenor,Gata Only,9,15.003416666666666,2025-06-28 20:35:00,2026-06-16 07:17:00,1,Dance away,True
fly boi keno - kicking flavors,Fly Boi Keno,Kicking Flavors,1,2.1707666666666667,2026-06-16 11:12:00,2026-06-16 11:12:00,0,Not in any playlist,False
fly boi keno - kicking flavors kemix,Fly Boi Keno,Kicking Flavors Kemix,3,3.5296333333333334,2026-03-23 05:46:00,2026-06-16 07:25:00,0,Not in any playlist,True
fly boi keno - yike train,Fly Boi Keno,Yike Train,1,0.6333333333333333,2026-03-12 04:42:00,2026-03-12 04:42:00,0,Not in any playlist,True
fordo - jaded,Fordo,JADED,4,10.002566666666667,2025-06-29 19:58:00,2026-03-02 14:33:00,1,Dance away,False
fotya subliminals - face like a model,Fotya Subliminals,Face like a model,1,0.0394,2026-04-18 15:21:00,2026-04-18 15:21:00,0,Not in any playlist,False
fotya subliminals - rank first in all exams,Fotya Subliminals,Rank First in All Exams,1,1.6424166666666666,2026-04-18 15:23:00,2026-04-18 15:23:00,0,Not in any playlist,False
franglish - bébé na bébé,Franglish,Bébé na bébé,1,0.5883333333333334,2026-06-20 09:46:00,2026-06-20 09:46:00,0,Not in any playlist,False
franglish - position,Franglish,Position,1,2.3537666666666666,2026-06-20 09:23:00,2026-06-20 09:23:00,1,Franglish,False
franglish - trop parler,Franglish,Trop parler,10,25.970166666666664,2025-07-07 20:37:00,2026-06-20 09:31:00,1,Franglish,True
franglish - yoyo / petit coeur,Franglish,Yoyo / Petit coeur,1,4.86955,2026-06-20 09:28:00,2026-06-20 09:28:00,1,Franglish,False
frank - trouble,Frank,Trouble,2,2.2323833333333334,2025-07-09 21:32:00,2025-07-12 20:21:00,0,Not in any playlist,False
frank ocean - pink + white,Frank Ocean,Pink + White,2,3.47175,2026-04-23 20:29:00,2026-05-15 18:39:00,1,R&B,False
frank ocean - skyline to,Frank Ocean,Skyline To,2,0.18200000000000002,2025-07-09 21:43:00,2025-07-09 21:45:00,0,Not in any playlist,False
frank ocean - thinkin bout you,Frank Ocean,Thinkin Bout You,2,0.06745,2025-07-09 21:43:00,2025-07-09 21:45:00,0,Not in any playlist,False
frankie grande - hotel rock bottom (feat. ariana grande),Frankie Grande,Hotel Rock Bottom (feat. Ariana Grande),1,0.3501666666666667,2026-05-02 07:30:00,2026-05-02 07:30:00,0,Not in any playlist,False
frankie j - obsesion (no es amor) (feat. baby bash),Frankie J,Obsesion (No Es Amor) (feat. Baby Bash),1,0.04181666666666667,2026-01-06 15:21:00,2026-01-06 15:21:00,0,Not in any playlist,False
frankie valli - can't take my eyes off you,Frankie Valli,Can't Take My Eyes off You,1,0.03883333333333333,2026-03-27 07:19:00,2026-03-27 07:19:00,0,Not in any playlist,False
french montana - unforgettable,French Montana,Unforgettable,2,7.796716666666667,2025-08-03 19:07:00,2026-03-02 12:40:00,1,Dance away,False
fridayy - saving my love (feat. kehlani),Fridayy,Saving My Love (feat. Kehlani),1,0.05315,2025-07-09 21:49:00,2025-07-09 21:49:00,0,Not in any playlist,False
fugees - killing me softly with his song,Fugees,Killing Me Softly With His Song,1,0.059283333333333334,2026-03-13 05:53:00,2026-03-13 05:53:00,0,Not in any playlist,False
fujii kaze - shinunoga e-wa,Fujii Kaze,Shinunoga E-Wa,3,5.685483333333334,2025-10-04 10:52:00,2025-11-25 07:23:00,1,KIARA,False
fuse odg - azonto,Fuse ODG,Azonto,1,0.8646166666666667,2025-12-19 18:06:00,2025-12-19 18:06:00,0,Not in any playlist,False
future - like that,Future,Like That,1,4.461766666666667,2025-06-28 20:08:00,2025-06-28 20:08:00,1,Dance away,False
g nako - hapo,G Nako,Hapo,1,0.15338333333333334,2025-08-28 08:13:00,2025-08-28 08:13:00,0,Not in any playlist,False
gesaffelstein - lost in the fire (feat. the weeknd),Gesaffelstein,Lost in the Fire (feat. The Weeknd),1,0.09485,2026-03-27 07:18:00,2026-03-27 07:18:00,0,Not in any playlist,False
ginuwine - none of ur friends business,Ginuwine,None Of Ur Friends Business,1,0.05145,2026-03-13 05:53:00,2026-03-13 05:53:00,0,Not in any playlist,False
ginuwine - pony,Ginuwine,Pony,1,0.06345,2026-03-13 05:52:00,2026-03-13 05:52:00,0,Not in any playlist,False
girlfriend - emergency,Girlfriend,Emergency,17,38.568616666666664,2025-07-09 21:32:00,2026-05-15 19:46:00,1,R&B,False
givēon - for tonight,GIVĒON,For Tonight,1,3.204283333333333,2025-12-05 06:19:00,2025-12-05 06:19:00,0,Not in any playlist,False
givēon - heartbreak anniversary,GIVĒON,Heartbreak Anniversary,12,30.695716666666666,2025-08-02 21:22:00,2026-03-28 08:39:00,1,Life,True
givēon - like i want you,GIVĒON,Like I Want You,1,0.026383333333333335,2026-03-13 05:58:00,2026-03-13 05:58:00,0,Not in any playlist,False
givēon - rather be,GIVĒON,RATHER BE,1,0.03465,2025-07-09 21:49:00,2025-07-09 21:49:00,0,Not in any playlist,False
givēon - stuck on you,GIVĒON,Stuck On You,2,0.0382,2026-03-13 05:49:00,2026-03-13 05:56:00,0,Not in any playlist,False
givēon - twenties,GIVĒON,TWENTIES,7,17.221733333333333,2025-07-09 21:48:00,2026-03-28 06:23:00,1,Life,False
glass animals - heat waves,Glass Animals,Heat Waves,1,1.8331,2025-07-02 15:56:00,2025-07-02 15:56:00,1,KIARA,False
goon flavour - ngishutheni,Goon Flavour,Ngishutheni,1,0.4595666666666667,2025-08-12 07:31:00,2025-08-12 07:31:00,0,Not in any playlist,False
"gracie abrams - i love you, i'm sorry",Gracie Abrams,"I Love You, I'm Sorry",8,20.9529,2025-07-21 20:04:00,2026-03-28 07:11:00,1,Life,False
"gracie abrams - i miss you, i’m sorry",Gracie Abrams,"I miss you, I’m sorry",3,3.6151166666666668,2025-06-20 20:46:00,2026-06-11 20:51:00,0,Not in any playlist,False
gracie abrams - that’s so true,Gracie Abrams,That’s So True,8,22.17335,2025-08-08 14:13:00,2026-06-16 09:25:00,1,Life,True
"grover washington, jr. - just the two of us","Grover Washington, Jr.",Just the Two of Us,1,0.04275,2026-03-27 07:19:00,2026-03-27 07:19:00,0,Not in any playlist,False
guchi - jennifer - remix,Guchi,Jennifer - Remix,1,0.02865,2025-09-06 08:29:00,2025-09-06 08:29:00,0,Not in any playlist,False
gwen stefani - luxurious,Gwen Stefani,Luxurious,2,4.486300000000001,2026-03-13 05:52:00,2026-06-16 09:52:00,0,Not in any playlist,False
h.e.r. - avenue,H.E.R.,Avenue,3,10.572433333333333,2026-05-13 05:57:00,2026-06-09 05:45:00,2,"R&B, Sensual",True
h.e.r. - come through (feat. chris brown),H.E.R.,Come Through (feat. Chris Brown),41,108.42648333333334,2025-06-29 19:42:00,2026-05-23 14:50:00,4,"Dance away, Life, R&B, Sensual",True
h.e.r. - every kind of way,H.E.R.,Every Kind Of Way,1,0.036833333333333336,2026-03-13 05:58:00,2026-03-13 05:58:00,0,Not in any playlist,False
h.e.r. - wrong places (from songland),H.E.R.,Wrong Places (from Songland),1,0.07683333333333334,2025-07-09 21:42:00,2025-07-09 21:42:00,0,Not in any playlist,False
h33ra - shook,H33RA,SHOOK,2,6.105283333333333,2026-06-02 07:43:00,2026-06-19 17:49:00,2,"R&B, Sensual",True
h3adband - boo - sped up,H3adband,BOO - Sped Up,1,0.06171666666666667,2026-04-23 20:12:00,2026-04-23 20:12:00,0,Not in any playlist,False
hailee steinfeld - most girls,Hailee Steinfeld,Most Girls,1,0.053533333333333336,2025-12-09 13:55:00,2025-12-09 13:55:00,0,Not in any playlist,False
halsey - without me,Halsey,Without Me,1,3.3610166666666665,2025-06-21 20:59:00,2025-06-21 20:59:00,0,Not in any playlist,False
harmonize - aiyola,Harmonize,Aiyola,19,47.2847,2025-08-28 07:11:00,2026-06-17 10:40:00,1,OG😝,True
harmonize - amelowa,Harmonize,Amelowa,1,0.06438333333333333,2026-03-16 06:39:00,2026-03-16 06:39:00,0,Not in any playlist,False
harmonize - bado,Harmonize,Bado,1,0.01715,2025-08-28 07:48:00,2025-08-28 07:48:00,0,Not in any playlist,False
harmonize - bado (feat. diamond platnumz),Harmonize,Bado (feat. Diamond Platnumz),3,0.38016666666666665,2025-08-28 07:55:00,2026-03-16 06:34:00,0,Not in any playlist,False
harmonize - furaha,Harmonize,Furaha,1,0.021016666666666666,2025-11-25 06:45:00,2025-11-25 06:45:00,0,Not in any playlist,False
harmonize - kainama (feat. burna boy & diamond platnumz),Harmonize,Kainama (feat. Burna Boy & Diamond Platnumz),1,0.029133333333333334,2025-08-28 07:49:00,2025-08-28 07:49:00,0,Not in any playlist,False
harmonize - kushoto kulia,Harmonize,Kushoto Kulia,2,0.06893333333333333,2026-01-19 15:06:00,2026-03-16 06:39:00,0,Not in any playlist,False
harmonize - kwa ngwaru (feat. diamond platnumz),Harmonize,Kwa Ngwaru (feat. Diamond Platnumz),5,0.22108333333333335,2025-08-28 07:48:00,2026-03-16 06:38:00,0,Not in any playlist,False
harmonize - mama,Harmonize,Mama,1,0.0373,2026-03-16 06:39:00,2026-03-16 06:39:00,0,Not in any playlist,False
harmonize - matatizo,Harmonize,Matatizo,2,0.023283333333333333,2025-08-28 07:50:00,2025-08-28 07:50:00,0,Not in any playlist,False
harmonize - mtaje,Harmonize,Mtaje,1,0.06846666666666666,2026-03-16 06:39:00,2026-03-16 06:39:00,0,Not in any playlist,False
harmonize - mwenyewe,Harmonize,Mwenyewe,1,0.059833333333333336,2025-11-25 06:45:00,2025-11-25 06:45:00,0,Not in any playlist,False
harmonize - my boo - remix,Harmonize,My Boo - Remix,1,0.07745,2026-03-16 06:34:00,2026-03-16 06:34:00,0,Not in any playlist,False
harmonize - niambie?,Harmonize,Niambie?,1,0.147,2026-03-16 06:35:00,2026-03-16 06:35:00,0,Not in any playlist,False
harmonize - nishachoka,Harmonize,Nishachoka,1,0.03431666666666667,2025-08-28 07:44:00,2025-08-28 07:44:00,0,Not in any playlist,False
harmonize - nitaubeba,Harmonize,Nitaubeba,1,0.04738333333333333,2025-11-25 06:45:00,2025-11-25 06:45:00,0,Not in any playlist,False
harmonize - niteke,Harmonize,Niteke,11,30.26653333333333,2025-11-25 06:44:00,2026-03-30 18:06:00,1,OG😝,False
harmonize - paranawe (feat. rayvanny),Harmonize,Paranawe (feat. Rayvanny),1,0.052033333333333334,2025-09-06 08:30:00,2025-09-06 08:30:00,0,Not in any playlist,False
harmonize - show me (feat. rich mavoko),Harmonize,Show Me (feat. Rich Mavoko),3,2.25625,2025-08-28 07:08:00,2025-08-28 07:09:00,0,Not in any playlist,False
harmonize - single again,Harmonize,Single Again,1,0.02935,2025-12-05 17:31:00,2025-12-05 17:31:00,0,Not in any playlist,False
harmonize - uno,Harmonize,Uno,2,0.19628333333333334,2026-01-19 15:07:00,2026-03-16 06:38:00,0,Not in any playlist,False
harmonize - vibaya,Harmonize,Vibaya,1,0.036583333333333336,2026-03-16 06:40:00,2026-03-16 06:40:00,0,Not in any playlist,False
harmonize - wote,Harmonize,Wote,9,22.842266666666667,2025-11-25 14:36:00,2026-05-23 10:38:00,1,OG😝,True
harry styles - watermelon sugar,Harry Styles,Watermelon Sugar,1,2.89985,2026-05-05 17:38:00,2026-05-05 17:38:00,1,Dance away,False
high vibes now! - attract love,High Vibes Now!,Attract Love,4,38.266666666666666,2026-04-18 23:28:00,2026-04-24 22:13:00,0,Not in any playlist,False
high vibes now! - crypto-currency abundance,High Vibes Now!,Crypto-Currency Abundance,4,38.86666666666667,2026-04-18 15:34:00,2026-04-25 03:57:00,0,Not in any playlist,False
high vibes now! - cyrpto dream life,High Vibes Now!,Cyrpto Dream Life,3,28.1,2026-04-18 22:41:00,2026-04-24 23:49:00,0,Not in any playlist,False
high vibes now! - high vibrations now!,High Vibes Now!,High Vibrations Now!,3,28.4,2026-04-18 22:12:00,2026-04-25 01:09:00,0,Not in any playlist,False
high vibes now! - increase your psychic abilities,High Vibes Now!,Increase Your Psychic Abilities,3,25.5,2026-04-19 06:26:00,2026-04-25 03:47:00,0,Not in any playlist,False
high vibes now! - insomnia no more,High Vibes Now!,Insomnia No More,3,26.45,2026-04-18 23:37:00,2026-04-25 04:45:00,0,Not in any playlist,False
high vibes now! - law of attraction,High Vibes Now!,Law of Attraction,3,28.7,2026-04-19 05:52:00,2026-04-25 05:29:00,0,Not in any playlist,False
high vibes now! - manifest miracles,High Vibes Now!,Manifest Miracles,3,21.75,2026-04-19 04:58:00,2026-04-25 04:04:00,0,Not in any playlist,False
high vibes now! - manifest money,High Vibes Now!,Manifest Money,4,33.93411666666667,2026-04-19 06:55:00,2026-04-25 05:20:00,0,Not in any playlist,False
high vibes now! - manifest whatever you want,High Vibes Now!,Manifest Whatever You Want,1,4.513016666666666,2026-04-18 16:06:00,2026-04-18 16:06:00,0,Not in any playlist,False
high vibes now! - money beach,High Vibes Now!,Money Beach,5,48.916666666666664,2026-04-18 15:49:00,2026-04-24 23:40:00,0,Not in any playlist,False
high vibes now! - money snowstorm,High Vibes Now!,Money Snowstorm,3,29.700000000000003,2026-04-19 04:44:00,2026-04-24 22:35:00,0,Not in any playlist,False
high vibes now! - money storm,High Vibes Now!,Money Storm,5,31.7347,2026-04-18 16:23:00,2026-04-24 22:25:00,0,Not in any playlist,False
high vibes now! - money stream,High Vibes Now!,Money Stream,4,34.4,2026-04-18 15:57:00,2026-04-24 22:59:00,0,Not in any playlist,False
high vibes now! - money waterfall,High Vibes Now!,Money Waterfall,3,28.3,2026-04-19 07:59:00,2026-04-24 21:05:00,0,Not in any playlist,False
high vibes now! - ocean of gold,High Vibes Now!,Ocean of Gold,3,29.5,2026-04-19 08:42:00,2026-04-25 01:00:00,0,Not in any playlist,False
high vibes now! - raining money,High Vibes Now!,Raining Money,5,41.916666666666664,2026-04-18 23:56:00,2026-04-24 21:14:00,0,Not in any playlist,False
high vibes now! - reprogram your mind for wealth,High Vibes Now!,Reprogram Your Mind for Wealth,4,29.671033333333334,2026-04-18 21:36:00,2026-04-25 06:03:00,0,Not in any playlist,False
high vibes now! - sunset wealth,High Vibes Now!,Sunset Wealth,3,29.199999999999996,2026-04-18 22:51:00,2026-04-25 04:54:00,0,Not in any playlist,False
high vibes now! - swimming in money,High Vibes Now!,Swimming in Money,5,32.87656666666666,2026-04-19 06:51:00,2026-04-25 03:31:00,0,Not in any playlist,False
high vibes now! - wealth activation,High Vibes Now!,Wealth Activation,1,7.766666666666667,2026-04-24 07:07:00,2026-04-24 07:07:00,0,Not in any playlist,False
hillsong united - oceans (where feet may fail),Hillsong UNITED,Oceans (Where Feet May Fail),5,8.722233333333334,2025-10-26 05:26:00,2026-03-12 05:01:00,0,Not in any playlist,False
hoodiee - dnd,Hoodiee,DND,3,3.109433333333333,2025-09-08 19:21:00,2026-01-06 15:19:00,1,1 A.M,False
huntr/x - golden,HUNTR/X,Golden,11,28.520783333333334,2025-08-09 05:09:00,2026-05-13 20:01:00,1,Kpop -hits,True
huntr/x - golden - acapella,HUNTR/X,Golden - Acapella,2,3.3760666666666665,2025-08-09 05:06:00,2026-04-13 07:51:00,0,Not in any playlist,True
huntr/x - golden - david guetta rem/x,HUNTR/X,Golden - David Guetta REM/X,1,2.9375,2025-08-09 04:56:00,2025-08-09 04:56:00,0,Not in any playlist,False
huntr/x - golden - david guetta rem/x (extended),HUNTR/X,Golden - David Guetta REM/X (Extended),1,0.5114,2025-08-09 05:16:00,2025-08-09 05:16:00,0,Not in any playlist,False
huntr/x - golden - instrumental,HUNTR/X,Golden - Instrumental,1,0.41515,2025-08-09 05:10:00,2025-08-09 05:10:00,0,Not in any playlist,False
huntr/x - how it’s done,HUNTR/X,How It’s Done,5,11.8958,2025-08-09 05:15:00,2026-01-17 07:21:00,0,Not in any playlist,True
huntr/x - takedown,HUNTR/X,Takedown,4,12.13445,2025-08-09 05:03:00,2026-01-21 10:48:00,1,Kpop -hits,False
huntr/x - what it sounds like,HUNTR/X,What It Sounds Like,9,32.28661666666667,2025-09-08 19:22:00,2026-06-19 19:23:00,0,Not in any playlist,True
hwasa - good goodbye,HWASA,Good Goodbye,1,0.030783333333333333,2026-03-27 07:17:00,2026-03-27 07:17:00,0,Not in any playlist,False
hwasa - i love my body,HWASA,I Love My Body,2,5.005866666666667,2026-02-09 18:52:00,2026-02-14 05:57:00,1,Kpop,False
hwasa - maria,HWASA,Maria,4,13.268433333333334,2025-10-08 12:04:00,2026-02-15 04:51:00,1,Kpop,False
hyuna&dawn - ping pong,HyunA&DAWN,PING PONG,3,5.72925,2025-09-29 17:16:00,2026-02-10 19:32:00,2,"Kpop, Kpop -hits",False
i-dle - queencard,i-dle,Queencard,2,5.374666666666666,2026-02-14 06:08:00,2026-04-17 15:28:00,1,Kpop,False
i-dle - tomboy,,,0,0.0,,,1,Kpop,False
i-land - into the i-land,I-LAND,Into the I-LAND,6,14.501233333333333,2025-09-29 17:55:00,2026-04-15 18:19:00,2,"Kpop, Kpop -hits",False
ibraah - mapenzi,Ibraah,Mapenzi,1,0.06743333333333333,2026-03-16 06:40:00,2026-03-16 06:40:00,0,Not in any playlist,False
ikon - love scenario,iKON,LOVE SCENARIO,4,8.576533333333334,2026-02-15 05:07:00,2026-06-18 08:54:00,1,Kpop,False
illit - magnetic,ILLIT,Magnetic,3,6.1640999999999995,2025-06-22 20:19:00,2026-06-18 08:36:00,1,Kpop,False
imagine dragons - bad liar,,,0,0.0,,,1,KIARA,False
imagine dragons - believer,Imagine Dragons,Believer,1,3.4057833333333334,2025-10-15 07:37:00,2025-10-15 07:37:00,1,KIARA,False
impact boston band - locked out of heaven,IMPACT Boston Band,Locked Out of Heaven,1,3.8790833333333334,2026-06-09 06:39:00,2026-06-09 06:39:00,0,Not in any playlist,True
innoss'b - yo pe (remix),Innoss'B,Yo Pe (Remix),1,0.017283333333333335,2025-08-28 07:50:00,2025-08-28 07:50:00,0,Not in any playlist,False
innoss'b - yo pe - remix,Innoss'B,Yo Pe - Remix,11,31.359883333333336,2025-08-28 07:49:00,2026-04-01 14:45:00,1,OG😝,False
insane clown posse - prom queen,Insane Clown Posse,Prom Queen,1,0.031066666666666666,2026-04-23 20:13:00,2026-04-23 20:13:00,0,Not in any playlist,False
isabel larosa - eyes don't lie,Isabel LaRosa,eyes don't lie,11,7.77475,2025-09-08 19:21:00,2026-06-20 08:16:00,2,"1 A.M, ❤️😍",False
isabel larosa - favorite,Isabel LaRosa,Favorite,8,15.631333333333332,2025-08-03 18:57:00,2026-03-28 06:57:00,1,Life,False
isabel larosa - older,Isabel LaRosa,older,1,0.03698333333333333,2026-01-12 18:36:00,2026-01-12 18:36:00,0,Not in any playlist,False
isaiah falls - night off,Isaiah Falls,NIGHT OFF,1,0.040016666666666666,2025-07-09 21:50:00,2025-07-09 21:50:00,0,Not in any playlist,False
isaiah falls - searching,Isaiah Falls,SEARCHING,1,0.0694,2025-07-09 21:48:00,2025-07-09 21:48:00,0,Not in any playlist,False
isko - любовь в ресторане,Isko,Любовь в ресторане,1,0.5728666666666666,2026-04-23 20:22:00,2026-04-23 20:22:00,1,✨Russian ✨,False
isko - моя душа,Isko,Моя душа,1,0.95365,2026-04-23 20:23:00,2026-04-23 20:23:00,1,✨Russian ✨,False
isko - так не спокойна,Isko,так не спокойна,6,8.186250000000001,2025-10-23 20:03:00,2026-04-23 20:21:00,1,✨Russian ✨,True
ive - eleven,IVE,ELEVEN,1,2.9598833333333334,2026-03-02 15:51:00,2026-03-02 15:51:00,1,Kpop,False
j-hope - killin' it girl (feat. glorilla),j-hope,Killin' It Girl (feat. GloRilla),3,3.1274333333333333,2025-10-08 12:59:00,2025-11-23 12:39:00,1,Kpop,False
j-hope - killin' it girl (solo version),j-hope,Killin' It Girl (Solo Version),3,6.941366666666667,2026-04-15 18:27:00,2026-06-18 07:46:00,0,Not in any playlist,False
j-hope - mona lisa,j-hope,MONA LISA,4,6.923866666666667,2026-04-15 18:29:00,2026-06-19 19:07:00,1,Kpop,False
j. cole - work out,J. Cole,Work Out,1,0.09415,2026-04-23 19:56:00,2026-04-23 19:56:00,0,Not in any playlist,False
j.tajor - like i do,J.Tajor,Like I Do,8,17.417066666666667,2025-07-15 19:47:00,2026-01-29 10:55:00,1,Dance away,True
j.tajor - like i do (with sunkis),J.Tajor,Like I Do (with sunkis),1,2.495233333333333,2025-10-15 07:14:00,2025-10-15 07:14:00,1,KIARA,False
ja rule - mesmerize,Ja Rule,Mesmerize,1,0.04683333333333333,2026-01-06 15:21:00,2026-01-06 15:21:00,0,Not in any playlist,False
jade lemac - constellations,Jade LeMac,Constellations,12,36.734383333333334,2025-10-01 08:10:00,2026-05-15 18:14:00,3,"Feelings, KIARA, R&B",False
james arthur - can i be him,James Arthur,Can I Be Him,1,2.0816,2026-06-14 15:57:00,2026-06-14 15:57:00,0,Not in any playlist,True
james arthur - car's outside,James Arthur,Car's Outside,1,4.13955,2025-06-20 20:36:00,2025-06-20 20:36:00,0,Not in any playlist,False
james arthur - empty space,James Arthur,Empty Space,3,6.487266666666667,2026-06-08 13:39:00,2026-06-08 13:46:00,0,Not in any playlist,True
james arthur - impossible,James Arthur,Impossible,1,0.04806666666666667,2026-06-08 13:43:00,2026-06-08 13:43:00,0,Not in any playlist,False
james arthur - rewrite the stars,James Arthur,Rewrite The Stars,1,3.6382166666666667,2025-10-04 10:36:00,2025-10-04 10:36:00,1,KIARA,False
james arthur - rewrite the stars (with james arthur & anne-marie),James Arthur,Rewrite The Stars (with James Arthur & Anne-Marie),2,7.276433333333333,2025-06-21 20:56:00,2025-07-02 20:24:00,0,Not in any playlist,False
james arthur - say you won't let go,James Arthur,Say You Won't Let Go,4,3.5695500000000004,2025-07-01 20:03:00,2025-10-15 07:54:00,1,KIARA,False
james arthur - train wreck,James Arthur,Train Wreck,5,11.266,2025-06-21 20:34:00,2026-06-16 09:22:00,0,Not in any playlist,True
janine - never the right time,Janine,Never the Right Time,1,0.09485,2025-07-09 21:41:00,2025-07-09 21:41:00,0,Not in any playlist,False
jason derulo - it girl,Jason Derulo,It Girl,1,0.05205,2026-01-06 15:22:00,2026-01-06 15:22:00,0,Not in any playlist,False
jax - like my father,Jax,like my father,1,3.052216666666667,2025-10-15 07:30:00,2025-10-15 07:30:00,1,KIARA,False
jay melody - nakupenda,Jay Melody,Nakupenda,1,0.04875,2025-11-19 18:56:00,2025-11-19 18:56:00,0,Not in any playlist,False
jay park - mommae (feat. ugly duck),Jay Park,MOMMAE (Feat. Ugly Duck),1,3.416533333333333,2026-04-17 14:56:00,2026-04-17 14:56:00,1,Kpop,False
jazmine sullivan - u get on my nerves (with ne-yo),Jazmine Sullivan,U Get On My Nerves (with Ne-Yo),1,0.03133333333333333,2026-01-06 15:20:00,2026-01-06 15:20:00,0,Not in any playlist,False
jeff satur - tell me the name,Jeff Satur,Tell Me The Name,1,3.09335,2025-06-25 20:09:00,2025-06-25 20:09:00,0,Not in any playlist,False
jennie - extral (feat. doechii),JENNIE,ExtraL (feat. Doechii),16,37.86775,2025-06-28 20:15:00,2026-06-16 07:04:00,3,"Dance away, Kpop -hits, Life",True
jennie - like jennie,JENNIE,like JENNIE,7,14.41035,2025-06-22 19:53:00,2025-10-05 11:40:00,1,Kpop -hits,False
jennie - mantra,JENNIE,Mantra,5,10.89185,2025-07-02 16:05:00,2025-11-23 12:20:00,1,Kpop -hits,False
jennie - seoul city,JENNIE,Seoul City,22,46.609633333333335,2025-06-30 20:17:00,2026-06-20 08:33:00,3,"Kpop -hits, Life, ❤️😍",False
jennie - solo,JENNIE,SOLO,3,8.478316666666666,2025-10-05 12:17:00,2026-06-17 11:14:00,1,Kpop,False
jennie - you & me (coachella ver.),JENNIE,You & Me (Coachella ver.),1,2.99775,2026-06-18 07:55:00,2026-06-18 07:55:00,0,Not in any playlist,False
jeon somi - dumb dumb,JEON SOMI,DUMB DUMB,1,2.454,2026-02-10 19:35:00,2026-02-10 19:35:00,1,Kpop,False
jeon somi - fast forward,JEON SOMI,Fast Forward,1,0.27708333333333335,2026-01-08 18:23:00,2026-01-08 18:23:00,0,Not in any playlist,False
jeon somi - xoxo,JEON SOMI,XOXO,1,3.4608166666666667,2026-03-02 15:18:00,2026-03-02 15:18:00,1,Kpop,False
jeremih - birthday sex,Jeremih,Birthday Sex,3,1.3955833333333334,2026-03-13 05:55:00,2026-06-16 09:44:00,0,Not in any playlist,False
jeremih - don't tell 'em,Jeremih,Don't Tell 'Em,1,0.06786666666666667,2026-04-23 19:56:00,2026-04-23 19:56:00,0,Not in any playlist,False
jeremih - oui,Jeremih,oui,1,0.030716666666666666,2026-01-06 15:21:00,2026-01-06 15:21:00,0,Not in any playlist,False
jeremy zucker - comethru,,,0,0.0,,,1,KIARA,False
jessi - cold blooded,Jessi,Cold Blooded,2,3.3840500000000002,2026-02-14 06:03:00,2026-04-17 15:06:00,1,Kpop,False
jessi - gum,Jessi,Gum,1,0.016716666666666668,2026-03-03 05:15:00,2026-03-03 05:15:00,1,Kpop,False
jessi - nunu nana,Jessi,NUNU NANA,1,3.263933333333333,2026-02-09 18:27:00,2026-02-09 18:27:00,1,Kpop,False
jessi - zoom,Jessi,ZOOM,1,2.914,2026-06-16 13:03:00,2026-06-16 13:03:00,1,Kpop,False
jessie j - bang bang,Jessie J,Bang Bang,2,3.3231166666666665,2026-02-02 18:11:00,2026-03-07 08:45:00,0,Not in any playlist,False
jessie j - price tag - sped up,Jessie J,Price Tag - Sped Up,4,11.253483333333334,2025-06-29 19:24:00,2026-04-15 19:34:00,0,Not in any playlist,True
jhené aiko - b.s. (feat. h.e.r.),Jhené Aiko,B.S. (feat. H.E.R.),1,0.10791666666666666,2025-07-09 21:41:00,2025-07-09 21:41:00,0,Not in any playlist,False
jhené aiko - never call me,Jhené Aiko,Never Call Me,1,0.019566666666666666,2025-07-09 21:41:00,2025-07-09 21:41:00,0,Not in any playlist,False
jhené aiko - never call me (feat. yg) - remix,Jhené Aiko,Never Call Me (feat. YG) - Remix,1,0.07518333333333334,2025-07-09 21:39:00,2025-07-09 21:39:00,0,Not in any playlist,False
jhené aiko - p*$$y fairy (otw),Jhené Aiko,P*$$Y Fairy (OTW),15,31.581950000000003,2025-07-09 21:41:00,2026-02-13 17:16:00,0,Not in any playlist,False
jhené aiko - sativa,Jhené Aiko,Sativa,1,0.05148333333333333,2026-03-13 05:58:00,2026-03-13 05:58:00,0,Not in any playlist,False
jhené aiko - stay ready (what a life),Jhené Aiko,Stay Ready (What A Life),2,0.08101666666666667,2026-01-12 18:36:00,2026-03-13 05:58:00,0,Not in any playlist,False
jhené aiko - the worst,Jhené Aiko,The Worst,17,51.161316666666664,2025-07-09 21:41:00,2026-03-13 06:43:00,1,R&B,False
jimin - who,Jimin,Who,1,2.848133333333333,2026-02-15 07:03:00,2026-02-15 07:03:00,0,Not in any playlist,True
jisoo - all eyes on me,JISOO,All Eyes On Me,1,2.7253666666666665,2026-06-18 07:58:00,2026-06-18 07:58:00,0,Not in any playlist,False
jisoo - eyes closed (with zayn),JISOO,EYES CLOSED (with ZAYN),13,33.3731,2025-10-26 02:10:00,2026-06-19 19:10:00,1,R&B,True
jisoo - flower,JISOO,FLOWER,1,2.8855666666666666,2026-06-17 11:11:00,2026-06-17 11:11:00,0,Not in any playlist,False
jm - august,JM,August,1,3.7098333333333335,2026-06-16 07:32:00,2026-06-16 07:32:00,0,Not in any playlist,False
jmsn - love me,JMSN,Love Me,1,0.1122,2026-03-13 05:56:00,2026-03-13 05:56:00,0,Not in any playlist,False
joe cocker - feelin' alright,Joe Cocker,Feelin' Alright,1,0.033633333333333335,2026-01-06 15:24:00,2026-01-06 15:24:00,0,Not in any playlist,False
joe kay - frontin & crushin (with arin ray & blackway),Joe Kay,Frontin & Crushin (with Arin Ray & Blackway),2,4.652166666666667,2026-01-02 15:40:00,2026-06-16 07:47:00,1,Sensual,True
joe kay - hesitation (with karri),Joe Kay,Hesitation (with Karri),1,0.04923333333333333,2025-07-09 21:50:00,2025-07-09 21:50:00,0,Not in any playlist,False
joel adams - please don't go,,,0,0.0,,,1,KIARA,False
john legend - tonight (best you ever had) (feat. ludacris),John Legend,Tonight (Best You Ever Had) (feat. Ludacris),1,0.11763333333333334,2026-03-13 05:52:00,2026-03-13 05:52:00,0,Not in any playlist,False
jojo - too little too late,JoJo,Too Little Too Late,1,0.041416666666666664,2026-03-13 05:54:00,2026-03-13 05:54:00,0,Not in any playlist,False
jokers - 오솔길 path,Jokers,오솔길 Path,1,0.20996666666666666,2025-08-09 04:50:00,2025-08-09 04:50:00,0,Not in any playlist,False
jonas blue - mama,Jonas Blue,Mama,2,3.073,2025-07-15 20:23:00,2025-07-16 08:50:00,1,Dance away,False
jonas blue - rise,Jonas Blue,Rise,1,3.2401333333333335,2026-01-26 11:21:00,2026-01-26 11:21:00,0,Not in any playlist,False
jonathan - never be the same,Jonathan,Never Be the Same,5,14.596350000000001,2025-11-28 11:54:00,2026-06-16 09:16:00,0,Not in any playlist,True
jordan adetunji - kehlani (remix) [feat. kehlani],Jordan Adetunji,KEHLANI (REMIX) [feat. Kehlani],11,16.0945,2025-07-13 14:00:00,2026-06-16 06:55:00,1,Sensual,True
jordin sparks - no air (feat. chris brown),Jordin Sparks,No Air (feat. Chris Brown),1,0.05885,2026-03-13 05:50:00,2026-03-13 05:50:00,0,Not in any playlist,False
jordy - nice things,JORDY,NICE THINGS,5,9.808116666666667,2025-07-07 20:25:00,2026-05-02 12:38:00,1,Sensual,True
jordyne - like a drug,Jordyne,Like A Drug,1,0.046016666666666664,2025-09-08 19:20:00,2025-09-08 19:20:00,2,"1 A.M, Sensual",True
jorja smith - the one,Jorja Smith,The One,1,0.03385,2026-03-13 05:57:00,2026-03-13 05:57:00,0,Not in any playlist,False
jose chameleone - jamila,Jose Chameleone,Jamila,1,0.07351666666666666,2026-01-19 15:07:00,2026-01-19 15:07:00,0,Not in any playlist,False
jose chameleone - tubonge,Jose Chameleone,Tubonge,1,0.022166666666666668,2026-03-16 06:34:00,2026-03-16 06:34:00,0,Not in any playlist,False
josh levi - birthday dance,Josh Levi,BIRTHDAY DANCE,1,2.408166666666667,2025-12-05 06:58:00,2025-12-05 06:58:00,0,Not in any playlist,False
josh levi - birthday dance (bonus),Josh Levi,BIRTHDAY DANCE (BONUS),11,16.136783333333334,2025-10-13 08:35:00,2026-06-19 18:21:00,1,Sensual,True
josh makazo - human nature,Josh Makazo,Human Nature,1,2.9629666666666665,2025-10-04 11:30:00,2025-10-04 11:30:00,1,KIARA,False
josh makazo - numb,Josh Makazo,Numb,2,5.422183333333333,2025-07-01 20:15:00,2025-10-04 11:10:00,1,KIARA,False
joshua baraka - nana,Joshua Baraka,NANA,1,2.4347833333333333,2025-10-17 12:40:00,2025-10-17 12:40:00,0,Not in any playlist,False
joshua baraka - wrong places,Joshua Baraka,Wrong Places,13,34.22311666666667,2025-07-03 15:54:00,2026-06-02 12:32:00,1,Kenyan tunes,False
joé dwèt filé - 4 kampé,Joé Dwèt Filé,4 Kampé,1,3.5831,2026-06-20 09:38:00,2026-06-20 09:38:00,1,Franglish,False
joé dwèt filé - 4 kampé ii,,,0,0.0,,,0,Not in any playlist,True
jp saxe - if the world was ending (feat. julia michaels),JP Saxe,If the World Was Ending (feat. Julia Michaels),5,13.912466666666667,2026-01-21 15:37:00,2026-05-15 21:27:00,3,"KIARA, Life, R&B",True
juls - mare,Juls,Mare,5,17.4498,2025-08-12 07:43:00,2026-05-23 09:31:00,1,Kenyan tunes,False
jung kook - 3d (feat. jack harlow),Jung Kook,3D (feat. Jack Harlow),6,15.1508,2025-09-29 17:00:00,2026-02-09 17:58:00,2,"Kpop, Kpop -hits",False
jung kook - 3d (feat. jack harlow) (clean ver.),Jung Kook,3D (feat. Jack Harlow) (Clean Ver.),1,3.3674333333333335,2025-09-29 16:57:00,2025-09-29 16:57:00,0,Not in any playlist,False
jung kook - my you,,,0,0.0,,,1,Kpop,False
jung kook - please don't change (feat. dj snake),Jung Kook,Please Don't Change (feat. DJ Snake),8,14.668433333333333,2025-09-30 06:27:00,2026-06-19 12:19:00,0,Not in any playlist,True
jung kook - seven (feat. latto),Jung Kook,Seven (feat. Latto),1,3.0693333333333332,2025-09-29 17:03:00,2025-09-29 17:03:00,0,Not in any playlist,False
jung kook - seven (feat. latto) (clean ver.),Jung Kook,Seven (feat. Latto) (Clean Ver.),3,6.371316666666667,2025-09-30 06:24:00,2025-11-23 10:54:00,1,Kpop -hits,False
jung kook - seven (feat. latto) (explicit ver.),Jung Kook,Seven (feat. Latto) (Explicit Ver.),5,7.14935,2025-06-22 20:05:00,2025-09-29 17:03:00,1,Kpop,False
jung kook - standing next to you,Jung Kook,Standing Next to You,14,44.328633333333336,2025-07-21 06:59:00,2026-06-18 08:30:00,3,"KIARA, Kpop -hits, Life",False
jung kook - still with you,Jung Kook,Still With You,11,36.00731666666667,2025-09-29 16:53:00,2026-06-18 08:58:00,2,"Kpop, Kpop -hits",True
jung kook - yes or no,Jung Kook,Yes or No,26,49.88106666666667,2025-06-22 19:48:00,2026-06-16 12:45:00,3,"Kpop, Kpop -hits, Life",True
junny - invitation (feat. gaeko),JUNNY,INVITATION (Feat. Gaeko),6,15.9764,2026-03-27 07:12:00,2026-06-16 07:37:00,2,"R&B, Sensual",True
just like magic subliminals - life suddenly gets a billion times better,Just Like Magic Subliminals,Life Suddenly Gets a Billion Times Better,1,2.1671833333333335,2026-04-24 06:38:00,2026-04-24 06:38:00,0,Not in any playlist,False
just like magic subliminals - lucky girl syndrome (extreme luck subliminal),Just Like Magic Subliminals,Lucky Girl Syndrome (Extreme Luck Subliminal),1,2.9838833333333334,2026-04-25 07:13:00,2026-04-25 07:13:00,0,Not in any playlist,False
justin bieber - all that matters,Justin Bieber,All That Matters,4,9.886866666666666,2026-05-15 21:45:00,2026-06-19 18:01:00,0,Not in any playlist,False
justin bieber - baby,Justin Bieber,Baby,2,3.678266666666667,2025-10-15 07:54:00,2026-02-16 08:28:00,1,KIARA,False
justin bieber - boyfriend,Justin Bieber,Boyfriend,5,8.56665,2025-10-13 08:09:00,2026-06-16 08:25:00,0,Not in any playlist,True
justin bieber - company,Justin Bieber,Company,13,38.506883333333334,2025-07-08 20:48:00,2026-01-30 07:52:00,1,Life,False
justin bieber - confident,Justin Bieber,Confident,28,99.72085,2025-07-02 16:13:00,2026-06-16 09:15:00,2,"Life, Sensual",True
justin bieber - daisies,Justin Bieber,DAISIES,11,32.34973333333333,2025-08-07 19:28:00,2026-03-28 06:27:00,2,"Dance away, Life",True
justin bieber - flatline,Justin Bieber,Flatline,21,57.15581666666667,2025-07-16 08:53:00,2026-04-01 09:27:00,2,"Dance away, Life",False
justin bieber - go baby,Justin Bieber,GO BABY,2,2.23965,2025-07-22 20:43:00,2025-08-07 19:47:00,0,Not in any playlist,False
justin bieber - love yourself,,,0,0.0,,,1,KIARA,False
justin bieber - peaches (feat. daniel caesar & giveon),Justin Bieber,Peaches (feat. Daniel Caesar & Giveon),12,31.796916666666664,2025-10-09 06:33:00,2026-05-13 19:29:00,0,Not in any playlist,True
justin bieber - right here,Justin Bieber,Right Here,2,0.06546666666666667,2026-01-06 15:21:00,2026-03-24 10:25:00,0,Not in any playlist,False
justin bieber - sorry,Justin Bieber,Sorry,3,5.06335,2025-09-21 06:50:00,2026-05-23 08:44:00,1,KIARA,False
justin bieber - that should be me,Justin Bieber,That Should Be Me,9,31.196916666666667,2025-08-16 08:05:00,2025-12-27 06:39:00,1,Life,False
justin bieber - yukon,Justin Bieber,YUKON,4,8.682383333333334,2025-12-05 07:29:00,2026-03-01 07:46:00,1,R&B,False
justin timberlake - mirrors,Justin Timberlake,Mirrors,7,56.19535,2025-09-06 11:11:00,2026-06-18 09:44:00,2,"Life, ❤️😍",False
justin timberlake - my love (feat. t.i.),Justin Timberlake,My Love (feat. T.I.),1,0.027133333333333332,2026-03-13 05:51:00,2026-03-13 05:51:00,0,Not in any playlist,False
justin timberlake - sexyback (feat. timbaland),Justin Timberlake,SexyBack (feat. Timbaland),5,12.449933333333334,2026-04-23 19:58:00,2026-06-16 11:23:00,1,"Volume up ,logic down",False
justin timberlake - summer love,Justin Timberlake,Summer Love,1,0.05371666666666667,2026-03-13 05:56:00,2026-03-13 05:56:00,0,Not in any playlist,False
justin timberlake - what goes around.../...comes around (interlude),Justin Timberlake,What Goes Around.../...Comes Around (Interlude),1,0.04805,2026-03-13 05:52:00,2026-03-13 05:52:00,0,Not in any playlist,False
justine skye - collide (feat. tyga),Justine Skye,Collide (feat. Tyga),7,17.500766666666667,2025-07-02 20:40:00,2026-05-27 07:44:00,1,1 A.M,False
justine skye - collide (sped up remix),Justine Skye,Collide (Sped Up Remix),4,7.403133333333333,2025-10-09 06:13:00,2025-11-29 07:03:00,1,Sensual,True
jux - enjoy,Jux,Enjoy,2,0.04955,2025-08-28 07:49:00,2025-08-28 08:17:00,0,Not in any playlist,False
jux - nidhibiti,Jux,Nidhibiti,1,0.019616666666666668,2025-08-28 08:14:00,2025-08-28 08:14:00,0,Not in any playlist,False
jux - ololufe mi,Jux,OLOLUFE MI,2,0.16573333333333334,2025-08-28 08:17:00,2026-03-16 06:50:00,0,Not in any playlist,False
jux - sisiki,Jux,Sisiki,1,0.06513333333333333,2025-08-28 09:20:00,2025-08-28 09:20:00,0,Not in any playlist,False
jux - unaniweza,Jux,Unaniweza,2,0.038016666666666664,2025-08-28 07:55:00,2026-03-16 06:33:00,0,Not in any playlist,False
"k.o - sete remix (feat. young stunna, diamond platnumz & oxlade)",K.O,"SETE REMIX (feat. Young Stunna, Diamond Platnumz & Oxlade)",1,0.015066666666666667,2025-08-28 07:49:00,2025-08-28 07:49:00,0,Not in any playlist,False
kaash paige - love songs,Kaash Paige,Love Songs,17,37.41613333333333,2025-09-03 17:12:00,2026-06-20 09:51:00,2,"Life, Sensual",True
kai - mmmh,KAI,Mmmh,3,9.617333333333333,2025-09-30 05:54:00,2026-02-14 05:54:00,2,"Kpop, Kpop -hits",False
kai - rover,KAI,Rover,8,8.967133333333333,2025-10-05 07:34:00,2026-04-17 15:21:00,1,Kpop,False
kai - wait on me,KAI,Wait On Me,1,0.0322,2026-03-27 07:17:00,2026-03-27 07:17:00,0,Not in any playlist,False
kali uchis - deserve me (with summer walker),Kali Uchis,Deserve Me (with Summer Walker),1,4.431483333333333,2025-12-05 07:44:00,2025-12-05 07:44:00,0,Not in any playlist,False
kaliii - area codes,Kaliii,Area Codes,2,4.6264,2026-04-15 19:53:00,2026-06-16 11:53:00,0,Not in any playlist,False
kamauu - garden,KAMAUU,GARDEN,1,0.08233333333333333,2025-07-09 21:44:00,2025-07-09 21:44:00,0,Not in any playlist,False
kardinal offishall - dangerous,Kardinal Offishall,Dangerous,2,0.09720000000000001,2026-01-06 15:21:00,2026-03-13 05:53:00,0,Not in any playlist,False
kat dahlia - i think i'm in love,Kat Dahlia,I Think I'm In Love,8,13.409483333333334,2025-11-20 07:59:00,2026-06-16 06:52:00,1,KIARA,True
kate stewart - strangers,Kate Stewart,Strangers,2,7.7049,2025-09-30 17:08:00,2025-11-18 10:53:00,1,Feelings,False
"katherine li - fell first, fell hard",Katherine Li,"Fell First, Fell Hard",4,9.213983333333333,2026-03-28 05:02:00,2026-05-31 06:58:00,0,Not in any playlist,True
katseye - gabriela,KATSEYE,Gabriela,5,13.29075,2025-08-30 06:03:00,2025-11-23 12:17:00,1,Kpop -hits,False
katseye - gnarly,KATSEYE,Gnarly,1,2.2886,2026-06-18 07:52:00,2026-06-18 07:52:00,0,Not in any playlist,False
katseye - touch,KATSEYE,Touch,4,8.658866666666666,2025-10-05 11:30:00,2026-06-17 10:59:00,0,Not in any playlist,False
katy perry - firework,,,0,0.0,,,1,KIARA,False
katy perry - harleys in hawaii,Katy Perry,Harleys In Hawaii,2,6.1827,2025-10-01 11:02:00,2025-10-05 18:23:00,1,Dance away,False
katy perry - wide awake,Katy Perry,Wide Awake,2,7.3649,2025-07-01 20:23:00,2025-10-04 10:56:00,1,KIARA,False
kay.nyne - slow whine,Kay.nyne,Slow Whine,11,22.0901,2026-01-06 13:52:00,2026-06-19 12:25:00,0,Not in any playlist,True
keenan te - constellations - sped up,Keenan Te,Constellations - sped up,2,5.130833333333333,2026-01-05 09:23:00,2026-06-16 08:43:00,0,Not in any playlist,True
keenan te - fingerprints,Keenan Te,Fingerprints,4,9.749583333333334,2025-11-28 11:47:00,2026-06-17 10:41:00,1,KIARA,True
keenan te - scars,Keenan Te,Scars,2,3.227466666666667,2025-11-25 07:29:00,2026-02-16 08:18:00,1,KIARA,False
kehlani - after hours,Kehlani,After Hours,2,6.747133333333333,2025-10-13 08:34:00,2025-12-05 06:29:00,0,Not in any playlist,False
kehlani - folded,Kehlani,Folded,15,43.864399999999996,2025-07-09 21:47:00,2026-05-26 07:54:00,1,R&B,False
kehlani - nights like this (feat. ty dolla $ign),Kehlani,Nights Like This (feat. Ty Dolla $ign),6,16.868766666666666,2025-07-02 20:21:00,2026-06-19 18:28:00,0,Not in any playlist,False
kehlani - the way (feat. chance the rapper),Kehlani,The Way (feat. Chance the Rapper),2,4.5855500000000005,2025-11-07 07:54:00,2026-03-11 10:52:00,1,Sensual,True
keke palmer - exposed,Keke Palmer,Exposed,1,2.712816666666667,2025-06-25 19:58:00,2025-06-25 19:58:00,0,Not in any playlist,False
kelly rowland - motivation,Kelly Rowland,Motivation,1,0.2607333333333333,2026-04-23 19:58:00,2026-04-23 19:58:00,0,Not in any playlist,False
"kendrick lamar - all the stars (with sza) - from ""black panther: the album""",Kendrick Lamar,"All The Stars (with SZA) - From ""Black Panther: The Album""",8,27.197116666666666,2025-12-05 09:02:00,2026-05-23 13:06:00,1,R&B,False
kendrick lamar - luther (with sza),Kendrick Lamar,luther (with sza),17,27.9934,2025-07-02 15:56:00,2026-05-05 17:35:00,2,"Dance away, Life",True
kendrick lamar - not like us,Kendrick Lamar,Not Like Us,2,4.628466666666667,2025-06-28 20:48:00,2026-03-02 13:02:00,1,Dance away,False
kenya grace - strangers,Kenya Grace,Strangers,4,0.12833333333333333,2025-09-08 19:21:00,2026-01-06 15:15:00,1,1 A.M,False
keshi - limbo,keshi,LIMBO,1,3.5464166666666666,2026-02-16 08:32:00,2026-02-16 08:32:00,1,KIARA,False
kevin gates - amnesia (feat. doe b),Kevin Gates,Amnesia (feat. Doe B),7,21.7194,2025-12-11 10:37:00,2026-03-28 07:37:00,1,Life,False
kevin jz prodigy - vogue session 6,Kevin Jz Prodigy,VOGUE SESSION 6,1,0.030833333333333334,2026-04-23 20:11:00,2026-04-23 20:11:00,0,Not in any playlist,False
kevin lyttle - turn me on,Kevin Lyttle,Turn Me On,1,0.06581666666666666,2026-03-13 05:55:00,2026-03-13 05:55:00,0,Not in any playlist,False
kevo jefé - baddie friend (two bad bitches) (feat. house of evo),Kevo Jefé,Baddie Friend (Two Bad Bitches) (feat. House of Evo),1,0.0475,2026-04-23 20:15:00,2026-04-23 20:15:00,0,Not in any playlist,False
kevv - fall back,Kevv,Fall Back,5,6.816133333333333,2025-09-08 19:21:00,2026-02-13 15:41:00,2,"1 A.M, Sensual",True
keyshia cole - love,Keyshia Cole,Love,13,43.3848,2026-01-24 06:08:00,2026-06-16 09:56:00,2,"Life, R&B",True
keyshia cole - take me away,Keyshia Cole,Take Me Away,1,0.08501666666666667,2026-01-06 15:22:00,2026-01-06 15:22:00,0,Not in any playlist,False
khadija kopa - aliepewa kipaji,Khadija Kopa,Aliepewa Kipaji,1,0.011,2025-08-28 09:22:00,2025-08-28 09:22:00,0,Not in any playlist,False
khadija kopa - daktari,Khadija Kopa,Daktari,1,0.00275,2025-08-28 09:22:00,2025-08-28 09:22:00,0,Not in any playlist,False
khadija kopa - full stop,Khadija Kopa,Full Stop,1,0.0325,2025-08-28 09:21:00,2025-08-28 09:21:00,0,Not in any playlist,False
khadija kopa - joho jembe,Khadija Kopa,Joho Jembe,1,0.013283333333333333,2025-08-28 09:22:00,2025-08-28 09:22:00,0,Not in any playlist,False
khadija kopa - kadandie,Khadija Kopa,Kadandie,1,0.01215,2025-08-28 09:22:00,2025-08-28 09:22:00,0,Not in any playlist,False
khadija kopa - kinyangunya,Khadija Kopa,Kinyangunya,1,0.01685,2025-08-28 09:22:00,2025-08-28 09:22:00,0,Not in any playlist,False
khadija kopa - kubali matokeo,Khadija Kopa,Kubali Matokeo,1,0.00985,2025-08-28 09:22:00,2025-08-28 09:22:00,0,Not in any playlist,False
khadija kopa - kujiachia,Khadija Kopa,Kujiachia,1,0.0,2025-08-28 09:22:00,2025-08-28 09:22:00,0,Not in any playlist,False
khadija kopa - lady with a confidence,Khadija Kopa,Lady with a Confidence,1,0.005816666666666667,2025-08-28 09:22:00,2025-08-28 09:22:00,0,Not in any playlist,False
khadija kopa - mdosho huna mambo,Khadija Kopa,Mdosho Huna Mambo,1,0.044333333333333336,2025-08-28 09:22:00,2025-08-28 09:22:00,0,Not in any playlist,False
khadija kopa - mimi ni mwema,Khadija Kopa,Mimi Ni Mwema,1,0.024383333333333333,2025-08-28 09:22:00,2025-08-28 09:22:00,0,Not in any playlist,False
khadija kopa - mwanamke mambo,Khadija Kopa,Mwanamke Mambo,1,0.029316666666666668,2025-08-28 09:22:00,2025-08-28 09:22:00,0,Not in any playlist,False
khadija kopa - rudi mpenzi,Khadija Kopa,Rudi Mpenzi,1,0.008133333333333333,2025-08-28 09:22:00,2025-08-28 09:22:00,0,Not in any playlist,False
khadija kopa - rusha roho,Khadija Kopa,Rusha Roho,1,0.023866666666666668,2025-08-28 09:21:00,2025-08-28 09:21:00,0,Not in any playlist,False
khadija kopa - sensa,Khadija Kopa,Sensa,1,0.02578333333333333,2025-08-28 09:22:00,2025-08-28 09:22:00,0,Not in any playlist,False
khadija kopa - tenda wema,Khadija Kopa,Tenda Wema,1,0.029183333333333332,2025-08-28 09:22:00,2025-08-28 09:22:00,0,Not in any playlist,False
khadija kopa - top in town,Khadija Kopa,Top in Town,1,0.0276,2025-08-28 09:21:00,2025-08-28 09:21:00,0,Not in any playlist,False
khadija kopa - unanitafuta sana,Khadija Kopa,Unanitafuta Sana,1,0.032483333333333336,2025-08-28 09:22:00,2025-08-28 09:22:00,0,Not in any playlist,False
khadija kopa - utoweza kuizima,Khadija Kopa,Utoweza Kuizima,1,0.022166666666666668,2025-08-28 09:22:00,2025-08-28 09:22:00,0,Not in any playlist,False
khadija kopa - wigi linawasha,Khadija Kopa,Wigi Linawasha,1,0.0138,2025-08-28 09:22:00,2025-08-28 09:22:00,0,Not in any playlist,False
khaid - carry me go,Khaid,Carry Me Go,1,1.0619166666666666,2026-01-06 16:17:00,2026-01-06 16:17:00,0,Not in any playlist,False
khaid - ski,Khaid,SKI,1,2.5714166666666665,2026-01-06 16:06:00,2026-01-06 16:06:00,0,Not in any playlist,False
khalid - better,Khalid,Better,7,19.121166666666667,2025-09-08 19:21:00,2026-06-20 10:07:00,2,"1 A.M, Sensual",True
khalid - otw,Khalid,OTW,1,0.020716666666666668,2026-03-24 10:26:00,2026-03-24 10:26:00,0,Not in any playlist,False
khalid - softest touch,Khalid,Softest Touch,1,2.7380333333333335,2025-12-05 07:36:00,2025-12-05 07:36:00,0,Not in any playlist,False
khamari - head in a jar,Khamari,Head in a Jar,1,0.0291,2025-07-09 21:49:00,2025-07-09 21:49:00,0,Not in any playlist,False
khamari - sycamore tree,Khamari,Sycamore Tree,1,0.024366666666666665,2025-07-09 21:49:00,2025-07-09 21:49:00,0,Not in any playlist,False
khantrast - landed in brooklyn - remix,Khantrast,Landed in Brooklyn - Remix,1,0.164,2026-04-23 20:12:00,2026-04-23 20:12:00,0,Not in any playlist,False
"khia - my neck, my back (lick it)",Khia,"My Neck, My Back (Lick It)",4,8.574333333333334,2026-04-23 19:58:00,2026-06-15 12:36:00,1,"Volume up ,logic down",False
khim - 10s,Khim,10s,14,30.357950000000002,2025-12-05 17:32:00,2026-06-14 16:21:00,3,"Life, R&B, Sensual",True
khloe rose - fictional,Khloe Rose,Fictional,3,7.447183333333333,2025-10-04 11:20:00,2025-10-15 11:19:00,1,KIARA,False
kiana ledé - ex,Kiana Ledé,EX,2,3.8904166666666664,2025-07-09 21:38:00,2025-12-05 08:58:00,0,Not in any playlist,False
kiana ledé - i choose you - acoustic,Kiana Ledé,I Choose You - Acoustic,1,0.05495,2025-07-09 21:39:00,2025-07-09 21:39:00,0,Not in any playlist,False
kiana ledé - wicked games,Kiana Ledé,Wicked Games,22,44.47765,2025-07-03 10:15:00,2026-05-15 18:42:00,1,R&B,False
kiana ledé - wicked games - sped up,Kiana Ledé,Wicked Games - Sped Up,5,10.665816666666666,2025-06-25 19:49:00,2026-06-16 10:16:00,1,Sensual,True
kid cudi - maui wowie,Kid Cudi,Maui Wowie,1,0.026433333333333333,2026-04-23 20:18:00,2026-04-23 20:18:00,0,Not in any playlist,False
kidum kibido - haturudi nyuma,Kidum Kibido,Haturudi Nyuma,5,0.3597166666666667,2026-01-06 19:37:00,2026-03-16 06:46:00,0,Not in any playlist,False
kim - confidence,Kim,Confidence,2,0.024983333333333333,2026-03-24 10:24:00,2026-03-24 10:24:00,0,Not in any playlist,False
kina - can we kiss forever?,Kina,Can We Kiss Forever?,1,2.3310166666666667,2026-01-06 17:12:00,2026-01-06 17:12:00,0,Not in any playlist,False
"kinder records - manifest clear, smooth skin subliminal",Kinder Records,"Manifest Clear, Smooth Skin Subliminal",1,0.08053333333333333,2026-04-23 20:32:00,2026-04-23 20:32:00,0,Not in any playlist,False
kiss of life - igloo,KISS OF LIFE,Igloo,1,2.20085,2026-06-18 09:08:00,2026-06-18 09:08:00,0,Not in any playlist,False
kiss of life - midas touch,KISS OF LIFE,Midas Touch,1,2.7146666666666666,2026-02-10 10:27:00,2026-02-10 10:27:00,1,Kpop,False
kizz daniel - tere,Kizz Daniel,Tere,2,0.07278333333333332,2025-08-28 07:48:00,2025-08-28 09:20:00,0,Not in any playlist,False
kobzx2z - you broke my heart,kobzx2z,you broke my heart,1,0.0284,2026-01-12 18:37:00,2026-01-12 18:37:00,0,Not in any playlist,False
kodiene! - foreign - kodiene mixx,Kodiene!,Foreign - Kodiene Mixx,1,0.033,2026-04-23 20:13:00,2026-04-23 20:13:00,0,Not in any playlist,False
kodongklan - disko,KODONGKLAN,Disko,1,1.0473,2026-06-09 08:51:00,2026-06-09 08:51:00,0,Not in any playlist,False
korede bello - do like that,Korede Bello,Do Like That,1,0.16495,2026-04-15 20:04:00,2026-04-15 20:04:00,0,Not in any playlist,False
korede bello - romantic,Korede Bello,Romantic,1,0.05015,2025-11-19 18:56:00,2025-11-19 18:56:00,0,Not in any playlist,False
kunmie - arike,Kunmie,Arike,1,0.0376,2025-07-09 21:44:00,2025-07-09 21:44:00,0,Not in any playlist,False
kuppraae - beneath the same sky,Kuppraae,Beneath the Same Sky,5,6.056333333333333,2025-11-29 13:15:00,2026-06-14 16:43:00,0,Not in any playlist,True
kwn - back of the club,kwn,back of the club,3,0.13093333333333335,2025-07-09 21:47:00,2026-03-27 07:12:00,1,Sensual,True
kwn - bite me intro,kwn,bite me INTRO,1,0.12921666666666667,2025-07-09 21:47:00,2025-07-09 21:47:00,0,Not in any playlist,False
kwn - do what i say,kwn,do what i say,1,0.019833333333333335,2025-07-09 21:48:00,2025-07-09 21:48:00,0,Not in any playlist,False
kwn - fxckin (interlude),kwn,fxckin (interlude),1,0.006316666666666667,2025-07-09 21:47:00,2025-07-09 21:47:00,0,Not in any playlist,False
kwn - stand on it,kwn,stand on it,2,0.11,2025-07-09 21:47:00,2025-07-09 21:49:00,0,Not in any playlist,False
kwn - worst behaviour (feat. kehlani),kwn,worst behaviour (feat. Kehlani),5,0.1638,2025-07-09 21:47:00,2026-03-13 05:56:00,0,Not in any playlist,False
lady gaga - alejandro,Lady Gaga,Alejandro,2,8.020516666666667,2026-04-15 19:05:00,2026-04-15 19:09:00,0,Not in any playlist,False
lady gaga - die with a smile,Lady Gaga,Die With A Smile,10,24.61065,2025-10-09 07:16:00,2026-06-20 08:06:00,2,"Dance away, Life",True
lady gaga - rain on me (with ariana grande),Lady Gaga,Rain On Me (with Ariana Grande),2,3.0825833333333335,2026-02-02 18:08:00,2026-05-02 06:57:00,0,Not in any playlist,False
lady gaga - telephone,Lady Gaga,Telephone,1,3.3697666666666666,2026-04-15 19:13:00,2026-04-15 19:13:00,0,Not in any playlist,False
lady jaydee - ndi ndi ndi,Lady Jaydee,Ndi Ndi Ndi,1,0.035883333333333337,2026-01-19 15:07:00,2026-01-19 15:07:00,0,Not in any playlist,False
lah pat - rodeo (remix),Lah Pat,Rodeo (Remix),5,14.335416666666667,2025-07-15 20:08:00,2026-06-19 18:18:00,1,Dance away,False
lana del rey - cinnamon girl,Lana Del Rey,Cinnamon Girl,1,0.025366666666666666,2026-03-24 10:24:00,2026-03-24 10:24:00,0,Not in any playlist,False
lany - i don't wanna love you anymore,LANY,I Don't Wanna Love You Anymore,1,0.022816666666666666,2025-12-09 13:55:00,2025-12-09 13:55:00,0,Not in any playlist,False
lauren spencer smith - flowers,Lauren Spencer Smith,Flowers,11,20.5296,2025-07-08 20:41:00,2026-06-11 20:50:00,2,"KIARA, Life",False
lauren spencer smith - that part,Lauren Spencer Smith,That Part,17,39.728633333333335,2025-06-30 20:26:00,2026-06-16 09:28:00,2,"KIARA, Life",True
lauv - i like me better,LAUV,I Like Me Better,23,64.24858333333333,2025-06-20 20:39:00,2026-06-18 11:34:00,4,"Dance away, KIARA, Life, ❤️😍",False
lauv - i'm so tired...,LAUV,i'm so tired...,1,2.709783333333333,2025-11-25 08:36:00,2025-11-25 08:36:00,0,Not in any playlist,False
lauv - paris in the rain,LAUV,Paris in the Rain,1,3.4118666666666666,2026-01-26 11:17:00,2026-01-26 11:17:00,0,Not in any playlist,False
lava lava - dede,Lava Lava,Dede,1,0.026533333333333332,2026-03-16 06:33:00,2026-03-16 06:33:00,0,Not in any playlist,False
lava lava - far away (feat. diamond platnumz),Lava Lava,Far Away (feat. Diamond Platnumz),1,0.04201666666666667,2026-03-16 06:38:00,2026-03-16 06:38:00,0,Not in any playlist,False
lava lava - go gaga,Lava Lava,Go Gaga,1,0.0981,2026-03-16 06:36:00,2026-03-16 06:36:00,0,Not in any playlist,False
lava lava - inatosha,Lava Lava,Inatosha,1,0.00615,2025-08-28 09:20:00,2025-08-28 09:20:00,0,Not in any playlist,False
lava lava - ng'ari ng'ari,Lava Lava,Ng'ari Ng'ari,3,0.15193333333333334,2025-08-28 09:20:00,2026-03-16 06:33:00,0,Not in any playlist,False
lava lava - tuachane,Lava Lava,Tuachane,17,70.58678333333334,2025-08-28 08:50:00,2026-04-01 15:23:00,1,OG😝,False
lay bankz - tell ur girlfriend,Lay Bankz,Tell Ur Girlfriend,10,14.741966666666666,2025-08-12 07:22:00,2026-06-16 12:16:00,1,Dance away,True
lay bankz - tell ur girlfriend - sped up,Lay Bankz,Tell Ur Girlfriend - Sped Up,1,0.0253,2026-04-23 20:15:00,2026-04-23 20:15:00,0,Not in any playlist,False
laya - ain't sad about it,LAYA,Ain't Sad About It,2,0.05103333333333333,2025-07-10 06:34:00,2025-07-10 06:35:00,0,Not in any playlist,False
le band - number 1(suzziah),Le Band,Number 1(suzziah),1,0.49588333333333334,2026-01-21 15:43:00,2026-01-21 15:43:00,0,Not in any playlist,False
le sserafim - antifragile,LE SSERAFIM,ANTIFRAGILE,3,9.2222,2025-10-08 12:30:00,2026-06-17 11:08:00,1,Kpop,False
le sserafim - boompala,LE SSERAFIM,BOOMPALA,1,2.9424333333333332,2026-06-16 12:51:00,2026-06-16 12:51:00,1,Kpop,False
le sserafim - crazy,,,0,0.0,,,1,Kpop,False
le sserafim - easy,LE SSERAFIM,EASY,4,8.227683333333333,2025-10-08 11:58:00,2026-02-10 10:24:00,1,Kpop,False
le sserafim - fearless,LE SSERAFIM,FEARLESS,2,5.614566666666667,2026-06-17 11:26:00,2026-06-18 08:23:00,0,Not in any playlist,False
le sserafim - perfect night,LE SSERAFIM,Perfect Night,1,2.1205666666666665,2026-06-18 09:10:00,2026-06-18 09:10:00,0,Not in any playlist,False
le sserafim - smart,LE SSERAFIM,Smart,3,5.80095,2025-09-30 06:40:00,2026-06-17 10:51:00,2,"Kpop, Kpop -hits",False
le sserafim - spaghetti,LE SSERAFIM,SPAGHETTI,1,2.8719,2026-06-18 08:01:00,2026-06-18 08:01:00,0,Not in any playlist,False
le sserafim - unforgiven (feat. nile rodgers),LE SSERAFIM,UNFORGIVEN (feat. Nile Rodgers),4,9.643466666666667,2025-10-08 13:05:00,2026-06-18 08:42:00,1,Kpop,False
lee hyori - 10 minutes,Lee Hyori,10 Minutes,1,0.042616666666666664,2026-03-27 07:17:00,2026-03-27 07:17:00,0,Not in any playlist,False
leehi - only,LEEHI,ONLY,1,0.0548,2026-03-27 07:17:00,2026-03-27 07:17:00,0,Not in any playlist,False
leon thomas - mutt,Leon Thomas,MUTT,21,60.75966666666667,2025-07-09 21:48:00,2026-05-15 20:24:00,1,R&B,False
leon thomas - mutt (feat. chris brown) [cb remix],Leon Thomas,MUTT (feat. Chris Brown) [CB REMIX],11,33.32063333333333,2025-08-02 21:33:00,2026-04-17 13:45:00,2,"Feelings, Life",False
leon thomas - not fair,Leon Thomas,NOT FAIR,1,0.07463333333333333,2025-07-09 21:48:00,2025-07-09 21:48:00,0,Not in any playlist,False
leon thomas - yes it is,Leon Thomas,YES IT IS,1,0.1588,2025-07-09 21:50:00,2025-07-09 21:50:00,0,Not in any playlist,False
lewis capaldi - someone you loved,,,0,0.0,,,1,KIARA,False
liam payne - strip that down (feat. quavo),Liam Payne,Strip That Down (feat. Quavo),11,29.1184,2025-07-02 15:56:00,2026-04-17 14:14:00,2,"Dance away, Life",False
lights - we were here - chase atlantic remix,Lights,We Were Here - Chase Atlantic Remix,8,22.0287,2025-11-20 07:23:00,2026-06-16 10:50:00,1,Chase Atlantic,True
lil baby - close friends (lil baby & gunna),Lil Baby,Close Friends (Lil Baby & Gunna),1,3.3980166666666665,2026-01-06 14:40:00,2026-01-06 14:40:00,0,Not in any playlist,False
lil dicky - freaky friday (feat. chris brown),Lil Dicky,Freaky Friday (feat. Chris Brown),5,14.479966666666666,2025-06-28 20:28:00,2026-06-16 11:30:00,1,Dance away,False
lil jon & the east side boyz - get low,Lil Jon & The East Side Boyz,Get Low,1,0.10256666666666667,2026-04-23 19:56:00,2026-04-23 19:56:00,0,Not in any playlist,False
lil mama - lip gloss,Lil Mama,Lip Gloss,2,2.6218166666666667,2025-06-29 19:48:00,2025-12-13 14:51:00,0,Not in any playlist,False
lil ronny motha f - throw dat ass in a circle,Lil Ronny Motha F,Throw Dat Ass in a Circle,5,12.460366666666667,2026-04-23 20:18:00,2026-06-15 13:52:00,1,"Volume up ,logic down",False
lil uzi vert - myron,Lil Uzi Vert,Myron,1,0.02915,2026-04-23 20:19:00,2026-04-23 20:19:00,0,Not in any playlist,False
lil wayne - how to love,Lil Wayne,How To Love,1,0.029833333333333333,2026-03-13 05:56:00,2026-03-13 05:56:00,0,Not in any playlist,False
lil wayne - lollipop,Lil Wayne,Lollipop,1,0.03238333333333333,2026-03-13 05:54:00,2026-03-13 05:54:00,0,Not in any playlist,False
lil wayne - mirror,Lil Wayne,Mirror,1,3.80155,2025-12-12 07:59:00,2025-12-12 07:59:00,0,Not in any playlist,False
lil wayne - mrs. officer,Lil Wayne,Mrs. Officer,1,0.10031666666666667,2026-03-13 05:54:00,2026-03-13 05:54:00,0,Not in any playlist,False
lil wil - bust it open,Lil Wil,Bust It Open,3,4.6219833333333336,2026-04-23 20:18:00,2026-06-09 14:19:00,1,"Volume up ,logic down",False
limi - dangerous,Limi,Dangerous,9,21.5859,2025-06-25 19:32:00,2026-01-06 15:19:00,2,"1 A.M, Sensual",True
limi - interlude,Limi,Interlude,5,2.7359333333333336,2025-08-17 06:16:00,2026-01-06 15:03:00,1,1 A.M,False
limi - saint laurent,Limi,Saint Laurent,2,2.9628833333333335,2025-10-02 18:55:00,2025-10-02 19:07:00,0,Not in any playlist,False
limi - the best i ever had,Limi,The Best I Ever Had,6,16.6482,2025-09-08 19:20:00,2026-04-15 18:46:00,2,"1 A.M, Sensual",True
lisa - born again (feat. doja cat & raye),LISA,Born Again (feat. Doja Cat & RAYE),2,0.025516666666666667,2025-09-08 19:22:00,2026-03-24 10:26:00,0,Not in any playlist,False
lisa - lalisa,LISA,LALISA,2,3.3448166666666665,2025-10-08 12:56:00,2025-11-23 12:26:00,1,Kpop,False
lisa - money,LISA,MONEY,5,11.242133333333333,2025-10-08 12:10:00,2026-06-16 13:01:00,1,Kpop,False
lisa - moonlit floor (kiss me),LISA,Moonlit Floor (Kiss Me),1,0.010983333333333333,2025-09-08 19:22:00,2025-09-08 19:22:00,0,Not in any playlist,False
lisa - new woman (feat. rosalía),LISA,New Woman (feat. ROSALÍA),2,3.0508333333333333,2025-06-27 20:11:00,2025-08-03 18:57:00,1,Dance away,False
little mix - black magic,Little Mix,Black Magic,1,3.5297666666666667,2026-04-17 13:59:00,2026-04-17 13:59:00,1,Life,False
little simz - woman,Little Simz,Woman,1,0.008,2026-05-18 13:14:00,2026-05-18 13:14:00,0,Not in any playlist,False
lizzo - good as hell (feat. ariana grande),Lizzo,Good as Hell (feat. Ariana Grande),1,0.03336666666666667,2026-05-02 07:33:00,2026-05-02 07:33:00,0,Not in any playlist,False
lloyd - lay it down,Lloyd,Lay It Down,1,0.07481666666666667,2026-03-13 05:53:00,2026-03-13 05:53:00,0,Not in any playlist,False
lloyd - you,Lloyd,You,7,18.64855,2025-12-05 08:41:00,2026-03-12 06:09:00,1,Sensual,True
lngshot - moonwalkin',LNGSHOT,Moonwalkin',5,13.915483333333334,2026-02-09 17:29:00,2026-06-16 10:30:00,1,Kpop,True
lngshot - never let go,LNGSHOT,Never Let Go,6,8.369533333333333,2026-02-09 17:29:00,2026-06-16 10:50:00,3,"Dance away, Kpop, Life",True
lockedinkee - milkshake - remix,lockedinkee,Milkshake - Remix,3,0.5573333333333333,2026-04-23 20:11:00,2026-04-23 20:11:00,0,Not in any playlist,False
lokos tv now meditation music - manifest abundance music⎪nikola tesla pyramid universe magic numbers of manifestation 369⎪solfeggio,LOKOS TV Now Meditation Music,Manifest Abundance Music⎪Nikola Tesla Pyramid Universe Magic Numbers of Manifestation 369⎪Solfeggio,3,90.0,2026-04-19 07:50:00,2026-04-25 01:39:00,0,Not in any playlist,False
lonelyeve - reminder - sped up,LonelyEve,Reminder - Sped Up,4,9.336766666666668,2025-06-25 20:25:00,2026-06-19 12:16:00,0,Not in any playlist,True
lordkez - aweh [remix] (feat. cassper nyovest),lordkez,Aweh [Remix] (feat. Cassper Nyovest),8,27.454183333333333,2025-11-25 10:02:00,2026-04-15 20:13:00,0,Not in any playlist,True
"lordkez - you, me & the 90's",lordkez,"You, Me & The 90's",1,2.7295833333333333,2025-11-25 10:05:00,2025-11-25 10:05:00,0,Not in any playlist,False
loreen - tattoo,Loreen,Tattoo,4,6.144533333333333,2025-10-15 07:21:00,2026-05-31 18:34:00,1,KIARA,False
loui - 41 bars (put yo back into it),Loui,41 Bars (Put yo back into it),1,0.021266666666666666,2026-04-23 20:19:00,2026-04-23 20:19:00,0,Not in any playlist,False
lovemotives - manifest money now (639 hz abundance of love and wealth) - 🧘🏻‍♂️miracle manifestation meditation music,Lovemotives,Manifest MONEY Now (639 Hz Abundance of Love and Wealth) - 🧘🏻‍♂️Miracle Manifestation Meditation Music,3,51.2,2026-04-18 22:03:00,2026-04-25 06:20:00,0,Not in any playlist,False
loye - lef and right,Loye,Lef And Right,3,5.551416666666666,2025-06-25 19:40:00,2026-06-16 07:56:00,0,Not in any playlist,True
lpb poody - batman,LPB Poody,Batman,1,2.6071833333333334,2026-02-23 18:01:00,2026-02-23 18:01:00,0,Not in any playlist,True
ludacris - my chick bad,Ludacris,My Chick Bad,1,0.05715,2026-04-23 20:01:00,2026-04-23 20:01:00,0,Not in any playlist,False
lulu diva - kipenseli,Lulu Diva,Kipenseli,1,0.15808333333333333,2025-08-28 09:21:00,2025-08-28 09:21:00,0,Not in any playlist,False
lulu diva - ona,Lulu Diva,Ona,1,0.6067333333333333,2025-11-27 11:09:00,2025-11-27 11:09:00,0,Not in any playlist,False
lyxar - soft orbit,LYXAR,Soft Orbit,1,0.037983333333333334,2026-02-21 16:48:00,2026-02-21 16:48:00,0,Not in any playlist,False
mac miller - my favorite part,Mac Miller,My Favorite Part,2,1.0254833333333333,2026-05-02 07:17:00,2026-05-02 08:25:00,0,Not in any playlist,False
mad g - shake that thing,MAD G,Shake That Thing,1,0.8465333333333334,2025-11-19 18:56:00,2025-11-19 18:56:00,0,Not in any playlist,False
madison beer - bittersweet,Madison Beer,bittersweet,1,0.01595,2026-03-24 10:26:00,2026-03-24 10:26:00,0,Not in any playlist,False
madison beer - good in goodbye,Madison Beer,Good In Goodbye,1,0.0243,2025-07-09 21:42:00,2025-07-09 21:42:00,0,Not in any playlist,False
madison beer - make you mine,Madison Beer,make you mine,10,23.57315,2025-07-21 06:31:00,2026-03-27 08:48:00,1,Life,False
madtraxx - get down,MADTRAXX,Get Down,1,0.7624,2026-06-09 07:49:00,2026-06-09 07:49:00,0,Not in any playlist,False
maejor - lights down low (feat. waka flocka flame),Maejor,Lights Down Low (feat. Waka Flocka Flame),1,0.34746666666666665,2026-04-23 19:56:00,2026-04-23 19:56:00,0,Not in any playlist,False
magdalena bay - killshot - slowed + reverb,Magdalena Bay,Killshot - Slowed + Reverb,1,0.06281666666666667,2026-04-23 20:13:00,2026-04-23 20:13:00,0,Not in any playlist,False
maisak - se me olvida,Maisak,SE ME OLVIDA,4,11.5174,2025-11-28 13:59:00,2026-06-16 08:58:00,0,Not in any playlist,True
major lazer - all my love,Major Lazer,All My Love,1,0.9628,2026-05-02 08:21:00,2026-05-02 08:21:00,0,Not in any playlist,False
major lazer - particula,Major Lazer,Particula,1,0.5071166666666667,2025-12-19 18:11:00,2025-12-19 18:11:00,0,Not in any playlist,False
mamamoo - hip,MAMAMOO,HIP,1,3.255116666666667,2026-02-14 06:22:00,2026-02-14 06:22:00,1,Kpop,False
manifest now - blessed,Manifest Now,Blessed,1,4.85,2026-04-24 06:54:00,2026-04-24 06:54:00,0,Not in any playlist,False
manifest now - luck enhancer,Manifest Now,Luck Enhancer,2,3.94865,2026-04-25 08:10:00,2026-04-25 22:34:00,0,Not in any playlist,False
manifest now - master manifester,Manifest Now,Master Manifester,1,3.6333333333333333,2026-04-24 07:20:00,2026-04-24 07:20:00,0,Not in any playlist,False
manifest now - miracles are coming,Manifest Now,Miracles Are Coming,1,4.383333333333334,2026-04-25 07:31:00,2026-04-25 07:31:00,0,Not in any playlist,False
manifest now - shifting realities,Manifest Now,Shifting Realities,1,4.983333333333333,2026-04-18 15:39:00,2026-04-18 15:39:00,0,Not in any playlist,False
manifest now - vibration of luck,Manifest Now,Vibration of Luck,1,4.233333333333333,2026-04-24 06:34:00,2026-04-24 06:34:00,0,Not in any playlist,False
mariah carey - my all,Mariah Carey,My All,2,1.0007166666666667,2026-03-13 05:53:00,2026-06-20 08:04:00,0,Not in any playlist,False
mariah carey - obsessed,Mariah Carey,Obsessed,6,20.295933333333334,2025-12-03 15:30:00,2026-06-14 16:05:00,0,Not in any playlist,True
mariah carey - touch my body,Mariah Carey,Touch My Body,1,0.04716666666666667,2026-03-13 05:54:00,2026-03-13 05:54:00,0,Not in any playlist,False
mariah carey - type dangerous,Mariah Carey,Type Dangerous,1,0.03476666666666667,2025-07-09 21:49:00,2025-07-09 21:49:00,0,Not in any playlist,False
mariah carey - we belong together,Mariah Carey,We Belong Together,1,0.02865,2026-03-13 05:54:00,2026-03-13 05:54:00,0,Not in any playlist,False
mariah the scientist - 2 you,Mariah the Scientist,2 You,3,0.25648333333333334,2025-09-08 19:21:00,2026-01-06 15:15:00,1,1 A.M,False
mariah the scientist - all for me,Mariah the Scientist,All For Me,2,0.07205,2026-01-12 18:36:00,2026-03-13 05:58:00,0,Not in any playlist,False
mariah the scientist - always n forever (feat. lil baby),Mariah the Scientist,Always n Forever (feat. Lil Baby),1,0.04015,2026-01-12 18:36:00,2026-01-12 18:36:00,0,Not in any playlist,False
mariah the scientist - burning blue,Mariah the Scientist,Burning Blue,18,53.666216666666664,2025-07-09 21:48:00,2026-06-05 13:28:00,1,R&B,False
mariah the scientist - is it a crime,Mariah the Scientist,Is It a Crime,1,3.0222333333333333,2025-12-05 07:39:00,2025-12-05 07:39:00,0,Not in any playlist,False
mario - how do i breathe,Mario,How Do I Breathe,1,0.0607,2026-03-13 05:51:00,2026-03-13 05:51:00,0,Not in any playlist,False
mario - i choose you,Mario,I Choose You,1,0.030283333333333332,2026-01-06 15:20:00,2026-01-06 15:20:00,0,Not in any playlist,False
mario - let me love you,Mario,Let Me Love You,8,30.666150000000002,2026-02-06 05:49:00,2026-06-16 08:51:00,2,"R&B, Sensual",True
marioo - happiness,Marioo,Happiness,1,0.1043,2025-12-05 17:31:00,2025-12-05 17:31:00,0,Not in any playlist,False
marioo - nairobi,Marioo,Nairobi,2,3.4745166666666667,2025-07-09 21:45:00,2025-08-12 07:30:00,0,Not in any playlist,False
marioo - naogopa,Marioo,Naogopa,3,0.09871666666666667,2025-11-25 06:45:00,2026-03-16 06:35:00,0,Not in any playlist,False
marioo - tete,Marioo,TETE,1,0.07728333333333333,2025-11-25 06:45:00,2025-11-25 06:45:00,0,Not in any playlist,False
mark ronson - uptown funk (feat. bruno mars),Mark Ronson,Uptown Funk (feat. Bruno Mars),1,4.4943,2025-12-12 08:42:00,2025-12-12 08:42:00,0,Not in any playlist,False
markus porsklev - sonatina in f-major - l. van beethoven,Markus Porsklev,Sonatina in F-major - L. Van Beethoven,1,0.128,2026-06-06 07:59:00,2026-06-06 07:59:00,0,Not in any playlist,False
marlaw - bembeleza,Marlaw,Bembeleza,1,0.02033333333333333,2025-08-28 07:50:00,2025-08-28 07:50:00,0,Not in any playlist,False
maroon 5 - love somebody,Maroon 5,Love Somebody,1,0.02775,2026-01-06 15:22:00,2026-01-06 15:22:00,0,Not in any playlist,False
maroon 5 - memories,Maroon 5,Memories,2,6.3162,2025-10-15 07:44:00,2026-05-31 18:44:00,1,KIARA,False
maroon 5 - payphone,Maroon 5,Payphone,2,3.91185,2026-05-13 06:16:00,2026-06-14 16:25:00,0,Not in any playlist,True
maroon 5 - sunday morning,Maroon 5,Sunday Morning,1,0.056633333333333334,2026-03-27 07:19:00,2026-03-27 07:19:00,0,Not in any playlist,False
marshmello - friends,Marshmello,FRIENDS,3,10.0867,2025-10-04 10:40:00,2025-11-25 07:38:00,1,KIARA,False
mary j. blige - family affair,Mary J. Blige,Family Affair,1,0.10153333333333334,2026-03-13 05:51:00,2026-03-13 05:51:00,0,Not in any playlist,False
mary j. blige - i can love you,Mary J. Blige,I Can Love You,1,0.08448333333333333,2026-03-13 05:49:00,2026-03-13 05:49:00,0,Not in any playlist,False
masauti - ipepete,Masauti,Ipepete,9,29.164516666666668,2025-11-12 07:56:00,2026-05-23 10:50:00,1,OG😝,False
masego - mystery lady,Masego,Mystery Lady,1,0.030016666666666667,2026-03-13 05:58:00,2026-03-13 05:58:00,0,Not in any playlist,False
masego - navajo,Masego,Navajo,1,0.9678333333333333,2025-12-19 15:37:00,2025-12-19 15:37:00,0,Not in any playlist,False
masego - tadow,Masego,Tadow,20,74.095,2025-12-19 15:35:00,2026-06-20 10:27:00,2,"R&B, Sensual",True
masego - unhinged,Masego,Unhinged,2,0.07006666666666667,2026-03-13 05:57:00,2026-03-13 05:58:00,0,Not in any playlist,False
matata - inakubalika,Matata,INAKUBALIKA,3,0.5876166666666667,2025-07-09 21:37:00,2025-09-01 06:38:00,0,Not in any playlist,False
matata - mpishi,Matata,MPISHI,1,3.32835,2026-06-09 08:50:00,2026-06-09 08:50:00,0,Not in any playlist,False
matata - oversized t-shirt,Matata,Oversized T-shirt,8,11.654666666666666,2025-08-28 09:02:00,2025-10-07 12:20:00,0,Not in any playlist,False
matata - pombe na kizungu mingi,Matata,Pombe Na Kizungu Mingi,1,0.12596666666666667,2026-06-20 09:20:00,2026-06-20 09:20:00,0,Not in any playlist,False
matata - siko fiti,Matata,Siko Fiti,1,1.1023333333333334,2026-06-09 08:56:00,2026-06-09 08:56:00,0,Not in any playlist,False
matonya - vaileti,Matonya,Vaileti,2,0.03183333333333333,2025-08-28 07:50:00,2025-08-28 09:23:00,0,Not in any playlist,False
maua sama - mahaba niue,Maua Sama,Mahaba Niue,1,0.03328333333333333,2025-08-28 07:57:00,2025-08-28 07:57:00,0,Not in any playlist,False
maua sama - nioneshe (feat. alikiba),Maua Sama,Nioneshe (feat. Alikiba),1,0.49785,2026-03-16 06:47:00,2026-03-16 06:47:00,0,Not in any playlist,False
maud elka - songi songi - remix,Maud Elka,Songi songi - Remix,1,0.11793333333333333,2026-03-16 06:38:00,2026-03-16 06:38:00,0,Not in any playlist,False
max - stupid in love (feat. huh yunjin of le sserafim),MAX,STUPID IN LOVE (feat. HUH YUNJIN of LE SSERAFIM),16,37.41845,2025-07-03 09:59:00,2026-06-16 07:59:00,3,"KIARA, Kpop, Life",True
max allais - when the party ends,Max Allais,When The Party Ends,6,10.1204,2025-09-08 19:21:00,2026-06-20 20:02:00,1,1 A.M,True
maximillian - beautiful scars,Maximillian,Beautiful Scars,1,0.0622,2025-12-09 13:55:00,2025-12-09 13:55:00,0,Not in any playlist,False
mbosso - alele,Mbosso,Alele,11,39.94623333333333,2025-11-12 10:19:00,2026-05-23 10:34:00,1,OG😝,False
mbosso - amepotea,Mbosso,Amepotea,2,0.2508,2025-08-28 08:16:00,2026-03-16 06:50:00,0,Not in any playlist,False
mbosso - ate,Mbosso,Ate,18,48.50606666666667,2025-08-28 07:19:00,2026-04-01 14:57:00,1,OG😝,False
mbosso - aviola,Mbosso,Aviola,1,0.0,2025-08-28 08:17:00,2025-08-28 08:17:00,0,Not in any playlist,False
mbosso - baikoko (feat. diamond platnumz),Mbosso,Baikoko (feat. Diamond Platnumz),8,21.485533333333333,2025-08-28 08:18:00,2026-01-17 08:53:00,1,OG😝,False
mbosso - fall,Mbosso,Fall,1,3.44,2025-11-27 10:58:00,2025-11-27 10:58:00,0,Not in any playlist,False
mbosso - for your love (feat. zuchu),Mbosso,For Your Love (feat. Zuchu),1,0.033433333333333336,2025-08-28 08:13:00,2025-08-28 08:13:00,0,Not in any playlist,False
mbosso - haijakaa sawa,Mbosso,Haijakaa Sawa,1,2.05875,2025-11-12 06:39:00,2025-11-12 06:39:00,0,Not in any playlist,False
mbosso - hodari,Mbosso,Hodari,16,56.856716666666664,2025-08-28 08:05:00,2026-03-07 09:45:00,1,OG😝,False
mbosso - huyu hapa,Mbosso,Huyu Hapa,3,3.040433333333333,2025-08-28 08:17:00,2026-01-19 15:06:00,0,Not in any playlist,False
mbosso - kadada (feat. darassa),Mbosso,Kadada (feat. Darassa),2,0.1429,2025-08-28 09:19:00,2026-03-16 06:38:00,0,Not in any playlist,False
mbosso - karibu (feat. diamond platnumz),Mbosso,Karibu (feat. Diamond Platnumz),1,0.12023333333333333,2025-08-28 07:45:00,2025-08-28 07:45:00,0,Not in any playlist,False
mbosso - kupenda,Mbosso,Kupenda,1,0.025883333333333335,2025-08-28 08:16:00,2025-08-28 08:16:00,0,Not in any playlist,False
mbosso - maajab,Mbosso,Maajab,16,51.12846666666667,2025-08-28 07:18:00,2026-03-16 07:03:00,1,OG😝,False
mbosso - merijaah,Mbosso,Merijaah,1,0.029483333333333334,2025-08-28 08:16:00,2025-08-28 08:16:00,0,Not in any playlist,False
mbosso - mtaalam,Mbosso,Mtaalam,1,0.05053333333333333,2025-08-28 07:45:00,2025-08-28 07:45:00,0,Not in any playlist,False
mbosso - nadekezwa,Mbosso,Nadekezwa,23,72.60158333333334,2025-08-28 07:18:00,2026-06-09 07:16:00,1,OG😝,False
mbosso - nipepee,Mbosso,Nipepee,17,51.6061,2025-08-28 07:44:00,2026-02-02 07:42:00,1,OG😝,False
mbosso - nusu saa,Mbosso,Nusu Saa,1,0.021233333333333333,2025-08-28 08:16:00,2025-08-28 08:16:00,0,Not in any playlist,False
mbosso - ololo,Mbosso,Ololo,1,0.019716666666666667,2025-08-28 08:17:00,2025-08-28 08:17:00,0,Not in any playlist,False
mbosso - ova,Mbosso,Ova,1,0.03045,2025-08-28 08:16:00,2025-08-28 08:16:00,0,Not in any playlist,False
mbosso - pawa,Mbosso,Pawa,2,3.8158,2025-08-28 08:16:00,2025-09-01 06:50:00,0,Not in any playlist,False
mbosso - picha yake,Mbosso,Picha Yake,1,0.08216666666666667,2025-08-28 09:20:00,2025-08-28 09:20:00,0,Not in any playlist,False
mbosso - shetani (feat. costa titch & alfa kat),Mbosso,Shetani (feat. Costa Titch & Alfa Kat),1,0.022283333333333332,2025-08-28 08:16:00,2025-08-28 08:16:00,0,Not in any playlist,False
mbosso - shilingi (feat. reekado banks),Mbosso,Shilingi (feat. Reekado Banks),2,0.11378333333333335,2025-08-28 07:46:00,2026-03-16 06:39:00,0,Not in any playlist,False
mbosso - siko single,Mbosso,Siko Single,2,0.10425,2025-08-28 08:16:00,2025-08-28 08:17:00,0,Not in any playlist,False
mbosso - sina nyota,Mbosso,Sina Nyota,25,62.95968333333334,2025-08-28 07:45:00,2026-05-23 12:01:00,1,OG😝,False
mbosso - tamba,Mbosso,Tamba,2,0.21881666666666666,2025-08-28 07:45:00,2026-03-16 06:33:00,0,Not in any playlist,False
mbosso - tamu,Mbosso,Tamu,22,57.69048333333333,2025-08-28 07:18:00,2026-06-16 07:32:00,1,OG😝,True
mbosso - umechelewa,Mbosso,Umechelewa,19,42.94656666666667,2025-08-28 08:16:00,2026-03-16 08:49:00,1,OG😝,False
mbosso - watakubali,Mbosso,Watakubali,5,7.159016666666666,2025-08-28 09:20:00,2026-05-23 11:34:00,1,OG😝,False
meddy - slowly,Meddy,Slowly,15,26.165633333333332,2025-08-28 09:30:00,2026-03-07 08:58:00,0,Not in any playlist,False
meek mill - dangerous (feat. jeremih and pnb rock),Meek Mill,Dangerous (feat. Jeremih and PnB Rock),1,0.03768333333333333,2026-01-06 14:49:00,2026-01-06 14:49:00,0,Not in any playlist,False
megan thee stallion - b.a.s. (feat. kyle richh),Megan Thee Stallion,B.A.S. (feat. Kyle Richh),1,0.03821666666666667,2026-04-23 20:15:00,2026-04-23 20:15:00,0,Not in any playlist,False
megan thee stallion - mamushi (feat. yuki chiba),Megan Thee Stallion,Mamushi (feat. Yuki Chiba),7,15.850033333333334,2025-07-02 15:59:00,2026-05-02 12:33:00,1,Dance away,True
megan thee stallion - neva play (feat. rm of bts),Megan Thee Stallion,Neva Play (feat. RM of BTS),1,2.6264333333333334,2026-06-17 11:16:00,2026-06-17 11:16:00,0,Not in any playlist,False
megan thee stallion - otaku hot girl,,,0,0.0,,,1,Dance away,False
megan thee stallion - thot shit,Megan Thee Stallion,Thot Shit,2,3.2218833333333334,2026-04-15 19:45:00,2026-06-16 11:44:00,0,Not in any playlist,False
meghan trainor - like i'm gonna lose you (feat. john legend),Meghan Trainor,Like I'm Gonna Lose You (feat. John Legend),21,56.47405,2025-06-21 21:07:00,2026-03-28 09:02:00,4,"Feelings, KIARA, Life, ❤️😍",True
meghan trainor - nice to meet ya (feat. nicki minaj),Meghan Trainor,Nice to Meet Ya (feat. Nicki Minaj),2,3.63095,2025-10-09 06:26:00,2026-02-15 07:00:00,0,Not in any playlist,True
mellina tey - bank on it,Mellina Tey,Bank On It,16,51.22871666666667,2025-07-09 21:32:00,2026-05-15 20:34:00,1,R&B,False
mellina tey - o.m.w.,Mellina Tey,O.M.W.,3,6.534816666666667,2025-09-08 19:21:00,2025-10-02 19:10:00,1,1 A.M,False
meovv - hands up,MEOVV,HANDS UP,2,0.8658666666666667,2025-09-03 15:37:00,2025-09-03 15:38:00,0,Not in any playlist,False
metro boomin - creepin' (with the weeknd & 21 savage),Metro Boomin,Creepin' (with The Weeknd & 21 Savage),13,33.90331666666667,2025-09-08 19:21:00,2026-06-05 13:38:00,2,"1 A.M, R&B",False
mia martina - beast (feat. waka flocka),Mia Martina,Beast (feat. Waka Flocka),2,3.49425,2026-06-16 11:35:00,2026-06-19 18:59:00,0,Not in any playlist,False
mia martina - beast (feat. waka flocka) - victor niglio remix,Mia Martina,Beast (feat. Waka Flocka) - Victor Niglio Remix,1,0.03796666666666667,2026-04-23 20:12:00,2026-04-23 20:12:00,0,Not in any playlist,False
michael bublé - sway,Michael Bublé,Sway,1,0.24941666666666668,2026-03-27 07:19:00,2026-03-27 07:19:00,0,Not in any playlist,False
michael jackson - chicago,Michael Jackson,Chicago,5,14.555533333333333,2026-03-24 10:24:00,2026-06-16 20:02:00,0,Not in any playlist,False
michael jackson - heaven can wait,Michael Jackson,Heaven Can Wait,1,0.0,2025-09-08 19:21:00,2025-09-08 19:21:00,1,1 A.M,False
michael jackson - human nature,Michael Jackson,Human Nature,1,0.27498333333333336,2026-06-20 08:16:00,2026-06-20 08:16:00,1,❤️😍,False
mighty bay - pasta,Mighty Bay,PASTA,1,0.026883333333333332,2026-04-23 20:15:00,2026-04-23 20:15:00,0,Not in any playlist,False
migos - motorsport,Migos,MotorSport,1,0.03885,2026-04-23 20:19:00,2026-04-23 20:19:00,0,Not in any playlist,False
miguel - adorn,Miguel,Adorn,2,0.08898333333333333,2026-03-13 05:52:00,2026-03-13 05:58:00,0,Not in any playlist,False
miguel - all i want is you (feat. j. cole),Miguel,All I Want Is You (feat. J. Cole),2,0.16918333333333332,2026-03-13 05:55:00,2026-03-13 05:55:00,0,Not in any playlist,False
miguel - sure thing,Miguel,Sure Thing,11,20.41763333333333,2025-07-08 20:04:00,2026-06-20 10:17:00,2,"Dance away, Sensual",True
mika - popular song,MIKA,Popular Song,1,0.29401666666666665,2026-05-02 08:16:00,2026-05-02 08:16:00,0,Not in any playlist,False
mike will made-it - 23,Mike WiLL Made-It,23,1,0.28496666666666665,2026-04-23 20:17:00,2026-04-23 20:17:00,0,Not in any playlist,False
miley cyrus - adore you,Miley Cyrus,Adore You,1,0.03715,2026-03-27 07:18:00,2026-03-27 07:18:00,0,Not in any playlist,False
miley cyrus - prisoner (feat. dua lipa),,,0,0.0,,,1,KIARA,False
mindvellous - allow your body to make the changes you desire fast powerful subliminal affirmations,Mindvellous,Allow Your Body to Make the Changes You Desire Fast Powerful Subliminal Affirmations,1,9.98925,2026-04-19 01:48:00,2026-04-19 01:48:00,0,Not in any playlist,False
mindvellous - anti-aging stay young and always look 18 subliminal affirmations,Mindvellous,Anti-Aging Stay Young and Always Look 18 Subliminal Affirmations,3,26.135550000000002,2026-04-19 08:26:00,2026-04-25 05:10:00,0,Not in any playlist,False
mindvellous - attract jobs fast ideal career get your dream job! subliminal music,Mindvellous,Attract Jobs Fast Ideal Career Get Your Dream Job! Subliminal Music,3,46.05655,2026-04-19 06:18:00,2026-04-25 01:55:00,0,Not in any playlist,False
mindvellous - get lighter eyes fast change your eye color powerful subliminal affirmations,Mindvellous,Get Lighter Eyes Fast Change Your Eye Color Powerful Subliminal Affirmations,1,9.344016666666667,2026-04-19 02:25:00,2026-04-19 02:25:00,0,Not in any playlist,False
mindvellous - self-love affirmations i am beautiful valuable subliminal self worth meditation,Mindvellous,Self-Love Affirmations I Am Beautiful Valuable Subliminal Self Worth Meditation,3,29.6882,2026-04-19 08:09:00,2026-04-24 21:59:00,0,Not in any playlist,False
mino - okey dokey,,,0,0.0,,,1,Kpop,False
miracle tones - 528 hz dna repair,Miracle Tones,528 Hz DNA Repair,1,2.3694,2026-04-24 06:49:00,2026-04-24 06:49:00,0,Not in any playlist,False
miracle tones - 528 hz raise positive vibrations,Miracle Tones,528 Hz Raise Positive Vibrations,1,2.0633,2026-04-24 07:16:00,2026-04-24 07:16:00,0,Not in any playlist,False
miracle tones - 639 hz heal heart chakra,Miracle Tones,639 Hz Heal Heart Chakra,1,2.5166666666666666,2026-04-24 06:30:00,2026-04-24 06:30:00,0,Not in any playlist,False
miracle tones - 963 hz courage & inner power,Miracle Tones,963 Hz Courage & Inner Power,3,7.206833333333334,2026-04-18 23:39:00,2026-04-24 21:16:00,0,Not in any playlist,False
miracle tones - 963 hz remove self limiting beliefs,Miracle Tones,963 Hz Remove Self Limiting Beliefs,3,7.825,2026-04-19 01:05:00,2026-04-25 02:23:00,0,Not in any playlist,False
miyuze - unforgettable,Miyuze,Unforgettable,1,2.0416666666666665,2025-06-25 20:06:00,2025-06-25 20:06:00,0,Not in any playlist,False
moliy - body go (with tyla),MOLIY,Body Go (with Tyla),1,0.10385,2026-03-24 10:25:00,2026-03-24 10:25:00,0,Not in any playlist,False
mondy g - nasema nawe,Mondy G,Nasema Nawe,1,0.0399,2026-03-18 07:11:00,2026-03-18 07:11:00,0,Not in any playlist,False
monica - angel of mine,Monica,Angel of Mine,1,0.04348333333333333,2026-01-06 15:22:00,2026-01-06 15:22:00,0,Not in any playlist,False
morgan wallen - money on me,Morgan Wallen,Money On Me,1,0.15715,2025-09-20 18:20:00,2025-09-20 18:20:00,0,Not in any playlist,False
muni long - hrs & hrs,Muni Long,Hrs & Hrs,20,56.4973,2025-07-31 19:40:00,2026-06-02 15:56:00,1,R&B,False
muni long - made for me,Muni Long,Made For Me,16,48.24531666666667,2025-07-08 21:00:00,2026-06-05 13:31:00,2,"Life, R&B",False
muni long - ruined me,Muni Long,Ruined Me,1,0.05558333333333333,2026-03-13 05:57:00,2026-03-13 05:57:00,0,Not in any playlist,False
music from the firmament - courage and confidence frequency,Music from the Firmament,Courage and Confidence Frequency,3,14.16,2026-04-19 03:00:00,2026-04-24 22:50:00,0,Not in any playlist,False
music from the firmament - open up to new vibrations,Music from the Firmament,Open up to New Vibrations,3,14.326666666666666,2026-04-19 04:13:00,2026-04-25 04:30:00,0,Not in any playlist,False
mutoriah - beta,Mutoriah,Beta,14,33.5496,2025-07-09 21:45:00,2026-06-09 20:44:00,1,Kenyan tunes,False
mutoriah - lonely,Mutoriah,Lonely,1,1.7951,2025-10-14 19:01:00,2025-10-14 19:01:00,0,Not in any playlist,False
mvnnymusik - work to the beat,MvnnyMusik,Work to the Beat,1,0.18971666666666667,2026-04-23 20:15:00,2026-04-23 20:15:00,0,Not in any playlist,False
mwanafa - dume suruali,MwanaFA,Dume Suruali,1,0.21713333333333334,2026-03-16 06:48:00,2026-03-16 06:48:00,0,Not in any playlist,False
my chemical romance - welcome to the black parade,My Chemical Romance,Welcome to the Black Parade,1,0.030083333333333333,2026-05-18 13:15:00,2026-05-18 13:15:00,0,Not in any playlist,False
myaap - wham,Myaap,Wham,1,0.037766666666666664,2026-04-23 20:16:00,2026-04-23 20:16:00,0,Not in any playlist,False
mychelle - sweet nothings,Mychelle,Sweet Nothings,1,0.039066666666666666,2025-07-09 21:51:00,2025-07-09 21:51:00,0,Not in any playlist,False
n.e.r.d - lemon,N.E.R.D,Lemon,1,0.9251666666666667,2026-03-25 07:06:00,2026-03-25 07:06:00,0,Not in any playlist,False
nadia mukami - radio love,Nadia Mukami,Radio Love,10,32.77065,2025-11-12 07:02:00,2026-05-23 10:53:00,1,OG😝,False
naiboi - 2 in 1,Naiboi,2 in 1,1,3.4808,2026-06-09 08:55:00,2026-06-09 08:55:00,0,Not in any playlist,False
naiboi - usipime mwanaume,Naiboi,Usipime Mwanaume,1,0.21946666666666667,2026-06-09 08:55:00,2026-06-09 08:55:00,0,Not in any playlist,False
nameless - sinzia,Nameless,Sinzia,1,1.0111333333333334,2026-05-27 07:40:00,2026-05-27 07:40:00,0,Not in any playlist,False
nana fofie - seasons,Nana Fofie,Seasons,2,0.07713333333333333,2025-08-28 08:12:00,2025-08-28 08:12:00,0,Not in any playlist,False
nandy - hazipo,Nandy,Hazipo,1,0.0754,2026-01-19 15:06:00,2026-01-19 15:06:00,0,Not in any playlist,False
nandy - kivuruge,Nandy,Kivuruge,1,3.865683333333333,2026-06-16 10:45:00,2026-06-16 10:45:00,0,Not in any playlist,True
nandy - kiza kinene,Nandy,Kiza Kinene,1,0.03055,2026-03-16 06:34:00,2026-03-16 06:34:00,0,Not in any playlist,False
nandy - nibakishie,Nandy,Nibakishie,2,3.8224666666666667,2025-09-23 13:47:00,2026-03-16 06:38:00,0,Not in any playlist,False
nandy - ninogeshe,Nandy,Ninogeshe,23,76.78273333333334,2025-08-28 08:27:00,2026-05-23 10:26:00,1,OG😝,False
nandy - wasikudanganye,Nandy,Wasikudanganye,2,0.13481666666666667,2026-01-19 15:05:00,2026-03-16 06:38:00,0,Not in any playlist,False
naomi sharon - bittersweet,Naomi Sharon,Bittersweet,1,0.038933333333333334,2025-07-09 21:49:00,2025-07-09 21:49:00,0,Not in any playlist,False
nat king cole - l-o-v-e,Nat King Cole,L-O-V-E,14,36.23825,2025-07-09 21:32:00,2026-05-15 19:14:00,1,R&B,False
natalie jane - intrusive thoughts,Natalie Jane,Intrusive Thoughts,1,3.3511166666666665,2026-02-16 08:22:00,2026-02-16 08:22:00,1,KIARA,False
naughty boy - la la la,Naughty Boy,La La La,11,33.876416666666664,2025-07-21 07:25:00,2026-04-01 10:14:00,1,Life,False
nayeon - pop!,NAYEON,POP!,2,5.603566666666667,2026-02-09 17:55:00,2026-03-03 05:26:00,1,Kpop,False
naïka - 1+1,Naïka,1+1,11,27.33545,2025-06-29 19:55:00,2026-05-05 17:21:00,2,"Dance away, Sensual",True
naïka - 6:45,Naïka,6:45,13,43.79575,2025-09-06 10:22:00,2026-06-20 10:16:00,3,"Dance away, Life, Sensual",True
naïka - barely barely,Naïka,BARELY BARELY,1,0.05605,2026-02-21 16:48:00,2026-02-21 16:48:00,0,Not in any playlist,False
naïka - bb.,Naïka,bb.,6,9.794983333333333,2025-10-13 07:56:00,2026-05-28 18:10:00,1,Sensual,True
naïka - bloom,Naïka,BLOOM,1,0.030716666666666666,2026-02-20 14:52:00,2026-02-20 14:52:00,0,Not in any playlist,False
naïka - ma chérie,Naïka,Ma Chérie,5,17.2552,2025-07-13 13:33:00,2026-01-30 06:41:00,1,Sensual,True
naïka - welcome to eclesia,Naïka,WELCOME TO ECLESIA,13,22.19405,2026-02-20 14:54:00,2026-05-05 12:38:00,0,Not in any playlist,True
nct dream - hot sauce,,,0,0.0,,,1,Kpop,False
nct u - baggy jeans,NCT U,Baggy Jeans,1,3.5231166666666667,2026-02-15 04:27:00,2026-02-15 04:27:00,1,Kpop,False
ndotz - embrace it,Ndotz,Embrace It,1,1.7403,2026-06-16 10:56:00,2026-06-16 10:56:00,0,Not in any playlist,False
ndotz - watch me now! (with nle choppa),Ndotz,Watch Me Now! (with NLE Choppa),5,6.859466666666666,2026-04-23 19:59:00,2026-06-15 13:42:00,1,"Volume up ,logic down",False
ne-yo - angel,Ne-Yo,Angel,1,0.03436666666666666,2026-01-06 15:20:00,2026-01-06 15:20:00,0,Not in any playlist,False
ne-yo - back to what you know,Ne-Yo,Back To What You Know,1,0.0,2026-03-25 07:14:00,2026-03-25 07:14:00,0,Not in any playlist,False
ne-yo - because of you,Ne-Yo,Because Of You,1,0.030416666666666668,2026-03-13 05:50:00,2026-03-13 05:50:00,0,Not in any playlist,False
ne-yo - closer,Ne-Yo,Closer,1,0.038033333333333336,2026-03-13 05:53:00,2026-03-13 05:53:00,0,Not in any playlist,False
ne-yo - mad,Ne-Yo,Mad,1,0.05045,2026-03-13 05:50:00,2026-03-13 05:50:00,0,Not in any playlist,False
ne-yo - miss independent,Ne-Yo,Miss Independent,12,46.4,2025-12-05 09:09:00,2026-05-23 13:40:00,1,R&B,True
ne-yo - one in a million,Ne-Yo,One In A Million,1,0.11325,2026-03-13 05:50:00,2026-03-13 05:50:00,0,Not in any playlist,False
ne-yo - part of the list,Ne-Yo,Part Of The List,1,0.22695,2026-03-25 07:14:00,2026-03-25 07:14:00,0,Not in any playlist,False
ne-yo - so sick,Ne-Yo,So Sick,6,10.108783333333333,2026-01-06 15:21:00,2026-06-16 10:13:00,1,R&B,True
neil young - harvest moon,Neil Young,Harvest Moon,1,0.030866666666666667,2026-01-06 15:24:00,2026-01-06 15:24:00,0,Not in any playlist,False
nelly furtado - promiscuous,Nelly Furtado,Promiscuous,1,0.0472,2026-03-13 05:53:00,2026-03-13 05:53:00,0,Not in any playlist,False
nelly furtado - say it right,Nelly Furtado,Say It Right,1,0.04013333333333333,2026-03-13 05:53:00,2026-03-13 05:53:00,0,Not in any playlist,False
netsky - i don’t even know you anymore (feat. bazzi & lil wayne),Netsky,I Don’t Even Know You Anymore (feat. Bazzi & Lil Wayne),1,0.0771,2025-12-09 13:55:00,2025-12-09 13:55:00,0,Not in any playlist,False
new edition - mr. telephone man,New Edition,Mr. Telephone Man,10,27.771616666666667,2026-03-11 19:46:00,2026-06-05 13:19:00,1,R&B,True
newjeans - attention,NewJeans,Attention,1,3.001116666666667,2026-02-10 10:37:00,2026-02-10 10:37:00,1,Kpop,False
newjeans - cookie,NewJeans,Cookie,1,3.9260333333333333,2026-02-09 18:46:00,2026-02-09 18:46:00,1,Kpop,False
newjeans - ditto,,,0,0.0,,,1,Kpop,False
newjeans - hype boy,,,0,0.0,,,1,Kpop,False
newjeans - omg,NewJeans,OMG,5,14.157316666666667,2025-10-08 13:29:00,2026-04-17 15:25:00,1,Kpop,False
newjeans - super shy,NewJeans,Super Shy,2,3.0646500000000003,2025-10-05 07:11:00,2025-10-05 12:04:00,2,"Kpop, Kpop -hits",False
newjeans - supernatural,NewJeans,Supernatural,2,1.8637666666666666,2026-03-02 15:06:00,2026-06-16 12:43:00,1,Kpop,False
nextyoungin - 3 musketeers,NextYoungin,3 Musketeers,1,2.78095,2026-04-23 19:50:00,2026-04-23 19:50:00,0,Not in any playlist,False
nicki minaj - did it on’em,Nicki Minaj,Did It On’em,1,0.033966666666666666,2026-05-18 13:14:00,2026-05-18 13:14:00,0,Not in any playlist,False
nicki minaj - your love,Nicki Minaj,Your Love,1,0.05635,2026-03-13 05:52:00,2026-03-13 05:52:00,0,Not in any playlist,False
niki - chilly,NIKI,Chilly,1,0.07656666666666667,2025-07-09 21:38:00,2025-07-09 21:38:00,0,Not in any playlist,False
niki - every summertime,NIKI,Every Summertime,3,8.301066666666667,2025-10-01 08:14:00,2025-11-18 14:30:00,1,Feelings,False
niki - i like u,NIKI,I Like U,25,68.01743333333333,2025-07-09 21:36:00,2026-05-23 13:26:00,1,R&B,False
niki - lowkey,NIKI,lowkey,39,95.30908333333333,2025-07-02 19:58:00,2026-06-16 08:22:00,3,"Feelings, Life, R&B",True
niki - see u never,NIKI,See U Never,14,41.56973333333333,2025-07-09 21:38:00,2026-05-15 21:24:00,1,R&B,False
niki - take a chance with me,NIKI,Take A Chance With Me,6,30.393316666666667,2025-07-02 20:17:00,2026-01-08 19:01:00,1,Feelings,True
niki - urs,NIKI,urs,1,0.239,2025-07-09 21:39:00,2025-07-09 21:39:00,0,Not in any playlist,False
niki - vintage,NIKI,Vintage,1,0.05661666666666667,2025-07-09 21:39:00,2025-07-09 21:39:00,0,Not in any playlist,False
niki - you'll be in my heart,NIKI,You'll Be in My Heart,9,21.27235,2025-07-02 20:35:00,2026-05-31 06:43:00,0,Not in any playlist,True
nikita kering' - ex,Nikita Kering',Ex,21,58.85935,2025-07-09 21:44:00,2026-06-14 17:14:00,1,R&B,False
nikita kering' - last name,Nikita Kering',Last Name,2,4.0515,2026-05-27 07:22:00,2026-06-14 17:34:00,0,Not in any playlist,False
nikita kering' - on yah - intro,Nikita Kering',On Yah - Intro,10,19.449916666666667,2025-07-09 21:45:00,2026-06-09 08:22:00,1,Kenyan tunes,False
nikita kering' - tonight - remix,Nikita Kering',Tonight - Remix,2,5.28,2026-06-09 08:40:00,2026-06-14 16:55:00,0,Not in any playlist,False
nippa - one more,Nippa,One More,1,0.0566,2025-07-09 21:51:00,2025-07-09 21:51:00,0,Not in any playlist,False
njerae - aki sioni,Njerae,Aki Sioni,21,55.04663333333334,2025-07-03 15:51:00,2026-06-09 20:32:00,1,Kenyan tunes,True
njerae - beg for it,Njerae,Beg For It,1,2.8903333333333334,2026-01-06 18:58:00,2026-01-06 18:58:00,0,Not in any playlist,False
njerae - gone,Njerae,Gone,1,0.13275,2025-07-09 21:37:00,2025-07-09 21:37:00,0,Not in any playlist,False
njerae - otd,Njerae,OTD,1,2.4651,2026-01-06 19:20:00,2026-01-06 19:20:00,0,Not in any playlist,False
nle choppa - camelot,NLE Choppa,Camelot,1,0.03928333333333334,2026-04-23 20:00:00,2026-04-23 20:00:00,0,Not in any playlist,False
nle choppa - clicc clacc,NLE Choppa,Clicc Clacc,1,0.046016666666666664,2026-04-23 20:19:00,2026-04-23 20:19:00,0,Not in any playlist,False
nle choppa - gang baby,NLE Choppa,Gang Baby,3,0.3206833333333333,2026-04-23 20:00:00,2026-04-23 20:17:00,0,Not in any playlist,False
nle choppa - slut me out,NLE Choppa,SLUT ME OUT,4,4.472716666666667,2026-04-23 19:59:00,2026-06-16 10:31:00,0,Not in any playlist,True
no guidnce - around me,No Guidnce,Around Me,18,46.30831666666667,2025-06-28 20:18:00,2026-06-16 09:04:00,4,"1 A.M, Dance away, KIARA, Life",True
no7em - take my heart dont break it (stargazing) - sped,NO7EM,Take My Heart Dont Break It (Stargazing) - Sped,1,1.9587666666666668,2025-06-29 19:22:00,2025-06-29 19:22:00,0,Not in any playlist,False
normani - wild side (feat. cardi b),Normani,Wild Side (feat. Cardi B),2,0.013749999999999998,2026-03-13 05:58:00,2026-03-13 06:05:00,0,Not in any playlist,False
nova - not around,Nova,Not Around,2,6.1306666666666665,2025-10-02 18:47:00,2025-10-02 18:58:00,0,Not in any playlist,False
novva - nasema nawe,NoVva,Nasema Nawe,1,0.20621666666666666,2026-03-18 07:10:00,2026-03-18 07:10:00,0,Not in any playlist,False
nviiri the storyteller - birthday song (feat. khaligraph jones),Nviiri The Storyteller,Birthday Song (feat. Khaligraph Jones),5,21.666666666666664,2025-07-29 16:52:00,2026-05-13 20:25:00,1,Kenyan tunes,False
nviiri the storyteller - kesi baadae,Nviiri The Storyteller,Kesi Baadae,1,0.01765,2026-06-20 09:20:00,2026-06-20 09:20:00,0,Not in any playlist,False
nviiri the storyteller - mae wendi,Nviiri The Storyteller,Mae Wendi,1,0.16355,2026-06-20 09:21:00,2026-06-20 09:21:00,0,Not in any playlist,False
nviiri the storyteller - nikita,Nviiri The Storyteller,Nikita,1,2.7142833333333334,2026-06-20 09:17:00,2026-06-20 09:17:00,0,Not in any playlist,True
nviiri the storyteller - niko sawa (feat. bien),Nviiri The Storyteller,Niko Sawa (feat. Bien),1,0.04075,2025-07-09 21:44:00,2025-07-09 21:44:00,0,Not in any playlist,False
nviiri the storyteller - pombe sigara,Nviiri The Storyteller,Pombe Sigara,10,32.14618333333333,2025-10-17 12:05:00,2026-06-20 09:20:00,1,Kenyan tunes,False
nyashinski - malaika,Nyashinski,Malaika,3,1.7662833333333332,2026-01-22 11:28:00,2026-03-11 10:53:00,0,Not in any playlist,True
odeal - london summers,Odeal,London Summers,1,0.05098333333333333,2025-07-09 21:49:00,2025-07-09 21:49:00,0,Not in any playlist,False
offside trick - kisiriba,Offside Trick,Kisiriba,1,0.09636666666666667,2025-08-28 09:22:00,2025-08-28 09:22:00,0,Not in any playlist,False
ohthatsmizz - bumbaa - remix,Ohthatsmizz,BUMBAA - Remix,1,0.0634,2026-04-23 20:12:00,2026-04-23 20:12:00,0,Not in any playlist,False
okello max - nakufa,Okello Max,Nakufa,1,4.9214166666666666,2026-01-06 19:12:00,2026-01-06 19:12:00,0,Not in any playlist,False
olakira - sere,Olakira,Sere,1,0.0206,2025-08-28 08:15:00,2025-08-28 08:15:00,0,Not in any playlist,False
olivia dean - man i need,Olivia Dean,Man I Need,2,0.01395,2026-03-24 10:26:00,2026-03-24 10:26:00,0,Not in any playlist,False
olivia dean - so easy (to fall in love),Olivia Dean,So Easy (To Fall In Love),1,0.13523333333333334,2026-03-13 05:57:00,2026-03-13 05:57:00,0,Not in any playlist,False
olivia o'brien - josslyn,Olivia O'Brien,Josslyn,1,0.018,2025-07-09 21:42:00,2025-07-09 21:42:00,0,Not in any playlist,False
olivia rodrigo - drivers license,Olivia Rodrigo,drivers license,1,0.06236666666666667,2026-05-18 13:14:00,2026-05-18 13:14:00,0,Not in any playlist,False
olivia rodrigo - favorite crime,Olivia Rodrigo,favorite crime,1,0.13153333333333334,2026-05-02 07:27:00,2026-05-02 07:27:00,0,Not in any playlist,False
olivia rodrigo - good 4 u,Olivia Rodrigo,good 4 u,3,5.973966666666667,2025-10-15 07:45:00,2026-05-31 18:50:00,1,KIARA,False
olivia rodrigo - happier,Olivia Rodrigo,happier,11,18.575216666666666,2025-06-30 20:32:00,2026-04-17 14:11:00,2,"KIARA, Life",False
"olivia rodrigo - jealousy, jealousy",Olivia Rodrigo,"jealousy, jealousy",4,8.826533333333334,2025-10-24 07:48:00,2026-05-15 06:26:00,0,Not in any playlist,True
olly alexander (years & years) - breathe,Olly Alexander (Years & Years),Breathe,11,35.5905,2025-07-21 06:41:00,2026-03-28 06:09:00,1,Life,False
omar rudberg - mi casa su casa,Omar Rudberg,Mi Casa Su Casa,11,19.4417,2025-07-16 19:25:00,2026-06-16 09:01:00,2,"Dance away, Sensual",True
omarion - post to be (feat. chris brown & jhene aiko),Omarion,Post to Be (feat. Chris Brown & Jhene Aiko),1,3.77635,2026-06-16 12:15:00,2026-06-16 12:15:00,0,Not in any playlist,False
ommy dimpoz - baadae,,,0,0.0,,,1,OG😝,False
ommy dimpoz - nai nai,Ommy Dimpoz,Nai Nai,1,0.4280333333333333,2026-03-16 06:43:00,2026-03-16 06:43:00,0,Not in any playlist,False
one direction - night changes,One Direction,Night Changes,1,3.776666666666667,2025-10-04 11:04:00,2025-10-04 11:04:00,1,KIARA,False
one direction - perfect,One Direction,Perfect,14,39.62863333333333,2025-06-21 20:49:00,2026-04-17 13:42:00,1,Life,False
one direction - right now,One Direction,Right Now,2,3.3467166666666666,2025-06-20 21:00:00,2025-06-21 20:26:00,0,Not in any playlist,False
one direction - steal my girl,One Direction,Steal My Girl,1,3.8023,2026-01-26 11:24:00,2026-01-26 11:24:00,0,Not in any playlist,False
one direction - story of my life,One Direction,Story of My Life,1,0.0618,2026-03-27 07:18:00,2026-03-27 07:18:00,0,Not in any playlist,False
ooes - права,ooes,права,1,0.05046666666666667,2026-01-30 08:26:00,2026-01-30 08:26:00,0,Not in any playlist,False
opia subliminals - feminine beauty increase | subliminal,Opia Subliminals,Feminine Beauty Increase | Subliminal,1,0.17743333333333333,2026-04-23 20:32:00,2026-04-23 20:32:00,0,Not in any playlist,False
oreoxx - martha,Oreoxx,Martha,1,0.30505,2025-08-28 07:22:00,2025-08-28 07:22:00,0,Not in any playlist,False
otile brown - acha waseme,Otile Brown,Acha Waseme,1,0.04103333333333333,2026-03-16 06:43:00,2026-03-16 06:43:00,0,Not in any playlist,False
otile brown - aiyana (feat. sanaipei tande),Otile Brown,Aiyana (feat. Sanaipei Tande),16,40.112433333333335,2025-08-28 07:44:00,2026-03-30 17:30:00,1,OG😝,False
otile brown - amor (feat. jovial),Otile Brown,Amor (feat. Jovial),1,3.403766666666667,2025-10-04 09:28:00,2025-10-04 09:28:00,0,Not in any playlist,False
otile brown - chaguo la moyo (feat. sanaipei),Otile Brown,Chaguo la Moyo (feat. Sanaipei),12,34.30695,2025-07-09 21:44:00,2026-06-02 12:28:00,1,Kenyan tunes,False
otile brown - crush,Otile Brown,Crush,1,0.0343,2025-08-28 09:20:00,2025-08-28 09:20:00,0,Not in any playlist,False
otile brown - dusuma,Otile Brown,Dusuma,20,61.12253333333333,2025-08-28 14:55:00,2026-06-09 07:08:00,1,OG😝,False
otile brown - i love you (feat. okello max),Otile Brown,I Love You (feat. Okello Max),1,0.020633333333333333,2025-11-23 10:30:00,2025-11-23 10:30:00,0,Not in any playlist,False
otile brown - in love (feat. alikiba),Otile Brown,In Love (feat. Alikiba),1,0.03353333333333333,2026-03-16 06:43:00,2026-03-16 06:43:00,0,Not in any playlist,False
otile brown - kistaarabu,Otile Brown,Kistaarabu,1,0.08865,2026-03-16 06:35:00,2026-03-16 06:35:00,0,Not in any playlist,False
otile brown - miss the water,Otile Brown,Miss The Water,5,12.155616666666667,2025-11-23 10:30:00,2026-03-07 09:27:00,0,Not in any playlist,False
otile brown - umenipendea nini (feat. barakah the prince),Otile Brown,Umenipendea Nini (feat. Barakah The Prince),1,0.04955,2025-11-23 10:30:00,2025-11-23 10:30:00,0,Not in any playlist,False
otile brown - woman (feat. harmonize),Otile Brown,Woman (feat. Harmonize),1,0.20325,2025-11-23 10:30:00,2025-11-23 10:30:00,0,Not in any playlist,False
owen saward - i know,Owen Saward,I know,22,60.234700000000004,2025-07-09 21:52:00,2026-05-15 20:11:00,1,R&B,False
p-square - personally,P-Square,Personally,1,3.247933333333333,2025-12-19 18:14:00,2025-12-19 18:14:00,0,Not in any playlist,False
p-square - shekini,P-Square,Shekini,1,0.08421666666666666,2025-12-05 17:31:00,2025-12-05 17:31:00,0,Not in any playlist,False
p1harmony - killin' it,P1Harmony,Killin' It,1,2.93555,2026-02-09 17:45:00,2026-02-09 17:45:00,1,Kpop,False
p1harmony - pretty boy,P1Harmony,Pretty Boy,12,26.544216666666667,2025-09-29 17:09:00,2026-06-17 11:05:00,2,"Kpop, Kpop -hits",False
p1harmony - wednesday girl,P1Harmony,Wednesday Girl,1,0.03476666666666667,2026-03-24 10:24:00,2026-03-24 10:24:00,0,Not in any playlist,False
papa wemba - chacun pour soi,Papa Wemba,Chacun pour soi,1,0.016416666666666666,2025-08-28 07:49:00,2025-08-28 07:49:00,0,Not in any playlist,False
paris paloma - labour,,,0,0.0,,,1,KIARA,False
paris paloma - labour - the cacophony,Paris Paloma,LABOUR - the cacophony,2,8.248166666666666,2025-11-28 13:55:00,2026-02-15 07:21:00,1,KIARA,True
partynextdoor - ballin',PARTYNEXTDOOR,Ballin',1,0.04848333333333334,2026-01-12 18:36:00,2026-01-12 18:36:00,0,Not in any playlist,False
partynextdoor - belong to the city,PARTYNEXTDOOR,Belong to the City,1,0.07163333333333333,2026-01-12 18:36:00,2026-01-12 18:36:00,0,Not in any playlist,False
partynextdoor - break from toronto,PARTYNEXTDOOR,Break from Toronto,1,0.03191666666666667,2026-01-12 18:36:00,2026-01-12 18:36:00,0,Not in any playlist,False
partynextdoor - dreamin,PARTYNEXTDOOR,Dreamin,10,14.83495,2026-01-12 18:35:00,2026-05-23 13:11:00,2,"R&B, Sensual",True
partynextdoor - f o r c e r t a i n,PARTYNEXTDOOR,F o r C e r t a i n,4,7.486233333333334,2025-12-31 08:01:00,2026-05-13 20:01:00,1,Sensual,True
partynextdoor - her way,PARTYNEXTDOOR,Her Way,1,0.0,2025-09-08 19:21:00,2025-09-08 19:21:00,1,1 A.M,False
partynextdoor - m a k e i t t o t h e m o r n i n g,PARTYNEXTDOOR,M a k e I t T o T h e M o r n i n g,2,0.25429999999999997,2026-03-13 05:57:00,2026-03-13 05:58:00,1,Sensual,True
partynextdoor - n o c h i l l,PARTYNEXTDOOR,N o C h i l l,10,22.64,2026-01-12 18:35:00,2026-05-31 07:02:00,2,"R&B, Sensual",True
partynextdoor - recognize (feat. drake),PARTYNEXTDOOR,Recognize (feat. Drake),1,0.07151666666666667,2026-01-12 18:37:00,2026-01-12 18:37:00,0,Not in any playlist,False
partynextdoor - somebody loves me,PARTYNEXTDOOR,SOMEBODY LOVES ME,2,0.06761666666666666,2025-07-09 21:48:00,2026-03-13 05:58:00,0,Not in any playlist,False
partynextdoor - tbh,PARTYNEXTDOOR,TBH,3,0.15431666666666666,2026-01-12 18:35:00,2026-03-13 05:57:00,0,Not in any playlist,False
partynextdoor - wus good / curious,PARTYNEXTDOOR,Wus Good / Curious,1,0.0574,2026-01-12 18:36:00,2026-01-12 18:36:00,0,Not in any playlist,False
patoranking - kolo kolo,Patoranking,Kolo Kolo,2,0.03343333333333333,2025-08-28 07:49:00,2025-08-28 08:18:00,0,Not in any playlist,False
patoranking - love you die (feat. diamond platnumz),Patoranking,Love You Die (feat. Diamond Platnumz),2,0.04231666666666667,2025-08-28 07:48:00,2025-08-28 08:18:00,0,Not in any playlist,False
patricia hillary - njiwa 1,Patricia Hillary,Njiwa 1,1,0.6222166666666666,2026-03-18 07:22:00,2026-03-18 07:22:00,0,Not in any playlist,False
penomeco - bolo (feat. ydg),PENOMECO,BOLO (feat. YDG),2,5.717333333333333,2026-06-09 14:47:00,2026-06-16 12:48:00,1,Kpop,True
pentatonix - hallelujah,Pentatonix,Hallelujah,3,0.4681,2025-07-08 20:04:00,2026-01-12 05:33:00,0,Not in any playlist,False
petey pablo - freek-a-leek,Petey Pablo,Freek-A-Leek,4,6.576133333333334,2026-03-13 05:53:00,2026-05-11 16:06:00,1,"Volume up ,logic down",False
phantom handshakes - cricket songs,Phantom Handshakes,Cricket Songs,1,0.28401666666666664,2025-08-02 21:13:00,2025-08-02 21:13:00,0,Not in any playlist,False
philly goats - buss it,Philly Goats,Buss It,1,0.03298333333333334,2026-04-23 20:15:00,2026-04-23 20:15:00,0,Not in any playlist,False
pinkpantheress - stateside + zara larsson,PinkPantheress,Stateside + Zara Larsson,8,4.927499999999999,2026-03-24 10:25:00,2026-06-20 09:50:00,1,Life,True
polo g - 21,Polo G,21,1,0.04788333333333333,2026-01-06 15:58:00,2026-01-06 15:58:00,0,Not in any playlist,False
polo g - barely holdin' on,Polo G,Barely Holdin' On,1,2.190933333333333,2026-01-06 18:19:00,2026-01-06 18:19:00,0,Not in any playlist,False
polo g - black hearted,Polo G,Black Hearted,2,3.1907666666666668,2026-01-06 15:50:00,2026-01-06 15:53:00,0,Not in any playlist,False
polo g - go stupid,Polo G,Go Stupid,2,0.0674,2026-04-23 20:00:00,2026-04-23 20:00:00,0,Not in any playlist,False
polo g - through da storm,Polo G,Through Da Storm,1,3.1550333333333334,2026-01-06 18:07:00,2026-01-06 18:07:00,0,Not in any playlist,False
pop smoke - mood swings (feat. lil tjay),Pop Smoke,Mood Swings (feat. Lil Tjay),1,3.55555,2026-01-06 13:08:00,2026-01-06 13:08:00,0,Not in any playlist,False
pop smoke - something special,Pop Smoke,Something Special,1,0.11648333333333333,2026-01-06 14:40:00,2026-01-06 14:40:00,0,Not in any playlist,False
pop smoke - what you know bout love,Pop Smoke,What You Know Bout Love,1,0.22761666666666666,2026-01-06 13:08:00,2026-01-06 13:08:00,0,Not in any playlist,False
poshlaya molly - мишка,Poshlaya Molly,Мишка,1,0.23428333333333334,2026-01-30 08:26:00,2026-01-30 08:26:00,0,Not in any playlist,False
positive affirmations - attract money in abundance - ocean waves,Positive Affirmations,Attract Money in Abundance - Ocean Waves,4,30.10861666666667,2026-04-19 08:52:00,2026-04-24 20:56:00,0,Not in any playlist,False
"prettymuch - 10,000 hours",PRETTYMUCH,"10,000 Hours",1,0.030516666666666668,2026-01-06 13:53:00,2026-01-06 13:53:00,0,Not in any playlist,False
prettymuch - 4u,PRETTYMUCH,4U,1,0.014816666666666667,2026-01-06 13:54:00,2026-01-06 13:54:00,0,Not in any playlist,False
prettymuch - alone,PRETTYMUCH,ALONE,1,0.005016666666666667,2026-01-06 13:54:00,2026-01-06 13:54:00,0,Not in any playlist,False
prettymuch - blind,PRETTYMUCH,Blind,1,0.03935,2026-01-06 13:53:00,2026-01-06 13:53:00,0,Not in any playlist,False
prettymuch - corpus christi,PRETTYMUCH,Corpus Christi,1,0.015383333333333334,2026-01-06 13:53:00,2026-01-06 13:53:00,0,Not in any playlist,False
prettymuch - excited,PRETTYMUCH,EXCITED,1,0.011416666666666667,2026-01-06 13:54:00,2026-01-06 13:54:00,0,Not in any playlist,False
prettymuch - eyes off you,PRETTYMUCH,Eyes Off You,19,51.11401666666667,2025-07-21 06:50:00,2026-06-18 11:40:00,3,"KIARA, Life, ❤️😍",False
prettymuch - free,PRETTYMUCH,Free,1,0.00845,2026-01-06 13:54:00,2026-01-06 13:54:00,0,Not in any playlist,False
prettymuch - gone 2 long,PRETTYMUCH,Gone 2 Long,2,0.6949333333333333,2025-12-18 17:07:00,2026-01-06 13:53:00,0,Not in any playlist,False
prettymuch - h2l,PRETTYMUCH,H2L,1,0.011066666666666667,2026-01-06 13:54:00,2026-01-06 13:54:00,0,Not in any playlist,False
prettymuch - healthy,PRETTYMUCH,Healthy,1,0.02245,2026-01-06 13:53:00,2026-01-06 13:53:00,0,Not in any playlist,False
prettymuch - hello,PRETTYMUCH,Hello,1,0.01125,2026-01-06 13:54:00,2026-01-06 13:54:00,0,Not in any playlist,False
prettymuch - i don't wanna leave (feat. jeremih),PRETTYMUCH,I Don't Wanna Leave (feat. Jeremih),1,0.013933333333333334,2026-01-06 13:54:00,2026-01-06 13:54:00,0,Not in any playlist,False
prettymuch - jello,PRETTYMUCH,Jello,1,0.06108333333333334,2026-01-06 13:53:00,2026-01-06 13:53:00,0,Not in any playlist,False
prettymuch - lmk,PRETTYMUCH,LMK,1,0.02263333333333333,2026-01-06 13:53:00,2026-01-06 13:53:00,0,Not in any playlist,False
prettymuch - lonely,PRETTYMUCH,Lonely,1,0.012266666666666667,2026-01-06 13:54:00,2026-01-06 13:54:00,0,Not in any playlist,False
prettymuch - love (feat. inigo pascual),PRETTYMUCH,Love (feat. Inigo Pascual),1,0.011366666666666667,2026-01-06 13:54:00,2026-01-06 13:54:00,0,Not in any playlist,False
prettymuch - lying (feat. lil tjay),PRETTYMUCH,Lying (feat. Lil Tjay),1,0.04931666666666667,2026-01-06 13:53:00,2026-01-06 13:53:00,0,Not in any playlist,False
prettymuch - me necesita,PRETTYMUCH,Me Necesita,1,0.04343333333333333,2026-01-06 13:53:00,2026-01-06 13:53:00,0,Not in any playlist,False
prettymuch - no more (feat. french montana),PRETTYMUCH,No More (feat. French Montana),1,0.11975,2026-01-06 13:53:00,2026-01-06 13:53:00,0,Not in any playlist,False
prettymuch - on my way,PRETTYMUCH,On My Way,1,0.04013333333333333,2026-01-06 13:54:00,2026-01-06 13:54:00,0,Not in any playlist,False
prettymuch - one shot,PRETTYMUCH,One Shot,1,0.01145,2026-01-06 13:54:00,2026-01-06 13:54:00,0,Not in any playlist,False
prettymuch - open arms,PRETTYMUCH,Open Arms,1,0.046,2026-01-06 13:53:00,2026-01-06 13:53:00,0,Not in any playlist,False
prettymuch - parking spot,PRETTYMUCH,Parking Spot,1,0.013066666666666667,2026-01-06 13:54:00,2026-01-06 13:54:00,0,Not in any playlist,False
prettymuch - phases,PRETTYMUCH,Phases,1,0.046516666666666664,2026-01-06 13:53:00,2026-01-06 13:53:00,0,Not in any playlist,False
prettymuch - real friends,PRETTYMUCH,Real Friends,1,0.01255,2026-01-06 13:54:00,2026-01-06 13:54:00,0,Not in any playlist,False
prettymuch - rock witchu,PRETTYMUCH,Rock Witchu,1,0.03295,2026-01-06 13:53:00,2026-01-06 13:53:00,0,Not in any playlist,False
prettymuch - same place,PRETTYMUCH,SAME PLACE,1,0.1298,2026-01-06 13:53:00,2026-01-06 13:53:00,0,Not in any playlist,False
prettymuch - smackables,PRETTYMUCH,Smackables,1,0.006716666666666667,2026-01-06 13:54:00,2026-01-06 13:54:00,0,Not in any playlist,False
prettymuch - solita (feat. rich the kid),PRETTYMUCH,Solita (feat. Rich The Kid),1,0.0312,2026-01-06 13:53:00,2026-01-06 13:53:00,0,Not in any playlist,False
prettymuch - stars,PRETTYMUCH,Stars,1,0.0181,2026-01-06 13:54:00,2026-01-06 13:54:00,0,Not in any playlist,False
prettymuch - summer on you,PRETTYMUCH,Summer on You,1,0.06621666666666666,2026-01-06 13:53:00,2026-01-06 13:53:00,0,Not in any playlist,False
prettymuch - talking 2 you,PRETTYMUCH,Talking 2 You,1,0.014766666666666668,2026-01-06 13:54:00,2026-01-06 13:54:00,0,Not in any playlist,False
prettymuch - teacher,PRETTYMUCH,Teacher,1,0.03498333333333333,2026-01-06 13:53:00,2026-01-06 13:53:00,0,Not in any playlist,False
prettymuch - temporary heart,PRETTYMUCH,Temporary Heart,1,0.017033333333333334,2026-01-06 13:54:00,2026-01-06 13:54:00,0,Not in any playlist,False
prettymuch - the weekend (feat. luisa sonza),PRETTYMUCH,The Weekend (feat. Luisa Sonza),1,0.011133333333333334,2026-01-06 13:54:00,2026-01-06 13:54:00,0,Not in any playlist,False
prettymuch - trust,PRETTYMUCH,Trust,1,0.0477,2026-01-06 13:53:00,2026-01-06 13:53:00,0,Not in any playlist,False
prettymuch - try again,PRETTYMUCH,TRY AGAIN,1,0.008383333333333333,2026-01-06 13:54:00,2026-01-06 13:54:00,0,Not in any playlist,False
prettymuch - up to you (feat. nct dream),PRETTYMUCH,Up to You (feat. NCT DREAM),1,0.030183333333333333,2026-01-06 13:53:00,2026-01-06 13:53:00,0,Not in any playlist,False
prettymuch - would you mind,PRETTYMUCH,Would You Mind,1,0.03575,2026-01-06 13:53:00,2026-01-06 13:53:00,0,Not in any playlist,False
prettymuch - wrong?,PRETTYMUCH,WRONG?,1,0.03075,2026-01-06 13:54:00,2026-01-06 13:54:00,0,Not in any playlist,False
professor jay - ndivyo sivyo,PROFESSOR JAY,Ndivyo Sivyo,2,0.04141666666666667,2025-08-28 07:50:00,2025-08-28 09:23:00,0,Not in any playlist,False
psy - gangnam style (강남스타일),PSY,Gangnam Style (강남스타일),1,3.6582166666666667,2026-02-10 10:47:00,2026-02-10 10:47:00,1,Kpop,False
psy - that that (prod.&feat. suga of bts),PSY,That That (prod.&feat. SUGA of BTS),1,2.9107833333333333,2026-04-17 15:34:00,2026-04-17 15:34:00,1,Kpop,False
pua mgtow - be fearless subliminal,Pua Mgtow,Be Fearless Subliminal,4,38.93333333333333,2026-04-19 01:58:00,2026-04-25 04:14:00,0,Not in any playlist,False
pua mgtow - law of attraction accelerator subliminal,Pua Mgtow,Law of Attraction Accelerator Subliminal,1,9.733333333333333,2026-04-19 02:35:00,2026-04-19 02:35:00,0,Not in any playlist,False
pua mgtow - make more money subliminal,Pua Mgtow,Make More Money Subliminal,1,9.733333333333333,2026-04-25 07:57:00,2026-04-25 07:57:00,0,Not in any playlist,False
qing madi - american love,Qing Madi,American Love,9,18.999916666666667,2025-06-28 20:01:00,2026-02-13 15:22:00,1,Dance away,True
queen darleen - kijuso (feat. rayvanny),Queen Darleen,Kijuso (feat. Rayvanny),13,47.66173333333333,2025-11-12 06:29:00,2026-06-09 06:09:00,1,OG😝,True
r. city - locked away (feat. adam levine),R. City,Locked Away (feat. Adam Levine),1,0.023133333333333332,2026-03-24 10:25:00,2026-03-24 10:25:00,0,Not in any playlist,False
rae sremmurd - black beatles,Rae Sremmurd,Black Beatles,1,1.31895,2026-04-23 20:09:00,2026-04-23 20:09:00,0,Not in any playlist,False
rae sremmurd - come get her,Rae Sremmurd,Come Get Her,7,18.45005,2026-04-23 19:44:00,2026-06-15 13:10:00,2,"1 A.M, Volume up ,logic down",True
rae sremmurd - no type,Rae Sremmurd,No Type,1,0.6471833333333333,2026-04-23 20:07:00,2026-04-23 20:07:00,0,Not in any playlist,False
rae sremmurd - this could be us,Rae Sremmurd,This Could Be Us,2,0.23596666666666669,2026-04-23 19:57:00,2026-04-23 20:19:00,0,Not in any playlist,False
rae sremmurd - throw sum mo,Rae Sremmurd,Throw Sum Mo,1,0.26063333333333333,2026-04-23 19:51:00,2026-04-23 19:51:00,0,Not in any playlist,False
rakhim - fendi 2,Rakhim,Fendi 2,1,0.38711666666666666,2025-12-05 17:33:00,2025-12-05 17:33:00,0,Not in any playlist,False
ramirez jr - queue,RAMIREZ JR,QUEUE,1,1.2744333333333333,2026-03-18 13:30:00,2026-03-18 13:30:00,0,Not in any playlist,False
rauf & faik - если тебе будет грустно,Rauf & Faik,Если тебе будет грустно,1,0.6628166666666667,2026-01-30 08:26:00,2026-01-30 08:26:00,0,Not in any playlist,False
ravyn lenae - love me not (feat. rex orange county),Ravyn Lenae,Love Me Not (feat. Rex Orange County),1,0.0402,2026-03-24 10:25:00,2026-03-24 10:25:00,0,Not in any playlist,False
ray j - sexy can i,Ray J,Sexy Can I,1,0.059583333333333335,2026-01-06 15:21:00,2026-01-06 15:21:00,0,Not in any playlist,False
raye - escapism.,RAYE,Escapism.,4,9.359583333333333,2025-07-02 16:09:00,2025-10-17 18:13:00,1,1 A.M,False
raye - worth it.,RAYE,Worth It.,1,0.06438333333333333,2026-03-27 07:19:00,2026-03-27 07:19:00,0,Not in any playlist,False
rayvanny - amaboko,Rayvanny,Amaboko,1,0.2061,2025-09-06 08:31:00,2025-09-06 08:31:00,1,OG😝,False
rayvanny - amaboko (feat. diamond platnumz),Rayvanny,Amaboko (feat. Diamond Platnumz),19,59.77585,2025-09-06 09:15:00,2026-05-23 10:57:00,0,Not in any playlist,False
rayvanny - baila,Rayvanny,Baila,1,0.04886666666666667,2025-09-06 08:30:00,2025-09-06 08:30:00,0,Not in any playlist,False
rayvanny - chombo,Rayvanny,Chombo,20,49.222516666666664,2025-08-28 07:28:00,2026-05-23 11:41:00,1,OG😝,True
rayvanny - chuchumaa,Rayvanny,Chuchumaa,19,28.125333333333334,2025-09-06 08:29:00,2026-02-04 05:09:00,1,OG😝,True
rayvanny - chuma ulete,Rayvanny,Chuma Ulete,14,52.05331666666667,2025-08-28 09:09:00,2026-05-23 12:19:00,1,OG😝,False
rayvanny - come,Rayvanny,Come,1,0.02845,2025-09-06 08:31:00,2025-09-06 08:31:00,0,Not in any playlist,False
rayvanny - ex boyfriend,Rayvanny,Ex Boyfriend,1,0.03386666666666667,2025-09-06 08:29:00,2025-09-06 08:29:00,0,Not in any playlist,False
rayvanny - fundi,Rayvanny,Fundi,1,0.03185,2025-09-06 08:30:00,2025-09-06 08:30:00,0,Not in any playlist,False
rayvanny - girlfriend (feat. rowlene),Rayvanny,Girlfriend (feat. Rowlene),1,0.028883333333333334,2025-09-06 08:29:00,2025-09-06 08:29:00,0,Not in any playlist,False
rayvanny - i love you,Rayvanny,I Love You,3,0.14051666666666668,2025-08-28 07:45:00,2026-03-16 06:40:00,0,Not in any playlist,False
rayvanny - i miss you (feat. zuchu),Rayvanny,I Miss You (feat. Zuchu),2,0.041683333333333336,2025-08-28 08:13:00,2025-09-06 08:30:00,0,Not in any playlist,False
rayvanny - juju (feat. zlatan ibile),Rayvanny,Juju (feat. Zlatan Ibile),1,0.5274333333333333,2025-08-28 07:13:00,2025-08-28 07:13:00,0,Not in any playlist,False
rayvanny - kelebe,Rayvanny,Kelebe,1,0.12716666666666668,2025-09-06 08:31:00,2025-09-06 08:31:00,0,Not in any playlist,False
rayvanny - kiuno,Rayvanny,Kiuno,3,0.23254999999999998,2025-08-28 07:56:00,2026-03-16 06:40:00,0,Not in any playlist,False
rayvanny - kwetu,Rayvanny,Kwetu,20,66.65498333333333,2025-08-28 07:35:00,2026-06-14 16:18:00,1,OG😝,True
rayvanny - lala (feat. jux),Rayvanny,Lala (feat. Jux),1,0.0282,2025-09-06 08:29:00,2025-09-06 08:29:00,0,Not in any playlist,False
rayvanny - mama la mama (feat. mr blue),Rayvanny,Mama La Mama (feat. Mr Blue),1,0.03161666666666667,2025-09-06 08:29:00,2025-09-06 08:29:00,0,Not in any playlist,False
rayvanny - mbeleko,Rayvanny,Mbeleko,19,54.0482,2025-08-28 07:32:00,2026-04-15 20:13:00,1,OG😝,True
rayvanny - miss buza,Rayvanny,Miss Buza,1,0.0,2025-09-06 08:32:00,2025-09-06 08:32:00,0,Not in any playlist,False
rayvanny - mwamba,Rayvanny,Mwamba,2,0.07535,2025-09-06 08:29:00,2026-03-16 06:39:00,0,Not in any playlist,False
rayvanny - mwanza,Rayvanny,Mwanza,13,35.5137,2025-09-17 14:18:00,2026-03-19 08:06:00,1,OG😝,False
rayvanny - mwanza (feat. diamond platnumz),Rayvanny,Mwanza (feat. Diamond Platnumz),1,0.03261666666666667,2025-09-06 08:30:00,2025-09-06 08:30:00,0,Not in any playlist,False
rayvanny - my love (feat. roki),Rayvanny,My Love (feat. Roki),1,0.02205,2025-09-06 08:31:00,2025-09-06 08:31:00,0,Not in any playlist,False
rayvanny - naogopa,Rayvanny,Naogopa,3,0.06296666666666667,2025-09-06 08:29:00,2025-09-06 08:30:00,0,Not in any playlist,False
rayvanny - natafuta kiki,Rayvanny,Natafuta Kiki,15,40.22546666666667,2025-08-28 09:19:00,2026-03-22 16:11:00,1,OG😝,False
rayvanny - number one,Rayvanny,Number One,1,0.0148,2025-09-06 08:31:00,2025-09-06 08:31:00,0,Not in any playlist,False
rayvanny - number one (feat. zuchu),Rayvanny,Number One (feat. Zuchu),27,58.847366666666666,2025-08-28 07:19:00,2026-06-19 12:05:00,1,OG😝,True
rayvanny - nyamaza,Rayvanny,Nyamaza,1,0.0517,2025-09-06 08:31:00,2025-09-06 08:31:00,0,Not in any playlist,False
rayvanny - one two,Rayvanny,One Two,1,0.030583333333333334,2025-09-06 08:31:00,2025-09-06 08:31:00,0,Not in any playlist,False
rayvanny - party,Rayvanny,Party,1,0.0397,2025-09-06 08:31:00,2025-09-06 08:31:00,0,Not in any playlist,False
rayvanny - rara,Rayvanny,Rara,1,0.00635,2025-09-06 08:31:00,2025-09-06 08:31:00,0,Not in any playlist,False
rayvanny - sikupendi,Rayvanny,Sikupendi,1,0.0,2025-09-06 08:31:00,2025-09-06 08:31:00,0,Not in any playlist,False
rayvanny - siri (feat. nikk wa pili),Rayvanny,Siri (feat. Nikk Wa Pili),2,0.07113333333333333,2025-09-06 08:30:00,2026-03-16 06:39:00,0,Not in any playlist,False
rayvanny - teamo (feat. messias maricoa),Rayvanny,Teamo (feat. Messias Maricoa),5,13.38995,2025-09-06 08:29:00,2025-11-28 11:20:00,0,Not in any playlist,False
rayvanny - tetema,Rayvanny,Tetema,1,0.022533333333333332,2025-09-06 08:30:00,2025-09-06 08:30:00,0,Not in any playlist,False
rayvanny - tetema (feat. diamond platnumz),Rayvanny,Tetema (feat. Diamond Platnumz),3,0.07618333333333333,2025-08-28 08:18:00,2025-12-05 17:31:00,0,Not in any playlist,False
rayvanny - unaibiwa,Rayvanny,Unaibiwa,25,76.5131,2025-08-28 07:18:00,2026-06-09 05:53:00,1,OG😝,True
rayvanny - wanaweweseka,Rayvanny,Wanaweweseka,1,0.04855,2025-09-06 08:31:00,2025-09-06 08:31:00,0,Not in any playlist,False
rayvanny - yaya (feat. diamond platnumz & jux),Rayvanny,Yaya (feat. Diamond Platnumz & Jux),12,53.16366666666667,2025-11-14 18:47:00,2026-05-23 12:47:00,1,OG😝,False
rayvanny - zezeta,Rayvanny,Zezeta,12,29.055066666666665,2025-08-28 07:56:00,2026-05-23 11:44:00,1,OG😝,False
realestk - toxic,RealestK,Toxic,1,0.008483333333333334,2025-09-08 19:21:00,2025-09-08 19:21:00,1,1 A.M,False
realestk - wfm,RealestK,WFM,2,0.15005000000000002,2026-03-13 05:48:00,2026-03-13 05:56:00,0,Not in any playlist,False
red velvet - psycho,Red Velvet,Psycho,2,7.01865,2026-02-14 06:12:00,2026-04-17 14:46:00,1,Kpop,False
reed wonder - fatal attraction,Reed Wonder,Fatal Attraction,1,0.0725,2026-04-15 18:42:00,2026-04-15 18:42:00,0,Not in any playlist,False
reed wonder - the machine,Reed Wonder,The Machine,15,35.871183333333335,2025-11-25 08:34:00,2026-06-05 15:36:00,1,R&B,False
relist lab - august,,,0,0.0,,,0,Not in any playlist,True
rema - baby (is it a crime),Rema,Baby (Is it a Crime),1,0.11695,2025-07-09 21:51:00,2025-07-09 21:51:00,0,Not in any playlist,False
rema - charm,Rema,Charm,1,3.0251333333333332,2026-06-20 09:45:00,2026-06-20 09:45:00,0,Not in any playlist,False
reneé rapp - i think i like you better when you’re gone,Reneé Rapp,I Think I Like You Better When You’re Gone,13,28.661883333333336,2025-10-17 10:30:00,2026-06-16 08:08:00,1,R&B,True
retronaut - talk,Retronaut,Talk,7,13.818033333333332,2025-07-08 20:04:00,2026-06-16 07:49:00,1,Sensual,True
rich mavoko - ibaki story,Rich Mavoko,Ibaki Story,15,44.836933333333334,2025-08-28 07:46:00,2026-06-09 07:24:00,1,OG😝,False
rich mavoko - kokoro (feat. diamond platnumz),Rich Mavoko,Kokoro (feat. Diamond Platnumz),2,0.37849999999999995,2025-08-28 07:44:00,2026-03-16 06:36:00,0,Not in any playlist,False
rich mavoko - wanakutamani,Rich Mavoko,Wanakutamani,1,3.3210333333333333,2025-11-28 11:24:00,2025-11-28 11:24:00,0,Not in any playlist,False
rihanna - birthday cake,Rihanna,Birthday Cake,1,1.3033333333333332,2026-03-25 06:31:00,2026-03-25 06:31:00,0,Not in any playlist,False
rihanna - bitch better have my money,Rihanna,Bitch Better Have My Money,1,3.6247333333333334,2026-03-25 06:35:00,2026-03-25 06:35:00,0,Not in any playlist,False
rihanna - diamonds,Rihanna,Diamonds,1,3.7524333333333333,2026-03-25 07:01:00,2026-03-25 07:01:00,0,Not in any playlist,False
rihanna - fourfiveseconds,Rihanna,FourFiveSeconds,4,3.3084666666666664,2026-03-24 11:12:00,2026-03-24 11:15:00,0,Not in any playlist,False
rihanna - hate that i love you,Rihanna,Hate That I Love You,3,3.7331333333333334,2026-01-06 15:21:00,2026-03-25 06:54:00,0,Not in any playlist,False
rihanna - kiss it better,Rihanna,Kiss It Better,28,101.5551,2025-07-07 20:51:00,2026-06-20 08:23:00,3,"Life, Sensual, ❤️😍",True
rihanna - love on the brain,Rihanna,Love On The Brain,1,3.7333333333333334,2026-03-25 06:50:00,2026-03-25 06:50:00,0,Not in any playlist,False
rihanna - loveeeeeee song,Rihanna,Loveeeeeee Song,3,8.727683333333335,2026-01-12 18:36:00,2026-05-13 19:45:00,1,Sensual,True
rihanna - man down,Rihanna,Man Down,2,0.9364,2026-03-13 05:53:00,2026-03-25 07:07:00,0,Not in any playlist,False
rihanna - needed me,Rihanna,Needed Me,1,0.029383333333333334,2026-03-13 05:58:00,2026-03-13 05:58:00,0,Not in any playlist,False
rihanna - only girl (in the world),Rihanna,Only Girl (In The World),2,3.9248833333333333,2026-03-24 10:36:00,2026-03-24 10:53:00,0,Not in any playlist,False
rihanna - right now,Rihanna,Right Now,1,0.607,2026-03-24 11:15:00,2026-03-24 11:15:00,0,Not in any playlist,False
rihanna - sex with me,Rihanna,Sex With Me,3,3.812583333333333,2026-03-13 05:57:00,2026-06-14 16:12:00,1,Sensual,True
rihanna - take a bow,Rihanna,Take A Bow,1,3.823566666666667,2026-03-25 07:05:00,2026-03-25 07:05:00,0,Not in any playlist,False
rihanna - talk that talk,Rihanna,Talk That Talk,15,39.17111666666666,2025-07-21 06:56:00,2026-05-12 18:52:00,1,Life,False
rihanna - te amo,Rihanna,Te Amo,1,3.4737666666666667,2026-03-25 06:26:00,2026-03-25 06:26:00,0,Not in any playlist,False
rihanna - unfaithful,Rihanna,Unfaithful,1,0.05103333333333333,2026-03-13 05:53:00,2026-03-13 05:53:00,0,Not in any playlist,False
rihanna - we found love,Rihanna,We Found Love,1,0.0709,2026-03-24 11:33:00,2026-03-24 11:33:00,0,Not in any playlist,False
rihanna - what's my name?,Rihanna,What's My Name?,1,4.386216666666667,2026-03-25 06:46:00,2026-03-25 06:46:00,0,Not in any playlist,False
rihanna - work,Rihanna,Work,1,3.6553333333333335,2026-03-25 06:38:00,2026-03-25 06:38:00,0,Not in any playlist,False
riley - under pressure (feat. chase atlantic),RILEY,Under Pressure (feat. Chase Atlantic),2,6.062516666666667,2026-02-09 11:23:00,2026-03-23 06:07:00,1,Chase Atlantic,False
rini - after the sun,RINI,After the Sun,1,0.18381666666666666,2025-07-09 21:40:00,2025-07-09 21:40:00,0,Not in any playlist,False
rini - camped,RINI,Camped,1,0.08463333333333334,2025-07-09 21:40:00,2025-07-09 21:40:00,0,Not in any playlist,False
rini - carefree,RINI,Carefree,1,0.020883333333333334,2025-07-09 21:40:00,2025-07-09 21:40:00,0,Not in any playlist,False
rini - for the last time (feat. snaggle owky),RINI,For the Last Time (feat. Snaggle Owky),1,0.04128333333333333,2025-07-09 21:40:00,2025-07-09 21:40:00,0,Not in any playlist,False
rini - my favourite clothes,RINI,My Favourite Clothes,1,0.28785,2025-07-09 21:38:00,2025-07-09 21:38:00,0,Not in any playlist,False
rita ora - body on me ft. chris brown,Rita Ora,Body On Me ft. Chris Brown,1,0.06928333333333334,2026-03-27 07:18:00,2026-03-27 07:18:00,0,Not in any playlist,False
rj the dj - kifolongo,Rj The Dj,Kifolongo,1,0.0838,2025-08-28 09:22:00,2025-08-28 09:22:00,0,Not in any playlist,False
rm - wild flower (with youjeen),RM,Wild Flower (with youjeen),1,0.020733333333333333,2026-03-27 07:17:00,2026-03-27 07:17:00,0,Not in any playlist,False
roberto - ama-rulah,Roberto,Ama-Rulah,5,15.944016666666666,2025-12-19 18:01:00,2026-06-16 08:17:00,0,Not in any playlist,True
roberto - fyonse,Roberto,Fyonse,1,0.06095,2025-12-19 18:10:00,2025-12-19 18:10:00,0,Not in any playlist,False
"rockyylikee - go meg, get em glo",Rockyylikee,"Go Meg, Get em Glo",1,0.08978333333333334,2026-04-23 20:15:00,2026-04-23 20:15:00,0,Not in any playlist,False
roddy ricch - the box,Roddy Ricch,The Box,1,0.25845,2026-01-06 16:03:00,2026-01-06 16:03:00,0,Not in any playlist,False
ronis goliath - tell me one lie,Ronis Goliath,Tell Me One Lie,1,2.6849833333333333,2026-04-13 07:50:00,2026-04-13 07:50:00,0,Not in any playlist,True
rorexxie - kidudu mtu,Rorexxie,Kidudu mtu,1,0.1607,2025-08-28 07:22:00,2025-08-28 07:22:00,0,Not in any playlist,False
rosé - 3am,ROSÉ,3am,1,2.5675,2026-02-10 07:26:00,2026-02-10 07:26:00,1,Kpop,False
rosé - apt.,ROSÉ,APT.,15,40.1449,2025-06-28 20:38:00,2026-04-15 19:47:00,3,"Dance away, Kpop, Life",False
rosé - gone,ROSÉ,Gone,2,6.905466666666666,2026-02-09 18:36:00,2026-06-18 08:39:00,1,Kpop,False
rosé - number one girl,,,0,0.0,,,1,Kpop,False
rosé - on the ground,,,0,0.0,,,1,Kpop,False
rosé - toxic till the end,ROSÉ,toxic till the end,29,62.92975,2025-07-02 20:04:00,2026-06-16 06:52:00,1,R&B,True
rotimi - in my bed,Rotimi,In My Bed,2,3.10875,2025-07-15 19:42:00,2025-07-15 19:45:00,1,Dance away,False
rubii - keep hush,RUBII,Keep Hush,1,0.0736,2025-07-09 21:51:00,2025-07-09 21:51:00,0,Not in any playlist,False
ruby - na yule,Ruby,Na Yule,3,3.53155,2026-03-16 06:45:00,2026-05-31 06:51:00,1,OG😝,True
ruby afrika - niwaze,Ruby Afrika,Niwaze,2,0.5427833333333334,2025-08-28 09:19:00,2025-11-27 11:03:00,0,Not in any playlist,False
rumi - free,Rumi,Free,7,18.851633333333332,2025-09-08 19:22:00,2025-11-28 11:57:00,1,Kpop -hits,True
russ - 3:15 (breathe),Russ,3:15 (Breathe),5,9.607000000000001,2025-09-08 19:21:00,2026-06-16 07:44:00,2,"1 A.M, Sensual",True
russ - recognize,Russ,Recognize,9,24.8658,2025-09-11 12:19:00,2026-05-23 13:29:00,1,R&B,False
ruth b. - dandelions,Ruth B.,Dandelions,2,3.8953333333333333,2025-10-04 10:26:00,2025-11-25 07:20:00,1,KIARA,False
ryan ellis - satisfied,Ryan Ellis,Satisfied,1,4.1514,2026-03-10 11:02:00,2026-03-10 11:02:00,0,Not in any playlist,False
s1mba - rover (feat. dtg),S1mba,Rover (feat. DTG),1,0.07626666666666666,2025-07-16 19:55:00,2025-07-16 19:55:00,1,Dance away,False
sabrina carpenter - because i liked a boy,Sabrina Carpenter,because i liked a boy,5,10.659316666666667,2025-06-29 19:52:00,2026-05-05 17:18:00,1,Dance away,False
sabrina carpenter - espresso,Sabrina Carpenter,Espresso,14,31.456366666666664,2025-07-21 07:21:00,2026-06-16 08:11:00,2,"Dance away, Life",True
sabrina carpenter - feather,Sabrina Carpenter,Feather,1,3.09255,2025-12-13 14:17:00,2025-12-13 14:17:00,1,Dance away,False
sabrina carpenter - manchild,Sabrina Carpenter,Manchild,12,28.862000000000002,2025-08-06 19:50:00,2026-06-16 08:05:00,0,Not in any playlist,True
sabrina carpenter - nonsense,Sabrina Carpenter,Nonsense,8,21.819699999999997,2025-06-22 20:02:00,2026-04-01 09:20:00,3,"Dance away, KIARA, Life",False
sabrina carpenter - please please please,Sabrina Carpenter,Please Please Please,2,3.1878166666666665,2025-08-12 07:09:00,2026-03-02 12:43:00,1,Dance away,False
sabrina carpenter - taste,Sabrina Carpenter,Taste,12,26.392116666666666,2025-07-21 06:52:00,2026-02-06 08:13:00,1,Life,True
sabrina carpenter - when did you get hot?,Sabrina Carpenter,When Did You Get Hot?,7,14.678883333333332,2025-09-29 06:52:00,2026-03-27 08:20:00,1,Life,False
sage the gemini - gas pedal,Sage The Gemini,Gas Pedal,4,11.082699999999999,2026-04-23 19:52:00,2026-06-15 13:45:00,1,"Volume up ,logic down",True
sailorr - cut up,SAILORR,CUT UP,1,0.022716666666666666,2025-07-09 21:50:00,2025-07-09 21:50:00,0,Not in any playlist,False
sailorr - down bad,SAILORR,DOWN BAD,1,0.0929,2025-07-09 21:49:00,2025-07-09 21:49:00,0,Not in any playlist,False
saint xix - cruel intentions,Saint XIX,Cruel Intentions,4,7.454316666666667,2025-08-17 06:16:00,2026-02-13 17:13:00,1,1 A.M,False
saja boys - soda pop,Saja Boys,Soda Pop,10,20.490916666666667,2025-08-09 05:12:00,2026-06-09 20:25:00,1,Kpop -hits,True
saja boys - your idol,Saja Boys,Your Idol,5,12.880633333333332,2025-09-08 19:22:00,2025-12-31 07:39:00,0,Not in any playlist,True
salem ilese - ps5,salem ilese,PS5,2,5.0738,2025-10-08 12:40:00,2026-03-02 15:24:00,1,Kpop,False
sally sossa - star song (feat. lil durk),Sally Sossa,Star Song (feat. Lil Durk),1,3.2789333333333333,2026-01-06 16:01:00,2026-01-06 16:01:00,0,Not in any playlist,False
sam smith - dancing with a stranger (with normani),Sam Smith,Dancing With A Stranger (with Normani),1,2.8505,2025-12-05 08:20:00,2025-12-05 08:20:00,0,Not in any playlist,False
sam smith - fire on fire,Sam Smith,Fire On Fire,3,12.336750000000002,2025-07-01 20:19:00,2025-10-15 08:05:00,1,KIARA,False
sam smith - too good at goodbyes,Sam Smith,Too Good At Goodbyes,3,3.54985,2025-07-01 20:30:00,2025-10-15 07:54:00,1,KIARA,False
sam smith - unholy (feat. kim petras),Sam Smith,Unholy (feat. Kim Petras),4,7.9174,2025-10-09 07:12:00,2026-06-08 07:18:00,1,Sensual,True
sam wa ukweli - sina raha,Sam Wa Ukweli,Sina Raha,2,0.0245,2025-08-28 07:50:00,2025-08-28 07:50:00,0,Not in any playlist,False
samra - napenda yeye,Samra,Napenda yeye,1,0.02735,2025-08-28 09:22:00,2025-08-28 09:22:00,0,Not in any playlist,False
sanaipei tande - najuta,Sanaipei Tande,Najuta,4,4.4422,2026-01-19 15:03:00,2026-05-23 10:22:00,1,OG😝,False
santana - maria maria (feat. the product g&b),Santana,Maria Maria (feat. The Product G&B),10,26.912166666666664,2026-01-06 15:20:00,2026-03-01 09:23:00,1,R&B,True
santana - while my guitar gently weeps (feat. india.arie & yo-yo ma),Santana,While My Guitar Gently Weeps (feat. India.Arie & Yo-Yo Ma),1,0.037783333333333335,2026-01-06 15:24:00,2026-01-06 15:24:00,0,Not in any playlist,False
sarah suhairi - burn - english version,Sarah Suhairi,Burn - English Version,3,9.456016666666667,2025-09-30 17:04:00,2025-11-18 10:59:00,1,Feelings,False
sasha keable - feel something,Sasha Keable,FEEL SOMETHING,1,0.03556666666666667,2025-07-09 21:48:00,2025-07-09 21:48:00,0,Not in any playlist,False
sasha keable - why,Sasha Keable,WHY,24,57.09411666666667,2025-07-08 13:34:00,2026-05-23 12:56:00,1,R&B,False
saucy santana - walk em like a dog,Saucy Santana,Walk Em Like a Dog,3,3.1803,2026-04-23 20:16:00,2026-04-24 18:23:00,1,"Volume up ,logic down",False
sault - i.l.t.s.,SAULT,I.L.T.S.,1,0.0248,2025-07-09 21:50:00,2025-07-09 21:50:00,0,Not in any playlist,False
sauti sol - afrikan star,Sauti Sol,Afrikan Star,8,20.968033333333334,2025-08-12 08:26:00,2026-06-02 12:24:00,1,Kenyan tunes,False
sauti sol - coming home,Sauti Sol,Coming home,10,35.75996666666667,2025-07-29 16:32:00,2026-05-23 09:08:00,1,Kenyan tunes,False
sauti sol - feel my love,Sauti Sol,Feel My Love,11,42.34321666666666,2025-07-29 16:36:00,2026-06-14 17:32:00,1,Kenyan tunes,False
sauti sol - friendzone,Sauti Sol,Friendzone,7,24.332016666666668,2025-07-29 16:15:00,2026-06-02 12:21:00,1,Kenyan tunes,False
sauti sol - girl next door,Sauti Sol,Girl Next Door,1,3.1656333333333335,2025-10-14 18:38:00,2025-10-14 18:38:00,0,Not in any playlist,False
sauti sol - insecure,Sauti Sol,Insecure,9,26.908833333333334,2025-07-03 15:48:00,2026-06-09 20:47:00,1,Kenyan tunes,False
sauti sol - isabella,Sauti Sol,Isabella,8,28.26795,2025-08-12 08:41:00,2026-05-25 09:50:00,1,Kenyan tunes,False
sauti sol - kuliko jana,Sauti Sol,Kuliko Jana,1,0.0608,2025-10-14 07:59:00,2025-10-14 07:59:00,0,Not in any playlist,False
sauti sol - lil mama,Sauti Sol,Lil Mama,7,26.185166666666667,2025-07-29 16:47:00,2026-01-30 08:30:00,1,Kenyan tunes,False
sauti sol - live and die in afrika,Sauti Sol,Live and Die in Afrika,6,17.70265,2025-08-12 07:51:00,2026-05-23 08:50:00,1,Kenyan tunes,False
sauti sol - love again,Sauti Sol,Love Again,1,4.183983333333333,2025-07-03 16:04:00,2025-07-03 16:04:00,0,Not in any playlist,False
sauti sol - melanin,Sauti Sol,Melanin,6,26.799333333333333,2025-08-12 08:05:00,2026-04-01 18:55:00,1,Kenyan tunes,False
sauti sol - midnight train,Sauti Sol,Midnight Train,11,38.78515,2025-07-29 16:41:00,2026-06-14 17:11:00,1,Kenyan tunes,False
sauti sol - nenda lote,Sauti Sol,Nenda Lote,10,35.47475,2025-07-29 16:27:00,2026-06-02 12:14:00,1,Kenyan tunes,False
sauti sol - shake yo bam bam,Sauti Sol,Shake Yo Bam Bam,7,23.246199999999998,2025-07-29 16:55:00,2026-05-13 21:00:00,1,Kenyan tunes,False
sauti sol - short n sweet,Sauti Sol,Short N Sweet,11,29.845550000000003,2025-07-29 16:08:00,2026-05-25 09:27:00,1,Kenyan tunes,True
sauti sol - sober,Sauti Sol,Sober,6,14.461583333333333,2025-08-12 08:42:00,2026-05-25 09:54:00,1,Kenyan tunes,False
sauti sol - still the one,Sauti Sol,Still the one,7,27.86226666666667,2025-08-12 08:37:00,2026-06-02 12:44:00,1,Kenyan tunes,False
sauti sol - sura yako,Sauti Sol,Sura Yako,21,74.13765,2025-07-03 16:22:00,2026-06-11 21:11:00,1,Kenyan tunes,True
sauti sol - suzanna,Sauti Sol,Suzanna,8,30.771616666666667,2025-08-12 10:12:00,2026-06-14 16:52:00,1,Kenyan tunes,False
sauti sol - tujiangalie,Sauti Sol,Tujiangalie,2,0.04615,2025-07-09 21:44:00,2025-12-05 17:31:00,0,Not in any playlist,False
sauti sol - unconditionally bae,Sauti Sol,Unconditionally Bae,10,25.843483333333335,2025-08-12 07:27:00,2026-03-30 18:36:00,1,Kenyan tunes,False
savara - show you off,Savara,Show You Off,1,0.5382333333333333,2025-12-02 10:59:00,2025-12-02 10:59:00,0,Not in any playlist,False
savara - sianda,Savara,Sianda,1,3.165233333333333,2026-01-06 19:07:00,2026-01-06 19:07:00,0,Not in any playlist,False
saweetie - my type,Saweetie,My Type,1,2.10745,2026-06-16 11:37:00,2026-06-16 11:37:00,0,Not in any playlist,False
scarlip - big girls,ScarLip,BIG GIRLS,1,0.14306666666666668,2026-04-23 20:15:00,2026-04-23 20:15:00,0,Not in any playlist,False
sean kingston - beat it (feat. chris brown & wiz khalifa),Sean Kingston,Beat It (feat. Chris Brown & Wiz Khalifa),1,0.06721666666666666,2026-03-13 05:51:00,2026-03-13 05:51:00,0,Not in any playlist,False
sean kingston - eenie meenie,,,0,0.0,,,1,Dance away,False
sean paul - (when you gonna) give it up to me - radio version,Sean Paul,(When You Gonna) Give It Up to Me - Radio Version,12,25.67435,2026-03-13 05:49:00,2026-06-20 09:21:00,1,R&B,True
sean paul - get busy,Sean Paul,Get Busy,1,0.0458,2026-01-06 15:21:00,2026-01-06 15:21:00,0,Not in any playlist,False
sean paul - temperature,Sean Paul,Temperature,1,3.6053333333333333,2026-06-16 11:41:00,2026-06-16 11:41:00,0,Not in any playlist,False
selena gomez - fetish (feat. gucci mane),Selena Gomez,Fetish (feat. Gucci Mane),9,21.97351666666667,2025-10-15 11:31:00,2026-06-18 12:06:00,2,"Life, ❤️😍",False
selena gomez - good for you,Selena Gomez,Good For You,21,55.696266666666666,2025-06-30 20:23:00,2026-06-18 11:59:00,4,"1 A.M, Life, Sensual, ❤️😍",True
selena gomez - people you know,Selena Gomez,People You Know,1,3.2483333333333335,2025-10-17 18:30:00,2025-10-17 18:30:00,0,Not in any playlist,False
selena gomez - the heart wants what it wants,Selena Gomez,The Heart Wants What It Wants,1,0.029733333333333334,2026-03-27 07:18:00,2026-03-27 07:18:00,0,Not in any playlist,False
serna barrios shirley - cause i can't get enough of your kiss,SERNA BARRIOS SHIRLEY,Cause I can't get enough of your kiss,1,0.028866666666666665,2026-04-23 20:13:00,2026-04-23 20:13:00,0,Not in any playlist,False
sevdaliza - alibi (with pabllo vittar & yseult),Sevdaliza,Alibi (with Pabllo Vittar & Yseult),9,21.65925,2025-06-30 20:19:00,2026-03-28 07:00:00,1,Life,False
seventeen - cheers,SEVENTEEN,CHEERS,1,3.0244333333333335,2026-06-16 12:35:00,2026-06-16 12:35:00,1,Kpop,False
seventeen - don't wanna cry,SEVENTEEN,Don't Wanna Cry,1,3.390433333333333,2026-02-09 18:01:00,2026-02-09 18:01:00,1,Kpop,False
seventeen - hot,SEVENTEEN,HOT,1,3.2931166666666667,2026-02-15 04:40:00,2026-02-15 04:40:00,1,Kpop,False
seventeen - left & right,SEVENTEEN,Left & Right,1,3.3629,2026-06-18 08:14:00,2026-06-18 08:14:00,0,Not in any playlist,False
seventeen - maestro,SEVENTEEN,MAESTRO,2,3.3151166666666665,2026-02-09 19:26:00,2026-02-10 07:23:00,1,Kpop,False
seventeen - rock with you,SEVENTEEN,Rock with you,2,6.012,2026-02-09 18:14:00,2026-02-10 19:41:00,1,Kpop,False
seventeen - super,SEVENTEEN,Super,1,3.3397666666666668,2026-02-09 17:52:00,2026-02-09 17:52:00,1,Kpop,False
seventeen - thunder,,,0,0.0,,,1,Kpop,False
sevyn streeter - it won't stop (feat. chris brown) - ep version,Sevyn Streeter,It Won't Stop (feat. Chris Brown) - EP Version,10,38.18315,2025-12-05 06:12:00,2026-06-19 17:54:00,1,R&B,False
sexyy red - get it sexyy,Sexyy Red,Get It Sexyy,5,6.2423166666666665,2026-04-23 20:18:00,2026-06-15 13:03:00,1,"Volume up ,logic down",False
shadowstep - no guidance,,,0,0.0,,,1,1 A.M,False
shakira - can't remember to forget you (feat. rihanna),Shakira,Can't Remember to Forget You (feat. Rihanna),1,3.447766666666667,2026-03-25 06:42:00,2026-03-25 06:42:00,0,Not in any playlist,False
shamzisto - thandiwe,Shamzisto,Thandiwe,1,1.5283833333333334,2025-11-25 10:23:00,2025-11-25 10:23:00,0,Not in any playlist,False
shane & shane - awesome god,Shane & Shane,Awesome God,4,3.8667999999999996,2025-10-26 04:46:00,2026-01-02 17:07:00,0,Not in any playlist,False
shaun - way back home,SHAUN,Way Back Home,1,3.56895,2026-02-13 19:23:00,2026-02-13 19:23:00,1,Kpop,False
shaun rowe - attract a soul mate subliminals nineteen,Shaun Rowe,Attract A Soul Mate Subliminals Nineteen,1,2.0177833333333335,2026-04-24 07:22:00,2026-04-24 07:22:00,0,Not in any playlist,False
shaun rowe - attract love subliminals seven,Shaun Rowe,Attract Love Subliminals Seven,1,2.0111333333333334,2026-04-25 07:04:00,2026-04-25 07:04:00,0,Not in any playlist,False
shawn mendes - i know what you did last summer,Shawn Mendes,I Know What You Did Last Summer,4,11.182066666666667,2026-03-25 06:18:00,2026-06-14 16:28:00,1,Life,True
shawn mendes - mercy,Shawn Mendes,Mercy,3,7.015000000000001,2026-02-13 16:19:00,2026-04-28 04:00:00,1,Life,False
shawn mendes - señorita,Shawn Mendes,Señorita,1,3.18,2025-10-09 06:46:00,2025-10-09 06:46:00,0,Not in any playlist,False
shawn mendes - stitches,Shawn Mendes,Stitches,2,6.896,2025-10-04 10:18:00,2025-10-15 08:01:00,2,"KIARA, Life",False
shawn mendes - treat you better,Shawn Mendes,Treat You Better,9,21.9438,2025-09-23 10:18:00,2026-04-17 14:10:00,2,"KIARA, Life",False
shayne ward - breathless,Shayne Ward,Breathless,1,0.0279,2026-03-13 05:54:00,2026-03-13 05:54:00,0,Not in any playlist,False
sheltoh - run,Sheltoh,RUN,1,0.040233333333333336,2025-07-09 21:52:00,2025-07-09 21:52:00,0,Not in any playlist,False
shetta - hatufanani,Shetta,Hatufanani,1,0.01795,2026-03-16 06:33:00,2026-03-16 06:33:00,0,Not in any playlist,False
shetta - kerewa,Shetta,Kerewa,1,0.1876,2025-08-28 07:51:00,2025-08-28 07:51:00,0,Not in any playlist,False
shetta - namjua,Shetta,Namjua,1,0.0598,2025-08-28 07:10:00,2025-08-28 07:10:00,0,Not in any playlist,False
sholo mwamba - tunakwenda na samia,Sholo Mwamba,Tunakwenda na Samia,1,0.02036666666666667,2025-08-28 09:22:00,2025-08-28 09:22:00,0,Not in any playlist,False
sia - cheap thrills (feat. sean paul),Sia,Cheap Thrills (feat. Sean Paul),1,3.7469,2025-06-29 20:02:00,2025-06-29 20:02:00,1,Dance away,False
sia - elastic heart,Sia,Elastic Heart,3,3.4764333333333335,2025-07-01 20:53:00,2025-10-15 07:54:00,1,KIARA,False
sia - the greatest,Sia,The Greatest,1,3.5153333333333334,2025-10-04 11:13:00,2025-10-04 11:13:00,1,KIARA,False
sickick - freak of the fall,Sickick,Freak of the Fall,1,0.48841666666666667,2026-02-28 07:35:00,2026-02-28 07:35:00,0,Not in any playlist,False
sickick - intro (infected),Sickick,Intro (Infected),2,2.5110333333333337,2026-02-28 07:22:00,2026-02-28 07:24:00,0,Not in any playlist,False
sickick - mind games,Sickick,Mind Games,2,0.24051666666666666,2026-01-12 18:35:00,2026-05-15 22:03:00,0,Not in any playlist,False
sidewalk prophets - keep making me,Sidewalk Prophets,Keep Making Me,2,1.7583666666666666,2025-11-20 07:15:00,2026-01-24 06:24:00,0,Not in any playlist,False
sienna spiro - die on this hill,SIENNA SPIRO,Die On This Hill,2,0.07504999999999999,2026-03-24 10:24:00,2026-03-24 10:24:00,0,Not in any playlist,False
simmy - we were here,Simmy,We were here,1,0.5249666666666667,2025-06-25 19:34:00,2025-06-25 19:34:00,0,Not in any playlist,False
simply hypnotic - 11.11 hz angel numbers (bonus track),Simply Hypnotic,11.11 Hz Angel Numbers (Bonus Track),1,11.183333333333334,2026-04-25 07:27:00,2026-04-25 07:27:00,0,Not in any playlist,False
simply hypnotic - attitude of gratitude,Simply Hypnotic,Attitude of Gratitude,3,21.003783333333335,2026-04-19 01:03:00,2026-04-24 23:14:00,0,Not in any playlist,False
simply hypnotic - attract good fortune,Simply Hypnotic,Attract Good Fortune,4,29.337216666666666,2026-04-18 23:07:00,2026-04-25 02:03:00,0,Not in any playlist,False
simply hypnotic - attract luck,Simply Hypnotic,Attract Luck,7,42.057383333333334,2026-04-19 03:07:00,2026-04-25 02:37:00,0,Not in any playlist,False
simply hypnotic - attract wealth and abundance,Simply Hypnotic,Attract Wealth and Abundance,4,28.005566666666667,2026-04-19 00:51:00,2026-04-24 21:45:00,0,Not in any playlist,False
simply hypnotic - attract your dream job,Simply Hypnotic,Attract Your Dream Job,3,21.0089,2026-04-19 04:51:00,2026-04-25 05:01:00,0,Not in any playlist,False
simply hypnotic - attract your dream life,Simply Hypnotic,Attract Your Dream Life,3,21.0946,2026-04-18 23:46:00,2026-04-25 03:38:00,0,Not in any playlist,False
simply hypnotic - attract your dream lover,Simply Hypnotic,Attract Your Dream Lover,4,28.02325,2026-04-19 04:20:00,2026-04-25 02:30:00,0,Not in any playlist,False
simply hypnotic - attract your soul mate,Simply Hypnotic,Attract Your Soul Mate,3,21.00675,2026-04-19 00:39:00,2026-04-25 02:10:00,0,Not in any playlist,False
simply hypnotic - metabolism booster,Simply Hypnotic,Metabolism Booster,1,5.178333333333334,2026-04-24 06:59:00,2026-04-24 06:59:00,0,Not in any playlist,False
simply hypnotic - money flows to me (528 hz),Simply Hypnotic,Money Flows to Me (528 Hz),4,41.01226666666667,2026-04-19 01:30:00,2026-04-24 22:45:00,0,Not in any playlist,False
simply hypnotic - release your inner billionaire (bonus track),Simply Hypnotic,Release Your Inner Billionaire (Bonus Track),3,60.00325,2026-04-19 00:16:00,2026-04-25 06:40:00,0,Not in any playlist,False
simply hypnotic - think yourself thin,Simply Hypnotic,Think Yourself Thin,1,3.0173833333333335,2026-04-24 07:35:00,2026-04-24 07:35:00,0,Not in any playlist,False
simply hypnotic - universal atm,Simply Hypnotic,Universal ATM,4,242.33273333333332,2026-04-19 04:08:00,2026-04-25 00:50:00,0,Not in any playlist,False
sinéad harnett - if you let me,Sinéad Harnett,If You Let Me,1,0.04318333333333333,2025-07-09 21:39:00,2025-07-09 21:39:00,0,Not in any playlist,False
sir - out of my hands,SiR,OUT OF MY HANDS,1,0.02835,2025-07-09 21:49:00,2025-07-09 21:49:00,0,Not in any playlist,False
sir mix-a-lot - baby got back,Sir Mix-A-Lot,Baby Got Back,2,0.34728333333333333,2026-04-23 20:00:00,2026-04-23 20:17:00,0,Not in any playlist,False
sir mix-a-lot - bark like you want it,Sir Mix-A-Lot,Bark Like You Want It,1,0.06683333333333333,2026-04-23 20:13:00,2026-04-23 20:13:00,0,Not in any playlist,False
sisqo - thong song,Sisqo,Thong Song,24,85.33473333333333,2025-09-06 10:19:00,2026-06-15 12:26:00,3,"Life, R&B, Volume up ,logic down",True
sixpence none the richer - kiss me,Sixpence None The Richer,Kiss Me,1,0.13601666666666667,2026-03-27 07:19:00,2026-03-27 07:19:00,0,Not in any playlist,False
skyla tylaa - bombshell (cheza) (feat. dj exit),Skyla Tylaa,Bombshell (Cheza) (feat. DJ Exit),1,0.01335,2025-08-28 08:18:00,2025-08-28 08:18:00,0,Not in any playlist,False
snoh aalegra - be my summer,Snoh Aalegra,Be My Summer,1,3.109,2025-12-05 07:14:00,2025-12-05 07:14:00,0,Not in any playlist,False
so supa - don’t hide,So Supa,Don’t hide,4,7.333333333333333,2026-01-02 15:56:00,2026-06-16 10:58:00,0,Not in any playlist,True
sombr - homewrecker,sombr,Homewrecker,2,6.968866666666667,2026-05-13 06:19:00,2026-06-09 05:59:00,0,Not in any playlist,True
sombr - would've been you,sombr,would've been you,1,0.04533333333333334,2025-09-24 13:48:00,2025-09-24 13:48:00,0,Not in any playlist,False
soulja boy - kiss me thru the phone,Soulja Boy,Kiss Me Thru The Phone,2,0.21176666666666666,2026-03-13 05:54:00,2026-04-23 19:56:00,0,Not in any playlist,False
soulja boy - pretty boy swag,Soulja Boy,Pretty Boy Swag,1,0.47756666666666664,2026-04-23 19:53:00,2026-04-23 19:53:00,0,Not in any playlist,False
sound bath - 396 hz root chakra (manifestation),Sound Bath,396 Hz Root Chakra (Manifestation),3,3.0,2026-04-18 23:47:00,2026-04-25 01:56:00,0,Not in any playlist,False
source vibrations - 396 hz liberation from fear,Source Vibrations,396 Hz Liberation from Fear,3,14.246433333333332,2026-04-19 00:56:00,2026-04-24 22:03:00,0,Not in any playlist,False
source vibrations - 528 hz miracle,Source Vibrations,528 Hz Miracle,1,5.731033333333333,2026-04-25 07:37:00,2026-04-25 07:37:00,0,Not in any playlist,False
sowan - she got me,Sowan,She Got Me,7,11.642766666666667,2025-06-25 20:14:00,2026-06-16 07:23:00,1,Sensual,True
spiffy the goat - make it move!,Spiffy The Goat,Make It Move!,4,4.247433333333333,2026-04-23 20:12:00,2026-06-09 09:32:00,1,"Volume up ,logic down",False
starboi3 - dick (feat. doja cat),StarBoi3,Dick (feat. Doja Cat),8,18.1878,2026-04-13 07:53:00,2026-06-15 12:39:00,1,"Volume up ,logic down",True
stephanie poetri - i love you 3000,Stephanie Poetri,I Love You 3000,3,6.991133333333333,2025-09-30 17:01:00,2025-11-18 11:11:00,1,Feelings,False
stephen dawes - teenage dream,Stephen Dawes,Teenage Dream,4,11.5719,2025-09-06 16:29:00,2026-04-01 09:44:00,1,Life,False
steve aoki - waste it on me (feat. bts),,,0,0.0,,,1,Kpop,False
stick figure - shine,Stick Figure,Shine,1,0.57155,2025-08-28 19:33:00,2025-08-28 19:33:00,0,Not in any playlist,False
stick figure - world on fire (feat. slightly stoopid),Stick Figure,World on Fire (feat. Slightly Stoopid),1,0.26221666666666665,2025-09-01 06:39:00,2025-09-01 06:39:00,0,Not in any playlist,False
stray kids - case 143,,,0,0.0,,,1,Kpop,False
stray kids - chk chk boom,Stray Kids,Chk Chk Boom,1,2.4054,2026-04-15 19:58:00,2026-04-15 19:58:00,0,Not in any playlist,False
stray kids - circus,,,0,0.0,,,1,Kpop,False
stray kids - do it,Stray Kids,Do It,1,2.15475,2026-04-15 20:04:00,2026-04-15 20:04:00,0,Not in any playlist,False
stray kids - god’s menu,Stray Kids,God’s Menu,3,6.6528833333333335,2026-03-02 15:38:00,2026-04-17 14:26:00,1,Kpop,False
stray kids - lalalala,Stray Kids,LALALALA,2,6.074133333333333,2026-02-09 18:08:00,2026-04-17 15:12:00,1,Kpop,False
stray kids - lose my breath (feat. charlie puth),Stray Kids,Lose My Breath (Feat. Charlie Puth),2,5.563783333333333,2026-02-10 19:43:00,2026-04-17 15:37:00,1,Kpop,False
stray kids - maniac,Stray Kids,MANIAC,2,6.0919,2026-03-02 16:03:00,2026-04-15 19:56:00,1,Kpop,False
stray kids - megaverse,,,0,0.0,,,1,Kpop,False
"stray kids - red lights (bang chan, hyunjin)",Stray Kids,"Red Lights (Bang Chan, Hyunjin)",1,1.2906833333333334,2026-04-17 14:34:00,2026-04-17 14:34:00,1,Kpop,False
stray kids - s-class,Stray Kids,S-Class,1,3.2614666666666667,2026-04-15 20:02:00,2026-04-15 20:02:00,1,Kpop,False
stray kids - thunderous,Stray Kids,Thunderous,3,6.132316666666667,2026-02-10 07:33:00,2026-03-02 15:41:00,1,Kpop,False
stray kids - topline (feat. tiger jk),Stray Kids,TOPLINE (Feat. Tiger JK),1,0.036616666666666665,2026-04-15 20:02:00,2026-04-15 20:02:00,0,Not in any playlist,False
stray kids - why?,Stray Kids,WHY?,1,1.5339666666666667,2026-06-16 12:55:00,2026-06-16 12:55:00,1,Kpop,False
sublime subliminals - face like a model,Sublime Subliminals,Face Like a Model,1,0.38021666666666665,2026-04-18 15:24:00,2026-04-18 15:24:00,0,Not in any playlist,False
sublime subliminals - money magnet (attract money),Sublime Subliminals,Money Magnet (Attract Money),2,1.3986,2026-04-18 15:19:00,2026-04-18 15:21:00,0,Not in any playlist,False
subtle mind expansion - money magnetism,Subtle Mind Expansion,Money Magnetism,3,18.016583333333333,2026-04-18 23:13:00,2026-04-25 04:36:00,0,Not in any playlist,False
subtle mind expansion - positive money mindset,Subtle Mind Expansion,Positive Money Mindset,3,31.3,2026-04-19 05:43:00,2026-04-25 05:40:00,0,Not in any playlist,False
summer walker - body,Summer Walker,Body,1,3.2306666666666666,2025-12-05 09:18:00,2025-12-05 09:18:00,0,Not in any playlist,False
summer walker - deep,Summer Walker,Deep,1,1.5348833333333334,2025-10-13 08:23:00,2025-10-13 08:23:00,0,Not in any playlist,False
summer walker - girls need love,Summer Walker,Girls Need Love,14,23.893033333333335,2025-06-25 19:28:00,2026-06-16 09:18:00,2,"Life, Sensual",True
summer walker - girls need love (with drake) - remix,Summer Walker,Girls Need Love (with Drake) - Remix,8,25.982133333333334,2025-10-09 07:38:00,2026-06-14 16:12:00,1,Sensual,True
summer walker - i'll kill you (feat. jhené aiko),Summer Walker,I'll Kill You (feat. Jhené Aiko),2,0.07791666666666666,2025-07-09 21:41:00,2025-07-09 21:41:00,0,Not in any playlist,False
summer walker - karma,Summer Walker,Karma,13,34.63315,2025-07-07 20:31:00,2026-06-18 10:29:00,3,"1 A.M, Sensual, ❤️😍",True
summer walker - playing games,Summer Walker,Playing Games,19,38.5714,2025-07-09 21:41:00,2026-06-05 13:41:00,1,R&B,False
summer walker - spend it,Summer Walker,Spend It,1,0.07486666666666666,2025-07-09 21:48:00,2025-07-09 21:48:00,0,Not in any playlist,False
sunkis - top tier,,,0,0.0,,,1,KIARA,False
sunmi - gashina,SUNMI,Gashina,2,6.0000333333333336,2026-02-09 19:04:00,2026-04-17 14:32:00,1,Kpop,False
supahbadd - come hereb,Supahbadd,COME HEREB,1,0.03333333333333333,2026-04-23 20:12:00,2026-04-23 20:12:00,0,Not in any playlist,False
supernatural brainwave power - manifest your desires,Supernatural Brainwave Power,Manifest Your Desires,3,16.431250000000002,2026-04-18 23:18:00,2026-04-25 04:25:00,0,Not in any playlist,False
supreme subliminals - sculpted face without fillers,Supreme Subliminals,Sculpted Face Without Fillers,1,0.27708333333333335,2026-04-18 15:21:00,2026-04-18 15:21:00,0,Not in any playlist,False
susumila - sonona (feat. mbosso),Susumila,Sonona (feat. Mbosso),17,37.92773333333333,2025-08-28 07:45:00,2026-06-08 07:52:00,1,OG😝,False
swedish house mafia - moth to a flame (with the weeknd),Swedish House Mafia,Moth To A Flame (with The Weeknd),1,0.015683333333333334,2026-03-24 10:25:00,2026-03-24 10:25:00,0,Not in any playlist,False
swim - alive,SWIM,Alive,2,0.6230333333333333,2026-01-30 07:26:00,2026-06-16 10:50:00,1,Sensual,True
swim - body loud,SWIM,Body Loud,5,11.166116666666667,2025-09-08 19:20:00,2026-06-16 10:18:00,2,"1 A.M, Sensual",True
swim - eyes on you,SWIM,Eyes On You,7,14.282766666666667,2025-09-08 19:20:00,2026-05-03 18:00:00,2,"1 A.M, Sensual",True
swim - liability,SWIM,Liability,2,6.2664,2025-11-28 13:45:00,2026-01-05 11:05:00,1,Sensual,True
sy ari da kid - tlc,Sy Ari Da Kid,TLC,1,0.14221666666666666,2026-01-06 12:42:00,2026-01-06 12:42:00,0,Not in any playlist,False
sza - 20 something,SZA,20 Something,1,0.10421666666666667,2025-09-08 19:21:00,2025-09-08 19:21:00,1,1 A.M,False
sza - 2am,SZA,2AM,1,0.013133333333333334,2025-09-08 19:21:00,2025-09-08 19:21:00,1,1 A.M,False
sza - awkward,SZA,Awkward,1,2.966666666666667,2025-10-02 19:16:00,2025-10-02 19:16:00,0,Not in any playlist,False
sza - bmf,SZA,BMF,8,24.09958333333333,2025-07-08 20:24:00,2026-03-28 08:03:00,1,Life,False
sza - broken clocks,SZA,Broken Clocks,2,3.8797333333333337,2025-09-08 19:21:00,2025-10-17 18:16:00,1,1 A.M,False
sza - conceited,SZA,Conceited,2,2.52355,2025-09-08 19:21:00,2025-10-17 18:36:00,1,1 A.M,False
sza - far,SZA,Far,2,3.0153,2025-09-08 19:21:00,2025-10-17 18:23:00,1,1 A.M,False
sza - ghost in the machine (feat. phoebe bridgers),SZA,Ghost in the Machine (feat. Phoebe Bridgers),1,0.0,2025-09-08 19:21:00,2025-09-08 19:21:00,1,1 A.M,False
sza - good days,SZA,Good Days,2,4.6416666666666675,2025-09-08 19:21:00,2025-10-17 17:40:00,1,1 A.M,False
sza - love galore (feat. travis scott),SZA,Love Galore (feat. Travis Scott),2,4.596516666666666,2025-09-08 19:21:00,2026-02-13 17:07:00,1,1 A.M,False
sza - nobody gets me,SZA,Nobody Gets Me,40,84.3424,2025-07-02 20:27:00,2026-06-16 07:01:00,2,"Life, R&B",True
sza - normal girl,SZA,Normal Girl,1,0.022616666666666667,2025-09-08 19:21:00,2025-09-08 19:21:00,1,1 A.M,False
sza - notice me,SZA,Notice Me,7,11.018966666666667,2025-09-08 19:21:00,2026-05-02 13:04:00,1,1 A.M,True
sza - open arms (feat. travis scott),SZA,Open Arms (feat. Travis Scott),3,8.330533333333333,2025-07-08 20:11:00,2025-08-02 21:45:00,0,Not in any playlist,False
sza - pretty little birds (feat. isaiah rashad),SZA,Pretty Little Birds (feat. Isaiah Rashad),1,0.012533333333333334,2025-09-08 19:21:00,2025-09-08 19:21:00,1,1 A.M,False
sza - saturn,SZA,Saturn,11,23.270233333333334,2025-07-21 19:58:00,2026-04-01 09:54:00,2,"1 A.M, Life",False
sza - smoking on my ex pack,SZA,Smoking on my Ex Pack,1,0.0018666666666666666,2025-09-08 19:21:00,2025-09-08 19:21:00,1,1 A.M,False
sza - snooze,SZA,Snooze,7,14.933766666666667,2025-07-02 20:50:00,2026-06-16 12:32:00,0,Not in any playlist,False
sza - sos,SZA,SOS,2,0.0381,2025-09-08 19:21:00,2026-01-06 15:15:00,1,1 A.M,False
sza - the weekend,SZA,The Weekend,3,4.757766666666666,2025-09-08 19:21:00,2026-02-13 16:56:00,1,1 A.M,False
sza - used (feat. don toliver),SZA,Used (feat. Don Toliver),2,2.449116666666667,2025-09-08 19:21:00,2025-10-17 18:44:00,1,1 A.M,False
sza - what do i do,SZA,What Do I Do,2,2.8442499999999997,2025-07-09 21:50:00,2025-12-05 07:52:00,0,Not in any playlist,False
t boy - nasema nawe,T Boy,Nasema Nawe,1,0.50075,2026-03-18 07:11:00,2026-03-18 07:11:00,0,Not in any playlist,False
t-pain - 5 o'clock (feat. lily allen & wiz khalifa),T-Pain,5 O'Clock (feat. Lily Allen & Wiz Khalifa),1,0.05358333333333333,2025-07-09 21:40:00,2025-07-09 21:40:00,0,Not in any playlist,False
t-pain - bartender (feat. akon),T-Pain,Bartender (feat. Akon),1,0.042583333333333334,2026-03-13 05:55:00,2026-03-13 05:55:00,0,Not in any playlist,False
t-pain - up down (do this all day) (feat. b.o.b),T-Pain,Up Down (Do This All Day) (feat. B.o.B),7,15.988233333333334,2026-03-13 05:50:00,2026-06-15 13:22:00,1,"Volume up ,logic down",False
t.i. - live your life,T.I.,Live Your Life,2,5.859233333333333,2026-03-24 11:11:00,2026-03-25 06:31:00,0,Not in any playlist,False
taemin - guilty,TAEMIN,Guilty,3,3.5507500000000003,2026-02-09 19:13:00,2026-02-13 19:07:00,1,Kpop,False
taeyang - shoong! (feat. lisa of blackpink),TAEYANG,Shoong! (feat. LISA of BLACKPINK),1,3.41835,2026-02-10 10:34:00,2026-02-10 10:34:00,1,Kpop,False
taeyang - vibe (feat. jimin of bts),TAEYANG,VIBE (feat. Jimin of BTS),3,5.8591999999999995,2026-03-03 05:40:00,2026-04-17 15:43:00,1,Kpop,False
"taeyang - 눈,코,입 (eyes, nose, lips)",TAEYANG,"눈,코,입 (Eyes, Nose, Lips)",1,0.0284,2026-04-15 20:07:00,2026-04-15 20:07:00,0,Not in any playlist,True
taeyong - zoo,TAEYONG,ZOO,4,11.822516666666667,2025-09-29 17:35:00,2026-04-17 14:29:00,2,"Kpop, Kpop -hits",False
taffy - feeling on my body,Taffy,Feeling On My Body,1,2.6329666666666665,2026-06-16 11:50:00,2026-06-16 11:50:00,0,Not in any playlist,False
tame impala - dracula - jennie remix,Tame Impala,Dracula - JENNIE Remix,2,3.5643000000000002,2026-04-15 18:10:00,2026-05-05 04:00:00,0,Not in any playlist,False
tamia - so into you,Tamia,So Into You,1,0.07091666666666667,2026-03-13 05:55:00,2026-03-13 05:55:00,0,Not in any playlist,False
tanasha donna - gere,Tanasha Donna,Gere,22,70.67688333333334,2025-08-28 07:49:00,2026-06-19 12:02:00,1,OG😝,False
tate mcrae - it's ok i'm ok,Tate McRae,It's ok I'm ok,3,7.832116666666667,2025-08-01 07:36:00,2025-08-30 06:05:00,0,Not in any playlist,False
tate mcrae - that way,Tate McRae,that way,1,0.07995,2025-09-24 13:47:00,2025-09-24 13:47:00,0,Not in any playlist,False
tayc - comme toi,Tayc,Comme toi,1,2.924,2026-06-20 09:49:00,2026-06-20 09:49:00,0,Not in any playlist,False
tayc - n'y pense plus,Tayc,N'y pense plus,1,3.5335666666666667,2026-06-20 09:35:00,2026-06-20 09:35:00,0,Not in any playlist,False
"taylor swift - ""slut!"" (taylor's version) (from the vault)",Taylor Swift,"""Slut!"" (Taylor's Version) (From The Vault)",5,15.031749999999999,2025-09-29 06:58:00,2026-01-27 14:33:00,2,"KIARA, Life",False
taylor swift - august,Taylor Swift,august,1,0.12191666666666667,2025-08-02 14:28:00,2025-08-02 14:28:00,0,Not in any playlist,False
taylor swift - bad blood,Taylor Swift,Bad Blood,1,3.532216666666667,2025-11-25 07:58:00,2025-11-25 07:58:00,0,Not in any playlist,False
taylor swift - blank space,Taylor Swift,Blank Space,12,35.33218333333333,2025-07-21 20:14:00,2026-05-23 08:42:00,2,"KIARA, Life",False
taylor swift - cruel summer,Taylor Swift,Cruel Summer,4,11.895083333333334,2025-08-02 14:13:00,2025-11-25 08:53:00,1,KIARA,False
taylor swift - enchanted,,,0,0.0,,,1,KIARA,False
taylor swift - enchanted (taylor's version),Taylor Swift,Enchanted (Taylor's Version),1,5.88755,2025-08-02 14:10:00,2025-08-02 14:10:00,0,Not in any playlist,False
taylor swift - fearless (taylor’s version),Taylor Swift,Fearless (Taylor’s Version),1,4.026533333333333,2025-08-02 14:17:00,2025-08-02 14:17:00,0,Not in any playlist,False
taylor swift - gorgeous,Taylor Swift,Gorgeous,3,6.989333333333334,2025-07-01 20:36:00,2025-11-25 07:16:00,1,KIARA,False
taylor swift - i knew you were trouble.,Taylor Swift,I Knew You Were Trouble.,1,0.09138333333333333,2025-11-25 07:52:00,2025-11-25 07:52:00,0,Not in any playlist,False
taylor swift - london boy,Taylor Swift,London Boy,14,32.0558,2025-09-11 12:20:00,2026-06-05 13:35:00,1,R&B,False
taylor swift - love story (taylor’s version),Taylor Swift,Love Story (Taylor’s Version),1,0.22023333333333334,2025-08-02 13:59:00,2025-08-02 13:59:00,0,Not in any playlist,False
taylor swift - lover,Taylor Swift,Lover,1,0.2814833333333333,2025-08-02 14:00:00,2025-08-02 14:00:00,0,Not in any playlist,False
taylor swift - midnight rain,Taylor Swift,Midnight Rain,5,5.688983333333333,2026-01-06 15:36:00,2026-06-16 08:41:00,0,Not in any playlist,True
taylor swift - paper rings,Taylor Swift,Paper Rings,1,3.7066666666666666,2026-05-13 19:19:00,2026-05-13 19:19:00,0,Not in any playlist,True
taylor swift - red (taylor's version),Taylor Swift,Red (Taylor's Version),1,0.38406666666666667,2025-08-02 14:00:00,2025-08-02 14:00:00,0,Not in any playlist,False
taylor swift - shake it off,Taylor Swift,Shake It Off,3,10.96,2025-10-15 07:24:00,2026-05-31 18:37:00,1,KIARA,False
taylor swift - so high school,Taylor Swift,So High School,1,0.978,2025-11-19 18:55:00,2025-11-19 18:55:00,0,Not in any playlist,False
taylor swift - style,Taylor Swift,Style,2,0.12633333333333333,2025-10-15 07:44:00,2025-11-25 08:02:00,1,KIARA,False
taylor swift - we are never ever getting back together,Taylor Swift,We Are Never Ever Getting Back Together,1,3.219116666666667,2025-11-25 08:02:00,2025-11-25 08:02:00,0,Not in any playlist,False
taylor swift - wildest dreams,Taylor Swift,Wildest Dreams,9,25.99203333333333,2025-08-09 12:41:00,2026-04-17 13:42:00,1,Life,False
taylor swift - you belong with me (taylor’s version),Taylor Swift,You Belong With Me (Taylor’s Version),10,34.95263333333333,2025-08-02 14:04:00,2026-04-01 10:07:00,2,"Dance away, Life",False
ted winslow - 1st chakra 222 hz manifesting your dreams,Ted Winslow,1st Chakra 222 Hz Manifesting Your Dreams,3,13.200000000000001,2026-04-19 01:34:00,2026-04-24 22:17:00,0,Not in any playlist,False
ted winslow - 444hz uriel: receiving divine knowledge & wisdom,Ted Winslow,444hz Uriel: Receiving Divine Knowledge & Wisdom,1,6.1428666666666665,2026-04-25 06:55:00,2026-04-25 06:55:00,0,Not in any playlist,False
ted winslow - 6th chakra 777 hz inner guidance,Ted Winslow,6th Chakra 777 Hz Inner Guidance,3,16.541083333333333,2026-04-19 08:32:00,2026-04-24 21:22:00,0,Not in any playlist,False
ted winslow - 888hz zadkiel: releasing judgment & allowing forgiveness,Ted Winslow,888hz Zadkiel: Releasing Judgment & Allowing Forgiveness,1,6.758333333333334,2026-04-24 06:44:00,2026-04-24 06:44:00,0,Not in any playlist,False
ted winslow - earth energy 111 hz new beginnings,Ted Winslow,Earth Energy 111 Hz New Beginnings,1,5.466666666666667,2026-04-24 07:12:00,2026-04-24 07:12:00,0,Not in any playlist,False
ted winslow - gratitude & grace (432hz),Ted Winslow,Gratitude & Grace (432hz),1,6.491666666666666,2026-04-25 07:45:00,2026-04-25 07:45:00,0,Not in any playlist,False
teddy swims - are you even real (feat. givēon),Teddy Swims,Are You Even Real (feat. Givēon),1,0.1132,2025-07-09 21:50:00,2025-07-09 21:50:00,0,Not in any playlist,False
tems - me & u,Tems,Me & U,2,0.14491666666666667,2026-03-13 05:49:00,2026-03-13 05:56:00,0,Not in any playlist,False
teyana taylor - bed of roses,Teyana Taylor,Bed of Roses,1,0.19126666666666667,2025-07-09 21:47:00,2025-07-09 21:47:00,0,Not in any playlist,False
teyana taylor - long time,Teyana Taylor,Long Time,1,0.04351666666666667,2025-07-09 21:49:00,2025-07-09 21:49:00,0,Not in any playlist,False
the ben - why,The Ben,Why,4,0.2596833333333333,2025-08-28 07:48:00,2026-03-16 06:40:00,0,Not in any playlist,False
the chainsmokers - closer,The Chainsmokers,Closer,1,4.082666666666666,2025-10-04 11:27:00,2025-10-04 11:27:00,1,KIARA,False
the doobie brothers - long train runnin',The Doobie Brothers,Long Train Runnin',1,0.042666666666666665,2026-01-06 15:24:00,2026-01-06 15:24:00,0,Not in any playlist,False
the goo goo dolls - iris,,,0,0.0,,,1,KIARA,False
the kid laroi - girls,The Kid LAROI,GIRLS,10,25.49663333333333,2025-07-21 06:44:00,2026-03-28 07:22:00,2,"Dance away, Life",False
the kid laroi - stay (with justin bieber),The Kid LAROI,STAY (with Justin Bieber),1,2.3634333333333335,2025-07-15 19:53:00,2025-07-15 19:53:00,1,Dance away,False
the neighbourhood - sweater weather,The Neighbourhood,Sweater Weather,14,41.09238333333334,2025-08-08 14:37:00,2026-06-09 14:42:00,2,"1 A.M, Life",True
the pussycat dolls - buttons,The Pussycat Dolls,Buttons,3,0.17428333333333332,2026-01-06 15:21:00,2026-03-13 05:54:00,0,Not in any playlist,False
the pussycat dolls - stickwitu,The Pussycat Dolls,Stickwitu,4,3.7407833333333333,2026-01-06 15:20:00,2026-05-15 18:36:00,1,R&B,False
the ronettes - be my baby,The Ronettes,Be My Baby,1,0.04973333333333333,2026-03-27 07:19:00,2026-03-27 07:19:00,0,Not in any playlist,False
the weeknd - acquainted,The Weeknd,Acquainted,2,0.08625,2026-01-12 18:36:00,2026-03-13 05:58:00,0,Not in any playlist,False
the weeknd - after hours,The Weeknd,After Hours,1,0.021983333333333334,2026-03-13 05:58:00,2026-03-13 05:58:00,0,Not in any playlist,False
the weeknd - baptized in fear,The Weeknd,Baptized In Fear,1,3.8696,2025-12-05 07:08:00,2025-12-05 07:08:00,0,Not in any playlist,False
the weeknd - call out my name,The Weeknd,Call Out My Name,2,7.61245,2025-10-17 11:28:00,2026-06-18 12:03:00,0,Not in any playlist,False
the weeknd - coming down,The Weeknd,Coming Down,2,0.06191666666666666,2026-01-12 18:37:00,2026-03-13 05:58:00,0,Not in any playlist,False
the weeknd - dawn fm,The Weeknd,Dawn FM,1,1.604,2026-05-23 08:30:00,2026-05-23 08:30:00,0,Not in any playlist,False
the weeknd - die for you,The Weeknd,Die For You,8,34.64483333333334,2025-09-30 16:49:00,2026-06-18 09:22:00,2,"Feelings, ❤️😍",False
the weeknd - die for you (with ariana grande) - remix,The Weeknd,Die For You (with Ariana Grande) - Remix,4,8.393983333333333,2026-02-02 18:01:00,2026-05-29 06:33:00,0,Not in any playlist,False
the weeknd - house of balloons / glass table girls,The Weeknd,House Of Balloons / Glass Table Girls,1,0.03191666666666667,2026-03-13 05:58:00,2026-03-13 05:58:00,0,Not in any playlist,False
the weeknd - i was never there,The Weeknd,I Was Never There,5,12.851833333333333,2025-10-09 13:42:00,2026-05-28 07:59:00,1,Sensual,True
the weeknd - is there someone else?,The Weeknd,Is There Someone Else?,1,3.3185166666666666,2025-12-05 09:50:00,2025-12-05 09:50:00,0,Not in any playlist,False
the weeknd - often,The Weeknd,Often,1,0.051866666666666665,2026-03-13 05:57:00,2026-03-13 05:57:00,0,Not in any playlist,False
"the weeknd - one of the girls (with jennie, lily rose depp)",The Weeknd,"One Of The Girls (with JENNIE, Lily Rose Depp)",45,140.7948,2025-07-09 21:13:00,2026-06-18 11:26:00,4,"1 A.M, Life, R&B, ❤️😍",False
the weeknd - party monster,The Weeknd,Party Monster,1,0.022116666666666666,2026-03-27 07:18:00,2026-03-27 07:18:00,0,Not in any playlist,False
the weeknd - popular (with playboi carti & madonna) - from the idol vol. 1 (music from the hbo original series),The Weeknd,Popular (with Playboi Carti & Madonna) - From The Idol Vol. 1 (Music from the HBO Original Series),7,17.96405,2025-09-08 19:21:00,2026-01-06 15:14:00,1,1 A.M,False
the weeknd - save your tears (remix) (with ariana grande) - bonus track,The Weeknd,Save Your Tears (Remix) (with Ariana Grande) - Bonus Track,4,6.819533333333333,2026-02-02 18:05:00,2026-05-29 06:22:00,0,Not in any playlist,False
the weeknd - save your tears (with ariana grande) (remix),The Weeknd,Save Your Tears (with Ariana Grande) (Remix),3,6.703983333333333,2026-02-02 18:38:00,2026-03-07 08:19:00,0,Not in any playlist,False
the weeknd - starry eyes,The Weeknd,Starry Eyes,1,2.466666666666667,2026-05-23 08:24:00,2026-05-23 08:24:00,0,Not in any playlist,False
the weeknd - são paulo (feat. anitta),The Weeknd,São Paulo (feat. Anitta),1,0.056966666666666665,2026-05-23 08:15:00,2026-05-23 08:15:00,0,Not in any playlist,False
the weeknd - the hills,The Weeknd,The Hills,3,4.233883333333334,2025-08-17 06:16:00,2025-10-17 17:36:00,1,1 A.M,False
the weeknd - the party & the after party,The Weeknd,The Party & The After Party,1,0.026433333333333333,2026-03-13 05:58:00,2026-03-13 05:58:00,0,Not in any playlist,False
the weeknd - wicked games,The Weeknd,Wicked Games,1,0.03501666666666667,2026-03-13 05:58:00,2026-03-13 05:58:00,0,Not in any playlist,False
thee sacred souls - can i call you rose?,Thee Sacred Souls,Can I Call You Rose?,1,0.10463333333333333,2026-03-27 07:18:00,2026-03-27 07:18:00,0,Not in any playlist,False
thomas larosa - dangerous,Thomas LaRosa,Dangerous,1,0.5320166666666667,2026-05-03 17:54:00,2026-05-03 17:54:00,0,Not in any playlist,False
thủy - 111,thủy,111,11,31.977866666666667,2025-08-18 10:14:00,2026-05-23 12:59:00,1,R&B,False
thủy - chances,thủy,chances,4,11.154183333333332,2025-09-30 16:52:00,2025-12-05 06:26:00,1,Feelings,False
thủy - figured u out,thủy,figured u out,1,3.2,2025-09-30 17:36:00,2025-09-30 17:36:00,0,Not in any playlist,False
thủy - girls like me don't cry,thủy,girls like me don't cry,1,3.5606833333333334,2025-09-30 17:15:00,2025-09-30 17:15:00,0,Not in any playlist,False
thủy - i got it,thủy,i got it,1,3.0736833333333333,2025-09-30 17:52:00,2025-09-30 17:52:00,0,Not in any playlist,False
thủy - playing tricks,thủy,playing tricks,23,58.80628333333333,2025-07-08 10:04:00,2026-05-15 20:31:00,2,"Feelings, R&B",False
thủy - trippin',thủy,trippin',2,4.8,2025-10-01 08:07:00,2025-11-18 09:48:00,1,Feelings,False
thủy - universe,thủy,universe,23,65.57508333333334,2025-07-08 10:03:00,2026-05-27 07:47:00,2,"Feelings, R&B",False
tid - nyota yako,TID,Nyota Yako,4,14.683783333333333,2026-01-18 15:54:00,2026-04-01 15:51:00,1,OG😝,False
timbaland - apologize,Timbaland,Apologize,1,0.05421666666666667,2026-01-06 15:22:00,2026-01-06 15:22:00,0,Not in any playlist,False
tinashe - 2 on (feat. schoolboy q),Tinashe,2 On (feat. ScHoolboy Q),8,26.539716666666667,2025-08-01 07:30:00,2026-06-19 18:08:00,0,Not in any playlist,False
tinashe - like i used to,Tinashe,Like I Used To,21,42.290350000000004,2025-07-09 21:39:00,2026-05-23 12:53:00,1,R&B,False
tinashe - nasty,Tinashe,Nasty,1,2.9338,2026-03-02 12:43:00,2026-03-02 12:43:00,1,Dance away,False
tinashe - needs,Tinashe,Needs,1,2.4465333333333334,2025-12-05 07:04:00,2025-12-05 07:04:00,0,Not in any playlist,False
tink - can we talk?,Tink,Can We Talk?,1,0.062233333333333335,2025-07-09 21:49:00,2025-07-09 21:49:00,0,Not in any playlist,False
tjswxgg - guess sexy's back,Tjswxgg,Guess Sexy's Back,1,0.09161666666666667,2026-04-23 20:13:00,2026-04-23 20:13:00,0,Not in any playlist,False
tobii - bad girls like you,Tobii,Bad Girls Like You,23,68.61528333333334,2025-06-30 20:29:00,2026-05-15 07:02:00,4,"Dance away, Kpop, Life, Sensual",True
tobii - banana,Tobii,Banana,1,0.52245,2026-03-13 05:36:00,2026-03-13 05:36:00,0,Not in any playlist,False
tobii - hotel lobby,Tobii,Hotel Lobby,19,52.42243333333333,2025-07-07 20:46:00,2026-04-15 18:54:00,2,"1 A.M, Life",True
tommee profitt - forbidden fruit,Tommee Profitt,Forbidden Fruit,2,3.7503,2025-09-08 19:21:00,2025-10-17 18:33:00,1,1 A.M,False
tommy richman - devil is a lie,Tommy Richman,DEVIL IS A LIE,7,15.276833333333332,2025-06-29 19:26:00,2026-05-05 17:34:00,1,Dance away,True
tommy richman - million dollar baby,Tommy Richman,MILLION DOLLAR BABY,8,13.318083333333332,2025-06-29 19:48:00,2026-05-10 15:06:00,1,Dance away,True
tomorrow x together - 0x1=lovesong (i know i love you) feat. seori,TOMORROW X TOGETHER,0X1=LOVESONG (I Know I Love You) feat. Seori,3,10.1102,2025-10-05 12:29:00,2026-04-17 14:53:00,1,Kpop,False
tomorrow x together - anti-romantic,TOMORROW X TOGETHER,Anti-Romantic,3,7.672983333333333,2025-09-29 17:41:00,2025-11-23 12:17:00,2,"Kpop, Kpop -hits",False
tomorrow x together - blue hour,TOMORROW X TOGETHER,Blue Hour,1,3.4850833333333333,2025-10-08 12:53:00,2025-10-08 12:53:00,0,Not in any playlist,False
tomorrow x together - chasing that feeling,TOMORROW X TOGETHER,Chasing That Feeling,1,3.0445,2025-10-05 12:23:00,2025-10-05 12:23:00,1,Kpop,False
tomorrow x together - deja vu,TOMORROW X TOGETHER,Deja Vu,4,11.428533333333334,2025-10-05 13:05:00,2026-04-17 15:02:00,1,Kpop,False
tomorrow x together - devil by the window,TOMORROW X TOGETHER,Devil by the Window,2,6.215716666666667,2025-10-05 12:56:00,2026-04-17 15:31:00,1,Kpop,False
tomorrow x together - good boy gone bad,TOMORROW X TOGETHER,Good Boy Gone Bad,3,6.465933333333333,2025-10-05 12:26:00,2026-06-16 12:48:00,1,Kpop,False
tomorrow x together - lo$er=lo♡er,TOMORROW X TOGETHER,LO$ER=LO♡ER,2,6.63635,2025-10-05 12:08:00,2026-04-17 15:40:00,1,Kpop,False
tomorrow x together - magic,TOMORROW X TOGETHER,Magic,3,7.981333333333334,2025-10-05 12:32:00,2026-04-17 15:45:00,1,Kpop,False
tomorrow x together - sugar rush ride,TOMORROW X TOGETHER,Sugar Rush Ride,4,9.43935,2025-10-05 10:28:00,2026-04-17 15:56:00,2,"Kpop, Kpop -hits",False
tomorrow x together - the killa (i belong to you),TOMORROW X TOGETHER,The Killa (I Belong to You),4,10.842816666666668,2025-10-05 12:20:00,2026-04-17 15:05:00,1,Kpop,False
tomorrow x together - tinnitus (wanna be a rock),TOMORROW X TOGETHER,Tinnitus (Wanna be a rock),9,14.766000000000002,2025-06-26 05:22:00,2026-03-23 05:57:00,2,"Kpop, Kpop -hits",True
tomorrow x together - trust fund baby,TOMORROW X TOGETHER,Trust Fund Baby,2,5.212149999999999,2025-10-05 13:24:00,2026-02-09 19:16:00,1,Kpop,False
toni braxton - he wasn't man enough,Toni Braxton,He Wasn't Man Enough,1,0.04935,2026-01-06 15:21:00,2026-01-06 15:21:00,0,Not in any playlist,False
tony treez - nasema nawe,Tony Treez,Nasema Nawe,2,0.8234999999999999,2026-03-18 07:10:00,2026-03-22 15:53:00,0,Not in any playlist,False
tory lanez - in for it,Tory Lanez,In For It,4,9.373,2025-09-08 19:21:00,2026-04-23 20:28:00,1,1 A.M,False
tory lanez - say it,Tory Lanez,Say It,11,38.7534,2025-08-06 20:02:00,2026-06-16 07:41:00,1,Sensual,True
tory lanez - the color violet,Tory Lanez,The Color Violet,3,1.8619333333333334,2026-01-12 18:37:00,2026-04-19 18:21:00,0,Not in any playlist,False
tory lanez - the take (feat. chris brown),Tory Lanez,The Take (feat. Chris Brown),6,10.282266666666667,2025-12-05 08:09:00,2026-04-19 18:09:00,2,"1 A.M, Sensual",True
tot plus taarab - top in town,Tot Plus Taarab,Top in Town,1,0.0123,2025-08-28 09:22:00,2025-08-28 09:22:00,0,Not in any playlist,False
travis porter - ayy ladies (feat. tyga),Travis Porter,Ayy Ladies (feat. Tyga),2,0.6173833333333334,2026-04-23 19:52:00,2026-04-23 20:00:00,0,Not in any playlist,False
treasure - darari,TREASURE,DARARI,1,3.6786,2025-10-08 12:37:00,2025-10-08 12:37:00,1,Kpop,False
treasure - jikjin,,,0,0.0,,,1,Kpop,False
trey songz - bottoms up (feat. nicki minaj),Trey Songz,Bottoms Up (feat. Nicki Minaj),1,0.0576,2026-04-23 20:01:00,2026-04-23 20:01:00,0,Not in any playlist,False
trey songz - na na,Trey Songz,Na Na,1,3.8651166666666668,2026-06-16 11:56:00,2026-06-16 11:56:00,0,Not in any playlist,False
trey songz - slow motion,Trey Songz,Slow Motion,1,0.04165,2026-03-13 05:54:00,2026-03-13 05:54:00,0,Not in any playlist,False
trim - boat,Trim,BOAT,1,3.462066666666667,2026-06-16 11:26:00,2026-06-16 11:26:00,0,Not in any playlist,False
trinidad cardona - love me back (fayahh beat),Trinidad Cardona,Love Me Back (Fayahh Beat),3,6.437266666666667,2026-03-23 06:00:00,2026-04-15 19:31:00,2,"Dance away, Sensual",True
troye sivan - angel baby,Troye Sivan,Angel Baby,4,11.038983333333334,2025-10-04 11:07:00,2026-06-16 07:53:00,1,KIARA,True
troye sivan - dance to this (feat. ariana grande),Troye Sivan,Dance To This (feat. Ariana Grande),2,3.9702333333333337,2026-02-02 18:15:00,2026-05-02 07:21:00,0,Not in any playlist,False
troye sivan - strawberries & cigarettes,Troye Sivan,Strawberries & Cigarettes,2,6.71795,2025-11-25 08:44:00,2026-06-02 08:06:00,0,Not in any playlist,True
"twice - takedown (jeongyeon, jihyo, chaeyoung)",TWICE,"TAKEDOWN (JEONGYEON, JIHYO, CHAEYOUNG)",1,3.0198666666666667,2025-08-09 04:53:00,2025-08-09 04:53:00,0,Not in any playlist,False
twice - what is love?,TWICE,What is Love?,1,3.470666666666667,2026-06-18 08:33:00,2026-06-18 08:33:00,0,Not in any playlist,False
ty dolla $ign - all in,Ty Dolla $ign,ALL IN,1,0.08353333333333333,2025-07-09 21:48:00,2025-07-09 21:48:00,0,Not in any playlist,False
"ty dolla $ign - or nah (feat. the weeknd, wiz khalifa & dj mustard) - remix",Ty Dolla $ign,"Or Nah (feat. The Weeknd, Wiz Khalifa & DJ Mustard) - Remix",2,4.230566666666667,2026-04-23 19:52:00,2026-06-16 12:05:00,0,Not in any playlist,False
tyla - art,Tyla,ART,1,0.0,2025-09-30 17:49:00,2025-09-30 17:49:00,0,Not in any playlist,False
tyla - bliss,Tyla,BLISS,1,0.12015,2025-07-09 21:49:00,2025-07-09 21:49:00,0,Not in any playlist,False
tyla - chanel,Tyla,CHANEL,1,0.24608333333333332,2026-01-12 18:08:00,2026-01-12 18:08:00,0,Not in any playlist,False
tyla - dynamite,Tyla,DYNAMITE,5,13.582116666666668,2025-09-29 06:49:00,2026-03-28 08:26:00,1,Life,False
tyla - is it,Tyla,IS IT,4,8.710583333333332,2025-07-22 20:43:00,2026-05-26 08:01:00,0,Not in any playlist,False
tyla - jump,,,0,0.0,,,1,Dance away,False
tyla - mr. media,Tyla,MR. MEDIA,7,21.197533333333332,2025-09-29 06:47:00,2026-05-15 06:38:00,2,"Dance away, Life",False
tyla - push 2 start,Tyla,PUSH 2 START,25,45.088433333333334,2025-07-21 06:46:00,2026-04-01 10:00:00,2,"Dance away, Life",True
tyla - truth or dare,Tyla,Truth or Dare,5,13.026316666666666,2025-06-29 19:33:00,2025-10-02 19:19:00,1,Dance away,False
tyler lewis - traces,TYLER LEWIS,traces,1,0.07046666666666666,2025-07-09 21:51:00,2025-07-09 21:51:00,0,Not in any playlist,False
"tyler, the creator - earfquake","Tyler, The Creator",EARFQUAKE,1,0.0401,2026-04-23 20:01:00,2026-04-23 20:01:00,0,Not in any playlist,False
tysm - normal no more,TYSM,Normal No More,20,45.3849,2025-07-09 21:29:00,2026-05-15 18:20:00,1,R&B,False
umi - butterfly,UMI,Butterfly,1,0.21165,2025-07-09 21:39:00,2025-07-09 21:39:00,0,Not in any playlist,False
unknown artist - unknown track,Unknown Artist,Unknown Track,3,0.07843333333333333,2026-05-18 13:14:00,2026-05-18 13:15:00,0,Not in any playlist,False
urmine - i’ve found the love,URMINE,i’ve found the love,1,0.08,2025-08-17 06:14:00,2025-08-17 06:14:00,0,Not in any playlist,False
usher - burn,USHER,Burn,1,0.027683333333333334,2026-03-13 05:53:00,2026-03-13 05:53:00,0,Not in any playlist,False
usher - good good,USHER,Good Good,1,4.118333333333333,2025-12-05 06:44:00,2025-12-05 06:44:00,0,Not in any playlist,False
usher - hey daddy (daddy's home),USHER,Hey Daddy (Daddy's Home),3,11.204666666666666,2025-06-28 20:12:00,2026-05-15 21:53:00,1,Dance away,False
usher - hey daddy (daddy's home) (feat. plies),USHER,Hey Daddy (Daddy's Home) (feat. Plies),9,25.73186666666667,2025-06-25 19:55:00,2026-03-27 07:15:00,0,Not in any playlist,True
usher - kissing strangers,USHER,Kissing Strangers,5,15.68385,2025-12-05 07:01:00,2026-05-15 19:12:00,1,R&B,False
usher - love in this club (feat. young jeezy),USHER,Love in This Club (feat. Young Jeezy),1,0.030916666666666665,2026-03-13 05:52:00,2026-03-13 05:52:00,0,Not in any playlist,False
usher - there goes my baby,USHER,There Goes My Baby,1,0.20171666666666666,2026-03-13 05:52:00,2026-03-13 05:52:00,0,Not in any playlist,False
usher - u got it bad,USHER,U Got It Bad,1,0.025683333333333332,2026-03-13 05:55:00,2026-03-13 05:55:00,0,Not in any playlist,False
usher - u remind me,USHER,U Remind Me,1,0.036366666666666665,2026-03-13 05:54:00,2026-03-13 05:54:00,0,Not in any playlist,False
v - christmas tree,V,Christmas Tree,3,6.998200000000001,2025-09-29 17:26:00,2026-04-17 15:18:00,2,"Kpop, Kpop -hits",False
vanessa mdee - bambino (feat. reekado banks),Vanessa Mdee,Bambino (feat. Reekado Banks),1,0.06445,2026-03-16 06:40:00,2026-03-16 06:40:00,0,Not in any playlist,False
vanna rainelle - yad,Vanna Rainelle,YAD,4,7.652183333333333,2025-10-13 08:26:00,2026-05-03 18:29:00,0,Not in any playlist,False
vedo - you got it,Vedo,You Got It,12,34.019283333333334,2025-10-13 07:02:00,2026-06-19 17:58:00,2,"R&B, Sensual",True
vib3 - remedy,Vib3,Remedy,1,3.30455,2026-01-08 18:28:00,2026-01-08 18:28:00,0,Not in any playlist,True
vice monröe - i'm so high,VICE MONRÖE,I'm so high,1,0.053533333333333336,2026-01-12 18:34:00,2026-01-12 18:34:00,0,Not in any playlist,False
vickie winans - long as i got king jesus,Vickie Winans,Long As I Got King Jesus,3,0.4060666666666667,2025-11-28 11:29:00,2026-03-11 10:58:00,0,Not in any playlist,False
victoria monét - smoke (feat. lucky daye),Victoria Monét,Smoke (feat. Lucky Daye),1,3.1026333333333334,2025-12-05 07:47:00,2025-12-05 07:47:00,0,Not in any playlist,False
viviz - maniac,,,0,0.0,,,1,Kpop,False
vxlentine! - tiralo,VXLENTiNE!,TIRALO,1,0.021433333333333332,2026-04-23 20:13:00,2026-04-23 20:13:00,0,Not in any playlist,False
w. ave - breathe,W. AVE,Breathe,5,17.854483333333334,2026-04-23 20:14:00,2026-06-15 13:13:00,1,"Volume up ,logic down",False
waka flocka flame - no hands (feat. roscoe dash & wale),Waka Flocka Flame,No Hands (feat. Roscoe Dash & Wale),7,22.438266666666667,2026-04-23 19:53:00,2026-06-20 09:17:00,1,"Volume up ,logic down",True
wale - bad (feat. rihanna) - remix,Wale,Bad (feat. Rihanna) - Remix,23,72.46823333333333,2025-11-18 10:49:00,2026-06-19 18:32:00,3,"Feelings, R&B, Sensual",True
wayv - love talk - english version,WayV,Love Talk - English Version,2,3.7398833333333332,2026-02-13 19:49:00,2026-03-02 16:00:00,1,Kpop,False
wayv-ten&yangyang - low low,WayV-TEN&YANGYANG,Low Low,2,5.830883333333333,2026-02-09 18:58:00,2026-03-02 15:35:00,1,Kpop,False
we are nubia - dnd,We are Nubia,Dnd,9,32.3654,2025-08-12 08:46:00,2026-06-14 17:06:00,1,Kenyan tunes,False
wesleyfranklin - speechless,WESLEYFRANKLIN,SPEECHLESS,1,0.036833333333333336,2025-07-09 21:50:00,2025-07-09 21:50:00,0,Not in any playlist,False
weusi - penzi la bando (feat. khadija kopa),Weusi,Penzi La Bando (feat. Khadija Kopa),1,0.039233333333333335,2025-08-28 09:21:00,2025-08-28 09:21:00,0,Not in any playlist,False
whozu - attention,Whozu,Attention,1,0.024433333333333335,2025-08-28 08:15:00,2025-08-28 08:15:00,0,Not in any playlist,False
william mcdowell - withholding nothing,William McDowell,Withholding Nothing,1,0.4762166666666667,2025-11-20 07:18:00,2025-11-20 07:18:00,0,Not in any playlist,False
willy paul - jigi jigi,Willy Paul,Jigi Jigi,1,0.03596666666666667,2026-03-16 06:43:00,2026-03-16 06:43:00,0,Not in any playlist,False
willy paul - mmmh (feat. rayvanny),Willy Paul,Mmmh (feat. Rayvanny),2,0.10005,2025-08-28 07:44:00,2026-03-16 06:33:00,0,Not in any playlist,False
willy paul - njiwa,Willy Paul,Njiwa,18,70.37566666666667,2025-08-28 09:41:00,2026-06-08 09:28:00,1,OG😝,False
willy paul - toto,Willy Paul,Toto,1,0.0311,2026-03-16 06:37:00,2026-03-16 06:37:00,0,Not in any playlist,False
winehouse - cool kids,WINEHOUSE,Cool Kids,1,0.7979833333333334,2025-11-19 18:54:00,2025-11-19 18:54:00,0,Not in any playlist,False
wiz khalifa - burn slow (feat. rae sremmurd),Wiz Khalifa,Burn Slow (feat. Rae Sremmurd),1,0.038933333333333334,2026-04-23 20:19:00,2026-04-23 20:19:00,0,Not in any playlist,False
wizkid - essence (feat. justin bieber & tems),Wizkid,Essence (feat. Justin Bieber & Tems),1,0.31025,2026-03-18 07:12:00,2026-03-18 07:12:00,0,Not in any playlist,False
wizkid - essence (feat. tems),Wizkid,Essence (feat. Tems),1,3.43295,2026-04-23 20:32:00,2026-04-23 20:32:00,0,Not in any playlist,False
wizkid - slow (feat. anaïs cardot),Wizkid,Slow (feat. Anaïs Cardot),1,0.14283333333333334,2025-07-09 21:51:00,2025-07-09 21:51:00,0,Not in any playlist,False
wizthemc - show me love,WizTheMc,Show Me Love,4,11.797666666666666,2025-08-12 07:17:00,2026-05-31 06:41:00,1,Dance away,True
wizthemc - show me love (with tyla),WizTheMc,Show Me Love (with Tyla),2,5.8985666666666665,2025-08-07 19:38:00,2025-08-29 19:42:00,0,Not in any playlist,False
x.o - breathe,X.O,Breathe,1,0.14351666666666665,2026-01-19 15:21:00,2026-01-19 15:21:00,0,Not in any playlist,False
x.o - deja,X.O,Deja,1,0.0207,2026-01-19 15:21:00,2026-01-19 15:21:00,0,Not in any playlist,False
x.o - m.o.t.o,X.O,M.O.T.O,13,33.400866666666666,2025-10-24 07:35:00,2026-06-09 20:38:00,3,"Kenyan tunes, R&B, Sensual",True
x.o - madam,X.O,Madam,5,10.821083333333334,2026-01-19 15:20:00,2026-05-25 10:36:00,1,Kenyan tunes,False
x.o - mammi,X.O,Mammi,2,0.2638666666666667,2025-07-09 21:45:00,2026-01-19 15:20:00,0,Not in any playlist,False
x.o - pure hate,X.O,PURE HATE,1,0.0556,2026-01-19 15:20:00,2026-01-19 15:20:00,0,Not in any playlist,False
xenoflora - chronoscape,Xenoflora,Chronoscape,1,1.9786166666666667,2025-06-25 20:12:00,2025-06-25 20:12:00,0,Not in any playlist,False
ya levis - mbangu te,Ya Levis,Mbangu te,4,7.5197,2025-11-20 07:43:00,2026-01-05 07:33:00,1,Sensual,True
yaeow - favorite lesson,yaeow,favorite lesson,1,3.4181833333333334,2026-05-31 18:41:00,2026-05-31 18:41:00,1,KIARA,False
yammi - nitadumu nae,Yammi,Nitadumu Nae,2,0.0575,2025-08-28 08:16:00,2025-08-28 08:17:00,0,Not in any playlist,False
yamoto band - basi,Yamoto Band,Basi,2,0.21918333333333334,2026-01-19 15:06:00,2026-03-16 06:35:00,0,Not in any playlist,False
yamoto band - cheza kwa madoido,Yamoto Band,Cheza Kwa Madoido,2,0.27408333333333335,2025-08-28 07:10:00,2026-03-16 06:34:00,0,Not in any playlist,False
yamoto band - mama,Yamoto Band,Mama,2,1.10565,2025-11-20 08:33:00,2026-03-16 06:35:00,0,Not in any playlist,False
yamoto band - su,Yamoto Band,Su,6,16.54596666666667,2025-11-25 14:02:00,2026-03-30 17:45:00,1,OG😝,False
yemi alade - johnny,Yemi Alade,Johnny,1,3.93355,2025-12-19 18:10:00,2025-12-19 18:10:00,0,Not in any playlist,False
young money - bedrock,Young Money,BedRock,1,0.023266666666666668,2026-03-13 05:56:00,2026-03-13 05:56:00,0,Not in any playlist,False
yuji - old love,yuji,Old Love,4,12.661833333333334,2025-11-18 09:25:00,2026-06-16 10:23:00,1,Feelings,True
yung filly - grey,Yung Filly,Grey,6,11.231183333333334,2025-08-12 06:56:00,2026-06-16 09:36:00,1,Dance away,True
yung miami - spend dat,Yung Miami,Spend Dat,4,10.512183333333333,2026-06-15 13:15:00,2026-06-20 09:14:00,1,"Volume up ,logic down",True
ywaya tajiri - chai ya saa kumi,Ywaya Tajiri,Chai ya saa kumi,10,35.652833333333334,2026-05-13 05:49:00,2026-06-11 20:55:00,1,Kenyan tunes,True
zack knight - ⁠sunrise,Zack Knight,⁠Sunrise,6,14.2811,2025-08-16 08:08:00,2025-12-27 07:22:00,1,Life,False
zaituni - ananipenda,Zaituni,Ananipenda,1,0.06896666666666666,2025-07-09 21:44:00,2025-07-09 21:44:00,0,Not in any playlist,False
zaituni - tamu,Zaituni,Tamu,10,27.3536,2025-07-29 20:28:00,2026-06-09 08:34:00,1,Kenyan tunes,False
zandros - need to know,zandros,need to know,9,15.914666666666667,2025-07-07 21:05:00,2026-06-16 09:10:00,1,Sensual,True
zandros - obsessed,zandros,obsessed,2,3.0022333333333333,2025-09-08 19:21:00,2025-10-17 18:08:00,1,1 A.M,False
zandros - raw,zandros,raw,1,0.037866666666666667,2026-02-28 07:24:00,2026-02-28 07:24:00,0,Not in any playlist,False
zara larsson - lush life,Zara Larsson,Lush Life,1,1.8382166666666666,2026-02-15 06:54:00,2026-02-15 06:54:00,1,Dance away,False
zara larsson - midnight sun,Zara Larsson,Midnight Sun,1,1.5680166666666666,2026-04-17 14:01:00,2026-04-17 14:01:00,1,Life,False
zayn - dusk till dawn (feat. sia) - radio edit,ZAYN,Dusk Till Dawn (feat. Sia) - Radio Edit,1,1.4553833333333333,2026-01-26 11:34:00,2026-01-26 11:34:00,0,Not in any playlist,False
zayn - pillowtalk,ZAYN,PILLOWTALK,15,44.750483333333335,2025-08-18 09:57:00,2026-06-16 20:00:00,3,"1 A.M, Life, R&B",False
zedd - the middle,Zedd,The Middle,3,4.474566666666667,2026-01-26 11:25:00,2026-06-16 09:33:00,0,Not in any playlist,True
zeddy will - cant go broke - remix,ZEDDY WILL,Cant Go Broke - Remix,1,0.10545,2026-04-23 20:15:00,2026-04-23 20:15:00,0,Not in any playlist,False
zeina - times two,Zeina,Times Two,8,11.311716666666667,2025-06-25 19:51:00,2026-06-16 09:30:00,0,Not in any playlist,True
zico - spot!,ZICO,SPOT!,8,19.8839,2025-10-08 12:13:00,2026-06-18 08:04:00,1,Kpop,False
zoe clark - not to be dramatic,Zoe Clark,Not to be Dramatic,19,45.6627,2025-08-08 14:33:00,2026-06-18 11:11:00,3,"Dance away, Life, ❤️😍",True
zuchu - amanda,Zuchu,Amanda,2,0.060200000000000004,2025-08-28 08:12:00,2025-12-05 17:31:00,0,Not in any playlist,False
zuchu - antenna,Zuchu,Antenna,1,0.04446666666666667,2025-08-28 08:13:00,2025-08-28 08:13:00,0,Not in any playlist,False
zuchu - ashua (feat. mbosso),Zuchu,Ashua (feat. Mbosso),2,0.1622,2025-08-28 08:13:00,2026-03-16 06:35:00,0,Not in any playlist,False
zuchu - cheche (feat. diamond platnumz),Zuchu,Cheche (feat. Diamond Platnumz),20,51.00875,2025-08-28 08:15:00,2026-06-19 12:05:00,1,OG😝,False
zuchu - fire,Zuchu,Fire,3,0.4326333333333333,2025-08-28 08:14:00,2026-06-09 07:49:00,0,Not in any playlist,False
zuchu - honey,Zuchu,Honey,2,0.34225,2025-08-28 08:13:00,2025-11-28 11:24:00,0,Not in any playlist,False
zuchu - hujanizidi (feat. d voice),Zuchu,Hujanizidi (feat. D Voice),1,0.024283333333333334,2025-08-28 08:14:00,2025-08-28 08:14:00,0,Not in any playlist,False
zuchu - jaro,Zuchu,Jaro,1,0.02765,2025-08-28 08:15:00,2025-08-28 08:15:00,0,Not in any playlist,False
zuchu - kwaru,Zuchu,Kwaru,1,0.024066666666666667,2025-08-28 08:14:00,2025-08-28 08:14:00,0,Not in any playlist,False
zuchu - kwikwi,Zuchu,Kwikwi,1,0.05553333333333333,2025-08-28 08:13:00,2025-08-28 08:13:00,0,Not in any playlist,False
zuchu - litawachoma (feat. diamond platnumz),Zuchu,Litawachoma (feat. Diamond Platnumz),18,42.40038333333334,2025-08-28 08:13:00,2026-05-23 11:27:00,1,OG😝,False
zuchu - lollipop (feat. yemi alade),Zuchu,Lollipop (feat. Yemi Alade),1,0.08641666666666667,2026-03-16 06:50:00,2026-03-16 06:50:00,0,Not in any playlist,False
zuchu - love (feat. adekunle gold),Zuchu,Love (feat. Adekunle Gold),1,0.0253,2025-08-28 08:14:00,2025-08-28 08:14:00,0,Not in any playlist,False
zuchu - makonzi,Zuchu,Makonzi,1,0.021633333333333334,2025-08-28 08:14:00,2025-08-28 08:14:00,0,Not in any playlist,False
zuchu - mauzauza (feat. khadija kopa),Zuchu,Mauzauza (feat. Khadija Kopa),21,61.90571666666667,2025-08-28 08:12:00,2026-06-09 07:08:00,1,OG😝,False
zuchu - mwambieni,Zuchu,Mwambieni,1,0.049666666666666665,2025-08-28 08:14:00,2025-08-28 08:14:00,0,Not in any playlist,False
zuchu - mwizi,Zuchu,Mwizi,1,0.021683333333333332,2025-08-28 08:13:00,2025-08-28 08:13:00,0,Not in any playlist,False
zuchu - nani,Zuchu,Nani,1,0.04995,2025-08-28 08:15:00,2025-08-28 08:15:00,0,Not in any playlist,False
zuchu - nani remix (feat. innoss' b),Zuchu,Nani Remix (feat. Innoss' B),1,0.01695,2025-08-28 08:15:00,2025-08-28 08:15:00,0,Not in any playlist,False
zuchu - naringa,Zuchu,Naringa,1,0.038816666666666666,2025-08-28 08:13:00,2025-08-28 08:13:00,0,Not in any playlist,False
zuchu - nisamehe,Zuchu,Nisamehe,2,0.0817,2025-08-28 07:45:00,2025-08-28 08:14:00,0,Not in any playlist,False
zuchu - nobody (feat. joeboy),Zuchu,Nobody (feat. Joeboy),15,35.95238333333333,2025-08-28 08:15:00,2026-05-23 11:23:00,1,OG😝,False
zuchu - nyumba ndogo,Zuchu,Nyumba Ndogo,2,0.12381666666666666,2025-08-28 08:15:00,2026-03-16 06:43:00,0,Not in any playlist,False
zuchu - pwita,Zuchu,Pwita,1,0.022916666666666665,2025-08-28 08:12:00,2025-08-28 08:12:00,0,Not in any playlist,False
zuchu - raha,Zuchu,Raha,10,26.63671666666667,2025-08-28 08:13:00,2026-05-23 11:20:00,1,OG😝,False
zuchu - shika,Zuchu,Shika,1,0.020866666666666665,2025-08-28 08:15:00,2025-08-28 08:15:00,0,Not in any playlist,False
zuchu - siji (feat. toss),Zuchu,Siji (feat. Toss),1,0.032233333333333336,2025-08-28 08:13:00,2025-08-28 08:13:00,0,Not in any playlist,False
zuchu - sukari,Zuchu,Sukari,1,0.018433333333333333,2025-08-28 08:14:00,2025-08-28 08:14:00,0,Not in any playlist,False
zuchu - till i die (feat. spyro),Zuchu,Till I Die (feat. Spyro),1,0.0168,2025-08-28 08:14:00,2025-08-28 08:14:00,0,Not in any playlist,False
zuchu - two,Zuchu,Two,1,0.026916666666666665,2025-08-28 08:15:00,2025-08-28 08:15:00,0,Not in any playlist,False
zuchu - utaniua,Zuchu,Utaniua,1,0.0605,2025-08-28 08:12:00,2025-08-28 08:12:00,0,Not in any playlist,False
zuchu - wale wale (feat. diamond platnumz),Zuchu,Wale Wale (feat. Diamond Platnumz),1,0.03685,2025-08-28 08:13:00,2025-08-28 08:13:00,0,Not in any playlist,False
zuchu - wana,Zuchu,Wana,26,63.141650000000006,2025-08-28 08:13:00,2026-06-16 09:21:00,1,OG😝,True
zuchu - zawadi (feat. dadiposlim),Zuchu,Zawadi (feat. Dadiposlim),1,0.06975,2025-08-28 08:12:00,2025-08-28 08:12:00,0,Not in any playlist,False
рома рид - milashka,Рома Рид,MILASHKA,1,1.6399833333333333,2025-10-24 04:40:00,2025-10-24 04:40:00,0,Not in any playlist,False
татьяна куртукова - матушка,Татьяна Куртукова,Матушка,1,0.25035,2026-01-30 08:22:00,2026-01-30 08:22:00,0,Not in any playlist,False
фрози - islands (kompa pasión),фрози,Islands (kompa pasión),2,4.2165,2025-06-29 19:38:00,2026-03-02 12:50:00,1,Dance away,False
ជុំ លីណូ - ស្រលាញ់បានទេ?,ជុំ លីណូ,ស្រលាញ់បានទេ?,6,3.1971,2025-10-24 07:36:00,2026-04-15 19:27:00,0,Not in any playlist,True
千葉雄喜 - アニョハセヨ - 4sho remix,千葉雄喜,アニョハセヨ - 4SHO Remix,4,9.697966666666666,2026-05-13 05:49:00,2026-06-16 10:06:00,0,Not in any playlist,True
晴弥 - screenshots,晴弥,Screenshots,1,2.4882666666666666,2025-07-02 15:51:00,2025-07-02 15:51:00,1,KIARA,False
